time,heal_pos0,heal_pos1,heal_pos2,heal_pos3,heal_pos4,heal_pos5,heal_pos6,heal_vel0,heal_vel1,heal_vel2,heal_vel3,heal_vel4,heal_vel5,heal_vel6,heal_effort0,heal_effort1,heal_effort2,heal_effort3,heal_effort4,heal_effort5,heal_effort6,fr3_pos0,fr3_pos1,fr3_pos2,fr3_pos3,fr3_pos4,fr3_pos5,fr3_pos6,fr3_vel0,fr3_vel1,fr3_vel2,fr3_vel3,fr3_vel4,fr3_vel5,fr3_vel6,fr3_effort0,fr3_effort1,fr3_effort2,fr3_effort3,fr3_effort4,fr3_effort5,fr3_effort6
1750016681.873413,0.000108,-0.000635,0.000323,0.000383,-0.000228,-0.000323,nan,0.000000,0.000000,0.000000,0.000000,0.000000,0.000000,nan,-1.312480,-20.300600,15.212100,0.983371,0.632650,1.149180,nan,0.001303,-0.783584,-0.000934,-2.357368,-0.001702,1.573977,0.778043,-0.000347,-0.001739,0.000186,-0.000772,-0.000256,-0.000478,-0.000139,0.717212,-4.300817,-0.505265,22.417671,1.381419,2.005238,0.179491
1750016681.906411,0.000120,-0.000635,0.000335,0.000395,-0.000204,-0.000311,nan,0.000000,-0.000012,0.000000,0.000000,0.000000,0.000000,nan,-1.611940,-20.299100,15.212100,0.947437,0.559344,1.113240,nan,0.001305,-0.783580,-0.000937,-2.357368,-0.001706,1.573975,0.778049,0.000321,-0.001328,-0.000695,0.001181,-0.001486,0.000186,-0.000237,0.689442,-4.352391,-0.477494,22.417671,1.387828,2.025380,0.166673
1750016681.940332,0.000096,-0.000635,0.000335,0.000395,-0.000216,-0.000311,nan,0.000000,-0.000611,0.000000,0.000000,0.000000,0.000000,nan,-1.013030,-20.250000,14.762900,0.947437,0.596716,1.113240,nan,0.001305,-0.783578,-0.000935,-2.357365,-0.001701,1.573975,0.778040,0.000105,0.000223,-0.000259,0.000381,-0.000173,0.001135,-0.002665,0.689442,-4.376195,-0.529069,22.370064,1.375010,2.025380,0.199632
1750016681.976226,0.000108,-0.000635,0.000335,0.000395,-0.000204,-0.000323,nan,0.000000,0.000000,0.000000,0.000000,0.000000,0.000000,nan,-1.312480,-20.300600,14.762900,0.947437,0.559344,1.149180,nan,0.001303,-0.783576,-0.000936,-2.357365,-0.001702,1.573977,0.778048,-0.000834,0.001235,-0.000432,0.000976,0.000763,0.001051,0.003152,0.717212,-4.403966,-0.477494,22.370064,1.387828,2.011647,0.140123
1750016682.019763,0.000108,-0.000635,0.000347,0.000407,-0.000216,-0.000323,nan,0.000000,0.000395,0.000000,0.000000,0.000000,0.000000,nan,-1.312480,-20.348000,14.295700,0.911502,0.596716,1.149180,nan,0.001305,-0.783580,-0.000934,-2.357370,-0.001703,1.573975,0.778044,-0.000101,-0.001052,0.000742,-0.000840,-0.000418,0.000183,0.001316,0.689442,-4.352391,-0.529069,22.441475,1.387828,2.025380,0.179491
1750016682.042506,0.000108,-0.000623,0.000323,0.000383,-0.000204,-0.000311,nan,0.000000,-0.000072,0.000000,0.000000,0.000000,0.000000,nan,-1.312480,-20.883700,15.212100,0.983371,0.559344,1.113240,nan,0.001308,-0.783578,-0.000937,-2.357367,-0.001703,1.573977,0.778048,0.000728,-0.000208,-0.000735,-0.000010,-0.000374,-0.000179,0.000306,0.665638,-4.376195,-0.505265,22.393867,1.387828,2.011647,0.173082
1750016682.073942,0.000108,-0.000635,0.000335,0.000395,-0.000204,-0.000311,nan,0.000000,0.000000,0.000000,0.000000,0.000000,0.000000,nan,-1.312480,-20.300600,14.762900,0.947437,0.559344,1.113240,nan,0.001303,-0.783581,-0.000941,-2.357368,-0.001703,1.573976,0.778045,-0.001066,-0.001810,-0.001844,-0.000023,-0.000095,0.000161,-0.001897,0.717212,-4.352391,-0.453690,22.417671,1.394236,2.018056,0.186815
1750016682.107801,0.000108,-0.000611,0.000335,0.000407,-0.000216,-0.000323,nan,0.000000,0.000060,0.000000,0.000000,0.000000,0.000000,nan,-1.312480,-21.468400,14.762900,0.911502,0.596716,1.149180,nan,0.001305,-0.783578,-0.000939,-2.357365,-0.001703,1.573975,0.778041,-0.000057,-0.000724,-0.000406,0.000576,0.000951,-0.000637,-0.000636,0.689442,-4.376195,-0.477494,22.370064,1.387828,2.025380,0.193224
1750016682.141827,0.000096,-0.000623,0.000335,0.000395,-0.000204,-0.000323,nan,0.000000,-0.000647,0.000000,0.000000,0.000000,0.000000,nan,-1.013030,-20.814700,14.762900,0.911502,0.559344,1.149180,nan,0.001306,-0.783574,-0.000936,-2.357367,-0.001703,1.573973,0.778045,-0.000463,0.000981,0.000727,0.000303,0.000689,0.000163,0.000694,0.717212,-4.427770,-0.477494,22.393867,1.387828,2.011647,0.186815
1750016682.175928,0.000096,-0.000635,0.000335,0.000407,-0.000204,-0.000323,nan,0.000000,-0.000132,0.000000,0.000000,0.000000,0.000000,nan,-1.013030,-20.284800,14.762900,0.911502,0.559344,1.149180,nan,0.001305,-0.783574,-0.000936,-2.357366,-0.001701,1.573975,0.778045,0.000459,0.001394,0.000980,0.000652,0.001685,-0.000627,-0.000776,0.689442,-4.427770,-0.505265,22.393867,1.375010,2.025380,0.199632
1750016682.209790,0.000120,-0.000647,0.000335,0.000395,-0.000204,-0.000311,nan,0.000000,0.000000,0.000000,0.000000,0.000000,0.000000,nan,-1.312480,-19.754400,14.762900,0.947437,0.559344,1.113240,nan,0.001303,-0.783578,-0.000936,-2.357368,-0.001698,1.573976,0.778047,-0.000401,0.000745,-0.000252,-0.001564,0.001428,-0.000680,-0.000256,0.717212,-4.376195,-0.477494,22.417671,1.375010,2.011647,0.206956
1750016682.244201,0.000108,-0.000623,0.000323,0.000395,-0.000204,-0.000311,nan,0.000000,0.000000,0.000000,0.000000,0.000000,0.000168,nan,-1.312480,-20.892300,15.212100,0.947437,0.559344,1.111570,nan,0.001307,-0.782802,-0.000951,-2.358671,-0.001687,1.574995,0.778048,0.000152,0.025111,0.001726,-0.073969,0.000171,0.094564,0.001032,0.542652,-0.797704,-0.656022,19.430305,1.236766,2.261586,0.132799
1750016682.277976,0.000096,-0.000635,0.000335,0.000383,-0.000216,-0.000311,nan,0.000000,0.000000,0.000000,0.000000,0.000000,0.000000,nan,-1.013030,-20.323300,14.762900,0.983371,0.596716,1.111810,nan,0.001300,-0.781423,-0.001021,-2.361796,-0.001704,1.579493,0.778045,-0.002719,0.057388,-0.005077,-0.086058,-0.001502,0.131206,0.000477,0.590259,-4.991124,-0.529069,22.294685,1.236766,2.412648,0.119981
1750016682.312160,0.000120,-0.000623,0.000335,0.000371,-0.000192,-0.000323,nan,0.004085,0.014266,0.000623,-0.058921,0.070479,-0.001186,nan,-1.742140,-21.602800,14.724800,1.379970,0.091705,1.155290,nan,0.001288,-0.779611,-0.001095,-2.364959,-0.001714,1.584236,0.778052,-0.001551,0.043370,-0.004981,-0.094363,0.001296,0.131930,0.001312,0.391895,-5.221227,-0.731400,23.012764,1.086619,2.459340,0.006456
1750016682.346009,0.001449,0.001964,0.000359,-0.004588,0.005606,-0.000563,nan,0.042031,0.077235,0.001557,-0.123183,0.146648,-0.006660,nan,-1.163920,-20.033000,15.269600,1.489250,0.138027,1.202840,nan,0.001262,-0.778310,-0.001220,-2.367941,-0.001737,1.588827,0.778042,-0.001895,0.041668,-0.006230,-0.076518,-0.001462,0.134177,-0.000739,0.443470,-3.812840,-0.580643,21.997139,0.988658,2.406239,-0.047560
1750016682.379788,0.003270,0.005450,0.000455,-0.009666,0.011715,-0.000850,nan,0.042211,0.078900,0.004324,-0.123854,0.142648,-0.006636,nan,-1.726790,-27.629300,15.900900,1.262970,-0.012826,1.170980,nan,0.001205,-0.776777,-0.001319,-2.370881,-0.001769,1.593407,0.778025,-0.001609,0.042298,-0.002443,-0.090721,0.000375,0.128847,-0.001406,0.391895,-3.864415,-0.782975,22.616035,0.903514,2.484975,-0.066786
1750016682.414131,0.004839,0.008121,0.000671,-0.014350,0.017189,-0.001114,nan,0.043612,0.073558,0.007642,-0.120752,0.143858,-0.006840,nan,-1.393170,-18.271700,15.225000,1.122610,0.027048,1.170140,nan,0.001164,-0.775217,-0.001416,-2.373804,-0.001822,1.598009,0.777982,-0.004071,0.050968,-0.003901,-0.082266,-0.002208,0.139198,-0.001886,0.344288,-4.403966,-0.731400,22.096321,0.831187,2.294545,-0.107069
1750016682.448034,0.006696,0.011535,0.000898,-0.019632,0.023357,-0.001389,nan,0.044235,0.078613,0.005761,-0.122129,0.142983,-0.006456,nan,-1.915170,-24.613400,16.849600,1.189430,0.089290,1.126060,nan,0.001084,-0.773595,-0.001529,-2.376792,-0.001891,1.602634,0.777897,-0.002208,0.045615,-0.003104,-0.084683,0.000392,0.138760,-0.002984,0.268909,-4.094518,-0.782975,22.639839,0.831187,2.379689,-0.120802
1750016682.481948,0.008109,0.014122,0.001126,-0.023944,0.028292,-0.001629,nan,0.041361,0.073773,0.006408,-0.122369,0.142923,-0.006768,nan,-1.318350,-22.416900,16.575700,1.339810,0.167647,1.162240,nan,0.000996,-0.771907,-0.001668,-2.379715,-0.001973,1.607438,0.777836,-0.003649,0.044981,-0.002837,-0.086408,-0.002290,0.132650,-0.003036,0.518848,-4.197667,-0.707597,22.592232,0.831187,2.399831,-0.140944
1750016682.516877,0.008337,0.014505,0.001162,-0.024603,0.029095,-0.001641,nan,0.042738,0.073905,0.006792,-0.122213,0.144720,-0.006312,nan,-1.341440,-20.680300,16.595100,1.260350,0.209291,1.082940,nan,0.000968,-0.770467,-0.001742,-2.382396,-0.002044,1.611653,0.777768,0.000157,0.051706,-0.001561,-0.080827,-0.001575,0.135639,-0.004164,0.241138,-4.070714,-0.858353,22.195503,0.804637,2.333913,-0.107069
1750016682.550286,0.010014,0.017596,0.001437,-0.029718,0.035096,-0.001917,nan,0.042055,0.076157,0.006157,-0.123950,0.145295,-0.006768,nan,-0.190879,-21.269100,16.688200,1.234440,0.121964,1.073120,nan,0.000885,-0.768587,-0.001875,-2.385529,-0.002129,1.616555,0.777676,-0.002731,0.050870,-0.004692,-0.085131,-0.000809,0.136298,-0.002759,0.368091,-4.352391,-0.782975,22.663643,0.779002,2.426381,-0.147353
1750016682.584193,0.011679,0.020854,0.001677,-0.035012,0.041241,-0.002204,nan,0.038594,0.076181,0.006816,-0.128274,0.145690,-0.006684,nan,1.154000,-20.680300,17.185900,1.406930,0.132666,1.057910,nan,0.000817,-0.766814,-0.002007,-2.388369,-0.002203,1.621183,0.777588,-0.002272,0.051675,-0.002548,-0.083025,-0.000775,0.137685,-0.004074,0.391895,-4.657872,-0.782975,22.616035,0.765269,2.366872,-0.094252
1750016682.618020,0.013332,0.023992,0.001952,-0.040235,0.047421,-0.002491,nan,0.040618,0.077666,0.005438,-0.124908,0.146109,-0.006995,nan,1.601790,-19.447500,16.824700,1.270690,0.017581,1.056710,nan,0.000766,-0.765119,-0.002108,-2.391177,-0.002278,1.625864,0.777494,-0.001858,0.051836,-0.003341,-0.081649,-0.002742,0.137797,-0.002014,0.241138,-4.249242,-0.858353,22.219307,0.746043,2.340321,-0.120802
1750016682.651927,0.014721,0.026735,0.002144,-0.044583,0.052524,-0.002743,nan,0.041384,0.078517,0.005426,-0.124956,0.146589,-0.006780,nan,2.458840,-21.529500,17.544400,1.202100,0.002910,1.066050,nan,0.000697,-0.763285,-0.002239,-2.394048,-0.002370,1.630571,0.777407,-0.002412,0.053570,-0.004127,-0.085821,-0.002000,0.134996,-0.003659,0.368091,-4.634068,-0.806779,22.592232,0.758860,2.321095,-0.107069
1750016682.686403,0.014949,0.027190,0.002180,-0.045325,0.053375,-0.002779,nan,0.041169,0.077403,0.005498,-0.124681,0.148421,-0.006492,nan,2.426310,-21.418600,17.358300,1.212220,-0.019590,1.054550,nan,0.000632,-0.761481,-0.002357,-2.396923,-0.002453,1.635054,0.777323,-0.001757,0.051615,-0.003514,-0.085420,-0.003312,0.134229,-0.003492,0.344288,-4.709447,-0.834550,22.862007,0.771678,2.426381,-0.133620
1750016682.720376,0.016542,0.030209,0.002432,-0.050464,0.059292,-0.003078,nan,0.038642,0.075007,0.006504,-0.128418,0.147762,-0.006935,nan,2.700720,-19.447000,17.357500,1.298110,0.107116,1.110730,nan,0.000572,-0.759673,-0.002468,-2.399682,-0.002532,1.639703,0.777234,-0.001770,0.052887,-0.003576,-0.080009,-0.002972,0.138582,-0.003381,0.316517,-4.761022,-0.858353,22.715218,0.746043,2.387013,-0.094252
1750016682.754157,0.018123,0.033359,0.002695,-0.055555,0.065233,-0.003378,nan,0.041061,0.075666,0.006145,-0.125878,0.147223,-0.007007,nan,3.334460,-22.370900,17.246100,1.282660,0.115659,1.168940,nan,0.000509,-0.757835,-0.002590,-2.402319,-0.002605,1.644384,0.777149,-0.001016,0.053363,-0.002673,-0.077442,-0.003355,0.136317,-0.000253,0.316517,-4.812596,-0.858353,22.568428,0.719493,2.399831,-0.153761
1750016682.787797,0.019740,0.036509,0.002971,-0.060789,0.071402,-0.003653,nan,0.037144,0.074600,0.006253,-0.126669,0.146445,-0.007211,nan,2.914370,-21.787800,16.625500,1.208530,-0.037306,1.135040,nan,0.000452,-0.755981,-0.002709,-2.405009,-0.002692,1.649039,0.777059,-0.001378,0.056422,-0.003901,-0.079516,-0.003036,0.135766,-0.003571,0.292713,-4.685643,-0.858353,22.393867,0.719493,2.366872,-0.133620
1750016682.822047,0.021237,0.039576,0.003198,-0.065952,0.077283,-0.003917,nan,0.039827,0.077774,0.005714,-0.127412,0.148757,-0.006504,nan,3.315500,-23.989400,17.213000,1.441170,0.032614,1.086290,nan,0.000389,-0.754002,-0.002828,-2.407793,-0.002772,1.653699,0.776967,-0.002312,0.056849,-0.004060,-0.081603,-0.001644,0.135637,-0.003456,0.316517,-4.967320,-0.834550,22.715218,0.713084,2.340321,-0.120802
1750016682.855917,0.021237,0.039576,0.003198,-0.065952,0.077283,-0.003917,nan,0.039827,0.077774,0.005714,-0.127412,0.148757,-0.006504,nan,3.315900,-23.989400,17.213000,1.441080,0.032811,1.086290,nan,0.000328,-0.752001,-0.002953,-2.410519,-0.002850,1.658322,0.776869,-0.001525,0.058573,-0.003722,-0.079598,-0.000334,0.135556,-0.002089,0.292713,-5.145848,-0.858353,22.814400,0.686534,2.419972,-0.173903
1750016682.890289,0.022830,0.042690,0.003438,-0.071162,0.083404,-0.004204,nan,0.037480,0.076421,0.006324,-0.127663,0.151536,-0.006564,nan,3.588610,-22.074500,16.906500,1.282490,0.059932,1.108450,nan,0.000260,-0.750024,-0.003078,-2.413207,-0.002930,1.663024,0.776763,-0.001539,0.057139,-0.004662,-0.078126,-0.002125,0.138863,-0.005410,0.316517,-5.221227,-0.858353,22.838203,0.706675,2.379689,-0.080519
1750016682.924134,0.024328,0.045768,0.003713,-0.076397,0.089489,-0.004480,nan,0.036402,0.076037,0.006336,-0.127340,0.148313,-0.007007,nan,3.640730,-21.641600,16.941300,1.198620,0.144230,1.095640,nan,0.000202,-0.748085,-0.003199,-2.415735,-0.003009,1.667679,0.776683,-0.001677,0.056880,-0.003114,-0.073991,-0.003088,0.135968,-0.002156,0.316517,-5.094274,-0.858353,22.417671,0.693858,2.340321,-0.133620
1750016682.958267,0.025945,0.048991,0.003977,-0.081811,0.095741,-0.004755,nan,0.038797,0.075390,0.006624,-0.127855,0.149140,-0.006408,nan,3.018830,-21.905400,17.202900,1.259610,0.179576,1.056590,nan,0.000142,-0.746131,-0.003319,-2.418367,-0.003089,1.672274,0.776585,-0.001507,0.058148,-0.003133,-0.077299,-0.002220,0.133411,-0.002647,0.292713,-4.967320,-0.909928,22.540657,0.667307,2.366872,-0.133620
1750016682.992014,0.027430,0.052033,0.004264,-0.086973,0.101790,-0.005043,nan,0.034485,0.074923,0.006851,-0.130825,0.150038,-0.007043,nan,2.147310,-21.303100,16.751200,1.237450,0.120566,1.100310,nan,0.000084,-0.744066,-0.003444,-2.421058,-0.003167,1.676999,0.776484,-0.001056,0.059939,-0.004756,-0.076507,-0.002467,0.137257,-0.001904,0.268909,-5.094274,-0.886124,22.739021,0.680125,2.393422,-0.161086
1750016683.025878,0.028688,0.054728,0.004504,-0.091477,0.107037,-0.005258,nan,0.036761,0.075702,0.006720,-0.128585,0.150422,-0.006636,nan,1.964270,-22.716600,16.745100,1.199190,0.021991,1.028680,nan,0.000019,-0.741930,-0.003565,-2.423638,-0.003244,1.681668,0.776391,-0.002416,0.060615,-0.002946,-0.075517,-0.004507,0.142196,-0.003306,0.268909,-5.451329,-0.933732,22.838203,0.648081,2.393422,-0.161086
1750016683.072890,0.030436,0.058238,0.004827,-0.097574,0.113996,-0.005570,nan,0.034833,0.077283,0.007043,-0.129903,0.153021,-0.006636,nan,0.483732,-20.812500,16.949500,1.371560,0.094576,1.035870,nan,-0.000053,-0.739778,-0.003691,-2.426215,-0.003326,1.686369,0.776284,-0.002593,0.063373,-0.003089,-0.073779,-0.000829,0.135846,-0.002690,0.316517,-5.681432,-0.909928,22.885811,0.648081,2.387013,-0.140944
1750016683.106189,0.031922,0.061532,0.005115,-0.103144,0.120464,-0.005821,nan,0.035455,0.075390,0.006528,-0.129580,0.151739,-0.006109,nan,0.081202,-21.382000,17.247400,1.323660,0.142129,0.981725,nan,-0.000108,-0.737672,-0.003815,-2.428655,-0.003399,1.690940,0.776186,-0.001087,0.061867,-0.005863,-0.070047,-0.001715,0.136454,-0.005677,0.241138,-5.578282,-0.886124,22.739021,0.634349,2.393422,-0.127211
1750016683.139444,0.033407,0.064754,0.005414,-0.108534,0.126705,-0.006097,nan,0.035887,0.074097,0.007702,-0.131281,0.151009,-0.005917,nan,0.123464,-24.094300,17.357300,1.270100,0.155510,1.032990,nan,-0.000174,-0.735544,-0.003936,-2.431138,-0.003481,1.695639,0.776089,-0.002940,0.062400,-0.003964,-0.072486,-0.001684,0.139145,-0.001932,0.344288,-5.681432,-0.909928,22.790596,0.621531,2.360463,-0.153761
1750016683.173021,0.034761,0.067653,0.005714,-0.113505,0.132454,-0.006301,nan,0.033491,0.076792,0.007211,-0.131544,0.153452,-0.006540,nan,-0.450464,-24.895600,16.790600,1.306960,0.039700,0.945790,nan,-0.000233,-0.733376,-0.004060,-2.433691,-0.003563,1.700431,0.775987,-0.002208,0.061496,-0.002470,-0.072676,-0.002924,0.140609,-0.003167,0.292713,-5.475133,-0.933732,22.790596,0.640757,2.354054,-0.133620
1750016683.206328,0.034856,0.067844,0.005738,-0.113876,0.132862,-0.006312,nan,0.032581,0.077211,0.007666,-0.130454,0.150493,-0.006289,nan,-0.553438,-24.285900,16.623800,1.344670,0.048339,0.964835,nan,-0.000293,-0.731176,-0.004189,-2.436142,-0.003632,1.705135,0.775889,-0.002327,0.065582,-0.004194,-0.071676,-0.002530,0.139107,-0.002055,0.268909,-5.733006,-0.909928,22.790596,0.640757,2.387013,-0.167494
1750016683.239421,0.036222,0.071090,0.006061,-0.119386,0.139246,-0.006468,nan,0.033467,0.076888,0.008133,-0.131197,0.152554,-0.002755,nan,-0.110346,-25.248500,16.420000,1.319940,0.033274,0.909377,nan,-0.000351,-0.728910,-0.004319,-2.438613,-0.003712,1.709764,0.775801,-0.000080,0.065285,-0.003931,-0.072376,-0.003351,0.135790,-0.001509,0.241138,-5.939305,-0.933732,22.885811,0.627940,2.373280,-0.180312
1750016683.273170,0.037599,0.074085,0.006384,-0.124669,0.145331,-0.006528,nan,0.034162,0.077319,0.008109,-0.131400,0.151871,-0.001665,nan,-0.803621,-22.683000,16.260400,1.355920,-0.003180,0.897039,nan,-0.000416,-0.726653,-0.004448,-2.440998,-0.003786,1.714332,0.775696,-0.000952,0.064344,-0.003076,-0.068564,-0.002637,0.138699,-0.002611,0.241138,-5.836156,-0.933732,22.814400,0.588572,2.439198,-0.194044
1750016683.306285,0.038989,0.077379,0.006720,-0.130310,0.151787,-0.006696,nan,0.031503,0.077475,0.007894,-0.130382,0.150481,-0.002851,nan,0.318792,-23.634800,16.746900,1.422830,0.056497,0.949144,nan,-0.000477,-0.724347,-0.004573,-2.443376,-0.003864,1.719090,0.775591,-0.001902,0.066979,-0.003369,-0.068925,-0.002758,0.139039,-0.004170,0.241138,-5.911534,-0.933732,22.715218,0.615122,2.393422,-0.127211
1750016683.339515,0.040330,0.080457,0.007043,-0.135617,0.157944,-0.006732,nan,0.034413,0.075474,0.007965,-0.131975,0.151727,-0.000587,nan,0.727870,-21.733400,16.830200,1.316080,0.089738,0.948066,nan,-0.000539,-0.721996,-0.004696,-2.445840,-0.003945,1.723912,0.775493,-0.002377,0.067397,-0.003814,-0.070897,-0.002227,0.140302,-0.000590,0.268909,-6.117833,-0.933732,22.885811,0.621531,2.406239,-0.173903
1750016683.372646,0.040330,0.080457,0.007043,-0.135617,0.157944,-0.006732,nan,0.034413,0.075474,0.007965,-0.131975,0.151727,-0.000587,nan,0.727956,-21.733400,16.830200,1.316060,0.089788,0.948066,nan,-0.000597,-0.719679,-0.004821,-2.448206,-0.004021,1.728582,0.775387,-0.002242,0.069207,-0.003576,-0.068900,-0.001780,0.134526,-0.003682,0.217335,-6.090062,-0.961503,22.790596,0.582163,2.354054,-0.161086
1750016683.406455,0.041648,0.083608,0.007355,-0.140863,0.164017,-0.006708,nan,0.033431,0.077295,0.006947,-0.133724,0.151967,0.000000,nan,1.360090,-23.840800,16.562500,1.306130,0.044513,0.871765,nan,-0.000659,-0.717308,-0.004946,-2.450549,-0.004095,1.733232,0.775286,-0.001343,0.071435,-0.004198,-0.067019,-0.000489,0.138739,-0.003289,0.241138,-6.268590,-0.961503,22.937386,0.582163,2.393422,-0.127211
1750016683.439490,0.042894,0.086734,0.007678,-0.146181,0.170102,-0.006672,nan,0.030844,0.078493,0.008421,-0.131520,0.150146,0.002048,nan,2.129710,-23.210800,16.034600,1.385700,0.000518,0.888654,nan,-0.000716,-0.714903,-0.005079,-2.452818,-0.004178,1.737934,0.775201,-0.001625,0.074235,-0.004361,-0.067000,-0.002361,0.138589,0.000874,0.241138,-6.526464,-0.909928,22.961189,0.594981,2.387013,-0.187636
1750016683.473225,0.044211,0.090016,0.008037,-0.151727,0.176486,-0.006600,nan,0.031455,0.078625,0.008493,-0.130322,0.149619,0.003258,nan,3.153440,-21.679000,15.992100,1.306040,0.050623,0.945551,nan,-0.000773,-0.712452,-0.005202,-2.455085,-0.004244,1.742734,0.775089,-0.001476,0.073368,-0.002726,-0.066739,-0.002307,0.140774,-0.002758,0.217335,-6.629613,-0.933732,22.961189,0.582163,2.379689,-0.173903
1750016683.506689,0.045529,0.093190,0.008397,-0.157034,0.182511,-0.006420,nan,0.033635,0.077463,0.009223,-0.129891,0.152039,0.004312,nan,2.857480,-22.723000,15.602900,1.402250,0.140210,0.933572,nan,-0.000833,-0.709969,-0.005329,-2.457369,-0.004327,1.747515,0.774983,-0.002840,0.070486,-0.003687,-0.066768,-0.003179,0.137415,-0.003335,0.241138,-6.653417,-0.933732,22.961189,0.575755,2.379689,-0.153761
1750016683.539690,0.046607,0.095933,0.008720,-0.161633,0.187781,-0.006193,nan,0.030185,0.078241,0.009511,-0.128490,0.151548,0.006863,nan,4.009360,-22.702700,15.595000,1.386780,0.206962,0.952618,nan,-0.000888,-0.707537,-0.005454,-2.459597,-0.004401,1.752143,0.774884,-0.002414,0.072390,-0.004650,-0.064047,-0.001674,0.137337,-0.004286,0.193531,-6.629613,-0.961503,22.913582,0.588572,2.387013,-0.140944
1750016683.572927,0.046787,0.096400,0.008756,-0.162376,0.188644,-0.006169,nan,0.030125,0.078529,0.008756,-0.129604,0.147451,0.007211,nan,3.858300,-23.852300,16.237900,1.321600,0.225241,0.998015,nan,-0.000949,-0.705094,-0.005585,-2.461814,-0.004470,1.756860,0.774785,-0.001072,0.075711,-0.005428,-0.063934,-0.002155,0.136762,-0.002739,0.193531,-6.578038,-0.961503,22.862007,0.562937,2.432790,-0.153761
1750016683.606179,0.048056,0.099682,0.009151,-0.167682,0.194837,-0.005857,nan,0.031275,0.078876,0.009475,-0.130191,0.148840,0.007414,nan,4.569300,-26.443000,16.083300,1.174860,0.129992,1.016100,nan,-0.001004,-0.702552,-0.005713,-2.464000,-0.004545,1.761637,0.774683,-0.001642,0.077038,-0.004269,-0.064239,-0.000760,0.143345,-0.001121,0.193531,-6.808141,-0.933732,22.838203,0.542796,2.387013,-0.180312
1750016683.639423,0.049374,0.102940,0.009559,-0.173084,0.201041,-0.005486,nan,0.032916,0.076564,0.009259,-0.129148,0.150230,0.008984,nan,4.922010,-26.598000,15.437900,1.109700,0.143678,1.073720,nan,-0.001074,-0.699931,-0.005832,-2.466212,-0.004620,1.766373,0.774578,-0.002449,0.079455,-0.002618,-0.063314,-0.000878,0.138329,-0.004343,0.268909,-7.089818,-0.985307,23.036568,0.562937,2.412648,-0.147353
1750016683.672675,0.050596,0.106090,0.009918,-0.178462,0.207174,-0.005139,nan,0.029179,0.078696,0.008852,-0.129867,0.148577,0.009403,nan,4.980410,-24.600700,15.744100,1.315120,0.048377,1.128460,nan,-0.001128,-0.697287,-0.005960,-2.468363,-0.004698,1.771143,0.774483,-0.001847,0.075168,-0.002837,-0.063411,-0.003202,0.138355,-0.003033,0.193531,-7.062047,-0.961503,22.885811,0.575755,2.300954,-0.173903
1750016683.706644,0.051734,0.109025,0.010253,-0.183350,0.212792,-0.004755,nan,0.030544,0.079355,0.009714,-0.130670,0.147391,0.010577,nan,5.028750,-23.769400,15.648500,1.136230,0.123604,1.133970,nan,-0.001192,-0.694731,-0.006093,-2.470497,-0.004765,1.775889,0.774387,-0.001754,0.075277,-0.003486,-0.061538,0.000023,0.140293,-0.003082,0.193531,-6.883519,-0.933732,22.814400,0.536387,2.354054,-0.161086
1750016683.739789,0.051830,0.109241,0.010277,-0.183733,0.213175,-0.004731,nan,0.031023,0.079044,0.009115,-0.128669,0.149571,0.010098,nan,4.707910,-24.255500,15.774200,1.190920,0.159411,1.153130,nan,-0.001248,-0.692135,-0.006226,-2.472618,-0.004835,1.780645,0.774285,-0.002329,0.078132,-0.004653,-0.061164,0.000216,0.141320,-0.001110,0.169727,-7.113622,-0.909928,22.913582,0.523570,2.387013,-0.200453
1750016683.773926,0.053099,0.112463,0.010696,-0.189147,0.219308,-0.004192,nan,0.030724,0.080697,0.009451,-0.129136,0.147104,0.013296,nan,4.633490,-23.611800,15.187100,1.424010,0.154192,1.158520,nan,-0.001311,-0.689469,-0.006351,-2.474690,-0.004914,1.785388,0.774181,0.000514,0.078843,-0.003062,-0.061301,-0.005214,0.138254,-0.004048,0.118152,-7.165196,-0.985307,22.937386,0.536387,2.406239,-0.147353
1750016683.808084,0.054297,0.115733,0.011104,-0.194441,0.225429,-0.003665,nan,0.028484,0.078625,0.009475,-0.129340,0.147786,0.012853,nan,4.958550,-24.068700,15.705900,1.243330,0.131937,1.170140,nan,-0.001372,-0.686725,-0.006488,-2.476777,-0.004991,1.790052,0.774083,-0.001882,0.081230,-0.003578,-0.060494,-0.003559,0.137009,-0.004652,0.193531,-7.498448,-0.886124,23.060371,0.542796,2.393422,-0.173903
1750016683.842247,0.055519,0.118895,0.011499,-0.199628,0.231418,-0.003186,nan,0.030365,0.077211,0.010110,-0.131987,0.147942,0.012385,nan,4.156620,-22.692800,15.361300,1.079930,0.103400,1.177690,nan,-0.001429,-0.683919,-0.006619,-2.478884,-0.005060,1.794899,0.773985,-0.001533,0.079110,-0.004456,-0.060780,-0.002816,0.141159,-0.000844,0.193531,-7.728551,-0.933732,23.234932,0.555613,2.406239,-0.194044
1750016683.875969,0.056765,0.122045,0.011906,-0.204862,0.237359,-0.002695,nan,0.031227,0.080313,0.010900,-0.130071,0.148457,0.012290,nan,3.581730,-22.063800,15.667400,1.189980,0.066973,1.234700,nan,-0.001488,-0.681228,-0.006743,-2.480814,-0.005129,1.799685,0.773882,-0.001639,0.078271,-0.003764,-0.054835,-0.002267,0.144663,-0.002027,0.169727,-7.498448,-0.961503,22.913582,0.529978,2.387013,-0.200453
1750016683.909844,0.056848,0.122273,0.011942,-0.205210,0.237766,-0.002659,nan,0.029634,0.079403,0.010672,-0.131388,0.146924,0.013631,nan,3.669340,-21.909000,15.436400,1.184450,0.029156,1.222720,nan,-0.001548,-0.678550,-0.006872,-2.482719,-0.005196,1.804516,0.773773,-0.002495,0.082115,-0.001491,-0.054729,-0.001583,0.142660,-0.003120,0.169727,-7.268346,-0.985307,22.739021,0.523570,2.340321,-0.180312
1750016683.944147,0.057998,0.125339,0.012361,-0.210240,0.243456,-0.002120,nan,0.027226,0.079571,0.011499,-0.131376,0.149212,0.013499,nan,3.203430,-22.520800,15.865000,1.273320,0.074113,1.149300,nan,-0.001606,-0.675759,-0.007006,-2.484674,-0.005269,1.809178,0.773667,-0.003019,0.083997,-0.004399,-0.059136,-0.002460,0.138979,-0.004805,0.217335,-7.550023,-0.933732,22.961189,0.509837,2.387013,-0.153761
1750016683.978118,0.059196,0.128777,0.012853,-0.215750,0.249744,-0.001461,nan,0.029083,0.080254,0.010696,-0.128681,0.147355,0.016027,nan,2.187420,-24.469000,15.793500,1.200270,0.133161,1.193020,nan,-0.001659,-0.672851,-0.007130,-2.486691,-0.005338,1.813937,0.773573,-0.002901,0.086367,-0.002916,-0.058966,-0.000482,0.139956,-0.002548,0.141956,-7.883275,-0.933732,23.060371,0.516245,2.399831,-0.167494
1750016684.011912,0.060370,0.132023,0.013320,-0.220985,0.255662,-0.000850,nan,0.029179,0.079403,0.011583,-0.132574,0.146337,0.015212,nan,1.953470,-26.483400,15.588000,1.375650,0.123451,1.179600,nan,-0.001719,-0.669906,-0.007264,-2.488704,-0.005414,1.818854,0.773460,-0.000891,0.083928,-0.004278,-0.057045,-0.002043,0.143936,-0.002758,0.141956,-8.188756,-0.909928,23.183357,0.516245,2.366872,-0.153761
1750016684.045855,0.061592,0.135281,0.013823,-0.226291,0.261747,-0.000264,nan,0.028233,0.080793,0.012433,-0.130682,0.150014,0.015164,nan,1.145710,-25.603300,15.152100,1.306290,0.029465,1.264890,nan,-0.001779,-0.667077,-0.007395,-2.490579,-0.005484,1.823647,0.773361,-0.001718,0.084001,-0.004411,-0.053404,-0.002078,0.140457,-0.004797,0.169727,-7.930882,-0.909928,22.961189,0.523570,2.373280,-0.153761
1750016684.079888,0.062622,0.138228,0.014290,-0.231035,0.267233,0.000323,nan,0.028017,0.080505,0.013404,-0.128657,0.146948,0.015596,nan,0.969643,-24.908800,15.442000,1.064540,0.001550,1.221770,nan,-0.001833,-0.664230,-0.007527,-2.492418,-0.005546,1.828376,0.773262,-0.002074,0.086714,-0.003979,-0.055387,-0.001705,0.138006,-0.002848,0.169727,-7.883275,-0.886124,22.913582,0.497019,2.360463,-0.194044
1750016684.113937,0.062789,0.138659,0.014374,-0.231741,0.268047,0.000419,nan,0.027418,0.080505,0.013475,-0.130047,0.150577,0.015883,nan,0.725300,-24.658500,15.040200,1.075190,-0.038210,1.188710,nan,-0.001891,-0.661298,-0.007653,-2.494216,-0.005618,1.833067,0.773153,-0.002009,0.087252,-0.004350,-0.054359,-0.002696,0.140673,-0.003196,0.141956,-8.188756,-0.886124,22.937386,0.497019,2.439198,-0.173903
1750016684.147840,0.063915,0.141809,0.014913,-0.236928,0.273832,0.001078,nan,0.028975,0.080601,0.012122,-0.130634,0.149032,0.017033,nan,0.642005,-23.736900,14.802600,1.224260,0.066117,1.194460,nan,-0.001952,-0.658275,-0.007784,-2.496115,-0.005688,1.837888,0.773052,-0.001353,0.087960,-0.004720,-0.055361,-0.002534,0.141079,-0.003489,0.169727,-8.470433,-0.858353,23.084175,0.509837,2.426381,-0.180312
1750016684.182271,0.065137,0.145211,0.015428,-0.242450,0.280025,0.001869,nan,0.028316,0.081404,0.012829,-0.131748,0.146169,0.017967,nan,0.414340,-23.719400,14.990400,1.335490,0.177881,1.061500,nan,-0.002012,-0.655255,-0.007910,-2.498000,-0.005762,1.842847,0.772946,-0.001931,0.085199,-0.004408,-0.051851,-0.003763,0.145889,-0.004442,0.169727,-8.470433,-0.886124,23.111946,0.503428,2.347646,-0.173903
1750016684.216147,0.066203,0.148481,0.015955,-0.247648,0.285930,0.002587,nan,0.025765,0.081631,0.013643,-0.128621,0.148805,0.017776,nan,0.474760,-24.770800,14.863100,1.256270,0.116791,1.043290,nan,-0.002060,-0.652345,-0.008040,-2.499713,-0.005825,1.847557,0.772846,-0.000195,0.088534,-0.004612,-0.048587,-0.002524,0.138558,-0.004388,0.118152,-8.160985,-0.858353,22.790596,0.484202,2.387013,-0.173903
1750016684.250268,0.067257,0.151631,0.016518,-0.252775,0.291704,0.003270,nan,0.027813,0.080098,0.013811,-0.128849,0.146265,0.017991,nan,0.548114,-23.107500,14.470600,1.331500,0.137249,1.105820,nan,-0.002123,-0.649300,-0.008167,-2.501481,-0.005889,1.852344,0.772747,-0.001748,0.092590,-0.003404,-0.052612,-0.002450,0.143026,-0.001136,0.118152,-8.418859,-0.886124,23.012764,0.477793,2.393422,-0.214186
1750016684.284142,0.067341,0.151835,0.016542,-0.253110,0.292087,0.003306,nan,0.027190,0.082026,0.013511,-0.131951,0.146361,0.017248,nan,0.616230,-23.088600,15.018600,1.329290,0.179804,1.152050,nan,-0.002182,-0.646172,-0.008297,-2.503237,-0.005956,1.857117,0.772638,-0.000982,0.091757,-0.003898,-0.052665,-0.001287,0.141478,-0.003450,0.094349,-8.752110,-0.858353,23.135750,0.477793,2.419972,-0.153761
1750016684.317960,0.068467,0.155129,0.017129,-0.258213,0.297956,0.004049,nan,0.028197,0.081655,0.014338,-0.128178,0.146792,0.017919,nan,-0.255058,-24.409600,14.566700,1.176050,0.076056,1.060540,nan,-0.002247,-0.643036,-0.008429,-2.504961,-0.006019,1.861979,0.772541,-0.001433,0.091412,-0.003815,-0.048905,0.000517,0.143832,-0.002953,0.141956,-8.954442,-0.858353,23.111946,0.470469,2.399831,-0.194044
1750016684.351796,0.069629,0.158603,0.017752,-0.263699,0.304149,0.004839,nan,0.025825,0.082769,0.014098,-0.132383,0.145511,0.018075,nan,-0.099422,-25.021200,14.264800,1.132770,0.153281,0.994302,nan,-0.002306,-0.639937,-0.008559,-2.506609,-0.006092,1.866855,0.772431,-0.002205,0.089586,-0.004021,-0.046454,-0.001929,0.142052,-0.003690,0.169727,-8.724339,-0.858353,22.885811,0.484202,2.347646,-0.147353
1750016684.386020,0.070695,0.162088,0.018339,-0.269137,0.310294,0.005570,nan,0.028831,0.083140,0.015224,-0.129855,0.147463,0.018111,nan,1.225010,-27.432600,15.007800,1.121350,0.149322,1.027000,nan,-0.002355,-0.636854,-0.008686,-2.508188,-0.006147,1.871570,0.772330,-0.001118,0.091679,-0.002811,-0.047830,-0.000864,0.141379,-0.004964,0.141956,-8.672765,-0.909928,22.762825,0.464060,2.393422,-0.153761
1750016684.419821,0.071773,0.165358,0.018913,-0.274360,0.316115,0.006277,nan,0.027562,0.080062,0.014218,-0.129424,0.148301,0.017452,nan,1.842610,-27.495600,15.439600,1.316300,0.119144,1.069520,nan,-0.002416,-0.633622,-0.008825,-2.509870,-0.006215,1.876398,0.772228,-0.001764,0.096678,-0.003805,-0.050179,-0.001233,0.142332,-0.002216,0.193531,-9.160741,-0.834550,23.012764,0.477793,2.412648,-0.180312
1750016684.454343,0.072636,0.167886,0.019393,-0.278384,0.320703,0.006887,nan,0.027945,0.083679,0.015404,-0.129172,0.145726,0.019620,nan,2.246990,-26.564200,14.326700,1.197350,0.159271,1.010470,nan,-0.002470,-0.630390,-0.008953,-2.511535,-0.006280,1.881191,0.772120,-0.001330,0.096580,-0.003321,-0.047445,-0.000459,0.140329,-0.002670,0.094349,-9.545568,-0.886124,23.135750,0.451243,2.472157,-0.180312
1750016684.487832,0.072875,0.168533,0.019500,-0.279462,0.321925,0.007067,nan,0.027610,0.082398,0.014254,-0.129196,0.148337,0.019261,nan,1.984670,-25.545600,14.951100,1.204260,0.111349,0.955133,nan,-0.002528,-0.627247,-0.009077,-2.513114,-0.006339,1.886022,0.772023,-0.000295,0.092233,-0.002924,-0.044462,-0.001198,0.139921,-0.003077,0.094349,-8.930638,-0.834550,22.862007,0.464060,2.419972,-0.147353
1750016684.522306,0.073977,0.172042,0.020171,-0.285032,0.328189,0.007942,nan,0.025022,0.082505,0.016171,-0.128753,0.146349,0.020794,nan,2.094990,-24.944000,15.084000,1.269880,0.087511,0.876556,nan,-0.002585,-0.624005,-0.009203,-2.514656,-0.006395,1.890902,0.771918,-0.001489,0.095890,-0.002464,-0.044391,-0.000869,0.141740,-0.004157,0.094349,-9.006017,-0.909928,22.790596,0.457652,2.399831,-0.187636
1750016684.556166,0.074983,0.175252,0.020782,-0.290039,0.333927,0.008756,nan,0.026352,0.080960,0.015763,-0.129663,0.144732,0.020962,nan,2.314360,-24.212400,15.497900,1.080300,0.042616,0.893565,nan,-0.002645,-0.620671,-0.009337,-2.516221,-0.006459,1.895737,0.771811,-0.003167,0.100399,-0.004675,-0.046949,-0.002110,0.144072,-0.004259,0.169727,-9.414647,-0.806779,22.961189,0.470469,2.406239,-0.140944
1750016684.589976,0.076097,0.178774,0.021501,-0.295549,0.340036,0.009559,nan,0.026675,0.083140,0.017416,-0.129771,0.145822,0.019908,nan,2.686820,-25.543600,15.169400,1.181980,0.156786,0.948665,nan,-0.002699,-0.617298,-0.009469,-2.517801,-0.006526,1.900573,0.771709,-0.001766,0.099172,-0.003961,-0.045740,-0.002957,0.141926,-0.003092,0.169727,-9.851048,-0.834550,23.111946,0.477793,2.419972,-0.153761
1750016684.623898,0.077044,0.181685,0.022124,-0.300172,0.345186,0.010253,nan,0.026005,0.082973,0.018255,-0.131352,0.147128,0.019201,nan,3.284630,-24.886300,15.399400,1.235170,0.145142,0.958607,nan,-0.002753,-0.614034,-0.009592,-2.519263,-0.006582,1.905331,0.771612,-0.002769,0.096443,-0.001734,-0.041411,-0.001548,0.143108,-0.002363,0.169727,-9.620946,-0.858353,22.961189,0.438426,2.373280,-0.173903
1750016684.657724,0.077199,0.182152,0.022231,-0.300927,0.346025,0.010385,nan,0.026807,0.083631,0.018339,-0.128957,0.144013,0.019692,nan,3.204370,-24.168800,15.230100,1.248570,0.156191,0.903387,nan,-0.002801,-0.610750,-0.009720,-2.520649,-0.006639,1.910112,0.771511,-0.001377,0.098620,-0.004666,-0.041285,-0.003316,0.143834,-0.004693,0.118152,-9.442418,-0.858353,22.715218,0.451243,2.321095,-0.194044
1750016684.692195,0.078205,0.185518,0.022938,-0.306185,0.351882,0.011248,nan,0.025418,0.082841,0.016686,-0.129556,0.142720,0.022016,nan,3.768560,-24.438100,15.504600,1.418410,0.137517,0.891649,nan,-0.002854,-0.607270,-0.009850,-2.522165,-0.006692,1.915026,0.771415,-0.001470,0.103375,-0.003719,-0.043986,-0.002412,0.141807,-0.002162,0.094349,-9.902623,-0.806779,22.862007,0.444834,2.406239,-0.227003
1750016684.726107,0.079331,0.189159,0.023693,-0.311767,0.358195,0.012182,nan,0.026603,0.083104,0.017823,-0.128945,0.142899,0.020111,nan,4.487660,-25.630400,15.725600,1.339030,0.098266,0.860386,nan,-0.002910,-0.603803,-0.009977,-2.523686,-0.006748,1.919896,0.771300,-0.001659,0.101532,-0.003062,-0.043201,-0.000535,0.141144,-0.002319,0.118152,-10.414403,-0.834550,23.207161,0.438426,2.472157,-0.194044
1750016684.772897,0.081392,0.195699,0.025178,-0.321733,0.369406,0.013799,nan,0.024795,0.082877,0.018913,-0.129256,0.143067,0.020602,nan,4.553420,-27.924400,14.405700,1.195560,0.113727,0.879910,nan,-0.002971,-0.600470,-0.010103,-2.525070,-0.006811,1.924709,0.771200,-0.002097,0.096472,-0.002838,-0.040390,-0.002671,0.143666,-0.002752,0.169727,-9.799474,-0.858353,23.012764,0.477793,2.366872,-0.207777
1750016684.806041,0.081463,0.195915,0.025226,-0.322080,0.369777,0.013847,nan,0.024639,0.083176,0.019141,-0.131616,0.145199,0.020399,nan,4.444580,-28.051400,14.493000,1.242100,0.134212,0.904945,nan,-0.003021,-0.597095,-0.010235,-2.526336,-0.006859,1.929472,0.771102,-0.003228,0.102575,-0.002816,-0.039881,-0.001190,0.142385,-0.002571,0.169727,-9.799474,-0.834550,22.663643,0.444834,2.360463,-0.200453
1750016684.839781,0.082458,0.199280,0.025957,-0.327267,0.375575,0.014745,nan,0.026256,0.084470,0.019536,-0.128526,0.144456,0.022902,nan,4.426980,-27.683200,14.708900,1.158030,0.199096,0.859787,nan,-0.003068,-0.593537,-0.010367,-2.527730,-0.006913,1.934336,0.770992,-0.001734,0.106516,-0.003646,-0.040770,-0.001889,0.141711,-0.002252,0.094349,-10.311254,-0.759171,22.961189,0.418284,2.426381,-0.194044
1750016684.872891,0.083572,0.202862,0.026759,-0.332861,0.381827,0.015727,nan,0.026879,0.084841,0.018722,-0.127591,0.141630,0.021980,nan,4.418400,-25.770500,15.608700,1.122960,0.140768,0.910694,nan,-0.003123,-0.589907,-0.010498,-2.529123,-0.006973,1.939292,0.770887,-0.001959,0.104796,-0.005132,-0.038639,-0.003339,0.144803,-0.002636,0.118152,-10.644506,-0.782975,22.984993,0.470469,2.387013,-0.194044
1750016684.906546,0.084626,0.206156,0.027514,-0.338023,0.387541,0.016566,nan,0.025657,0.084530,0.019009,-0.130502,0.146553,0.021740,nan,4.299390,-24.458700,15.708600,1.331880,0.094061,0.973460,nan,-0.003177,-0.586450,-0.010626,-2.530400,-0.007019,1.944111,0.770784,-0.002288,0.102670,-0.004030,-0.036506,-0.000368,0.144337,-0.001374,0.141956,-10.311254,-0.782975,22.862007,0.424693,2.393422,-0.200453
1750016684.939430,0.085656,0.209558,0.028340,-0.343198,0.393326,0.017488,nan,0.024423,0.085093,0.020543,-0.129184,0.146026,0.022100,nan,3.630840,-24.890400,15.049500,1.218100,0.087790,0.896560,nan,-0.003226,-0.582930,-0.010754,-2.531611,-0.007073,1.948839,0.770684,-0.000924,0.107152,-0.003035,-0.035876,-0.001159,0.142400,-0.003840,0.094349,-10.414403,-0.858353,22.739021,0.431101,2.379689,-0.200453
1750016684.973998,0.086530,0.212516,0.029059,-0.347726,0.398333,0.018279,nan,0.025370,0.085572,0.020902,-0.127687,0.142420,0.022387,nan,3.480740,-25.198200,15.089100,1.270690,0.161216,0.912371,nan,-0.003281,-0.579291,-0.010891,-2.532858,-0.007124,1.953645,0.770578,-0.001142,0.105547,-0.005458,-0.037382,-0.002565,0.139976,-0.001314,0.094349,-10.977757,-0.782975,22.961189,0.424693,2.439198,-0.200453
1750016685.006448,0.086734,0.213211,0.029215,-0.348828,0.399531,0.018470,nan,0.025214,0.085716,0.021034,-0.130394,0.142312,0.023190,nan,3.539020,-24.623700,15.777800,1.309240,0.209752,0.917282,nan,-0.003346,-0.575688,-0.011017,-2.534129,-0.007179,1.958549,0.770468,-0.001149,0.102446,-0.003538,-0.035081,-0.002068,0.143482,-0.005610,0.141956,-10.799230,-0.782975,23.036568,0.438426,2.432790,-0.173903
1750016685.039495,0.087848,0.216745,0.030125,-0.354050,0.405424,0.019440,nan,0.027023,0.084817,0.022243,-0.131927,0.144696,0.023789,nan,2.849280,-25.722100,15.453300,1.114690,0.175895,0.991786,nan,-0.003389,-0.572088,-0.011143,-2.535263,-0.007224,1.963505,0.770371,-0.001191,0.105170,-0.003770,-0.031859,-0.000697,0.142261,-0.001209,0.118152,-10.465978,-0.782975,22.592232,0.418284,2.373280,-0.207777
1750016685.072654,0.088866,0.220230,0.030988,-0.359321,0.411270,0.020411,nan,0.023920,0.082901,0.020818,-0.128070,0.144936,0.023034,nan,2.682980,-26.539000,15.707300,1.159480,0.127509,1.041020,nan,-0.003434,-0.568406,-0.011265,-2.536410,-0.007276,1.968263,0.770269,-0.002837,0.112196,-0.003715,-0.035186,-0.001498,0.140302,-0.001459,0.094349,-10.874608,-0.782975,22.691414,0.438426,2.366872,-0.194044
1750016685.106466,0.089812,0.223644,0.031850,-0.364495,0.416959,0.021333,nan,0.024184,0.083811,0.022806,-0.128106,0.142588,0.023214,nan,2.280390,-27.331000,15.815900,1.287910,0.111826,1.076590,nan,-0.003497,-0.564656,-0.011400,-2.537648,-0.007326,1.973053,0.770157,-0.003593,0.108190,-0.005118,-0.037106,-0.000928,0.143089,-0.004933,0.169727,-11.334813,-0.759171,23.060371,0.424693,2.452016,-0.167494
1750016685.139542,0.090722,0.226746,0.032652,-0.369167,0.422086,0.022195,nan,0.024951,0.085776,0.023022,-0.130861,0.142684,0.023884,nan,1.603430,-28.499900,16.730700,1.388850,0.133674,1.029640,nan,-0.003550,-0.560999,-0.011532,-2.538779,-0.007375,1.977929,0.770059,-0.000803,0.105680,-0.003354,-0.032934,-0.000895,0.141646,-0.002990,0.094349,-11.104711,-0.782975,22.862007,0.424693,2.419972,-0.207777
1750016685.172713,0.090842,0.227237,0.032784,-0.369849,0.422889,0.022327,nan,0.025298,0.086075,0.022854,-0.128454,0.141378,0.024064,nan,1.758370,-29.582700,16.566100,1.284340,0.127901,1.055150,nan,-0.003602,-0.557307,-0.011663,-2.539852,-0.007417,1.982774,0.769951,-0.002329,0.110699,-0.004189,-0.031671,-0.002004,0.139028,-0.004619,0.141956,-11.156285,-0.782975,22.639839,0.418284,2.412648,-0.187636
1750016685.206687,0.091908,0.230663,0.033707,-0.375084,0.428698,0.023345,nan,0.024867,0.084913,0.023525,-0.128514,0.140863,0.026268,nan,1.177820,-27.417700,16.793100,1.267540,0.103190,1.066170,nan,-0.003649,-0.553411,-0.011794,-2.540969,-0.007472,1.987605,0.769842,-0.001968,0.113296,-0.004247,-0.034828,-0.002575,0.138677,-0.004277,0.141956,-11.691869,-0.759171,22.885811,0.444834,2.379689,-0.133620
1750016685.239594,0.092950,0.234161,0.034641,-0.380330,0.434495,0.024411,nan,0.022938,0.085416,0.022148,-0.131101,0.140899,0.024783,nan,0.066705,-26.112600,16.665500,1.152600,0.296755,1.032150,nan,-0.003698,-0.549653,-0.011925,-2.542068,-0.007513,1.992413,0.769741,-0.000888,0.110080,-0.004630,-0.030256,-0.001170,0.139644,-0.003491,0.118152,-11.691869,-0.731400,22.913582,0.424693,2.452016,-0.173903
1750016685.272715,0.093933,0.237658,0.035587,-0.385589,0.440389,0.025394,nan,0.024292,0.084374,0.024136,-0.130706,0.142253,0.024663,nan,-0.243982,-25.191000,16.306900,1.019320,0.133644,1.082220,nan,-0.003741,-0.545953,-0.012049,-2.543045,-0.007555,1.997322,0.769638,-0.000035,0.111878,-0.002834,-0.026452,-0.000436,0.146447,-0.003785,0.042774,-11.283238,-0.806779,22.540657,0.405467,2.406239,-0.194044
1750016685.306647,0.094891,0.241012,0.036521,-0.390560,0.445863,0.026328,nan,0.024615,0.086782,0.024747,-0.129124,0.143031,0.025226,nan,-0.386553,-26.913700,16.126100,1.065320,0.072631,1.149900,nan,-0.003791,-0.542150,-0.012179,-2.543992,-0.007599,2.002141,0.769537,-0.000417,0.113436,-0.004918,-0.027622,-0.002296,0.139935,-0.001135,0.094349,-11.437963,-0.782975,22.493050,0.424693,2.360463,-0.194044
1750016685.339520,0.094951,0.241228,0.036605,-0.390943,0.446270,0.026376,nan,0.025250,0.087656,0.024867,-0.130538,0.143307,0.025082,nan,-0.538810,-26.153800,15.522400,1.148450,0.031071,1.178650,nan,-0.003843,-0.538209,-0.012309,-2.545046,-0.007635,2.006881,0.769434,-0.001444,0.114826,-0.004910,-0.029906,-0.000097,0.140622,-0.002199,0.118152,-12.052892,-0.731400,22.862007,0.399058,2.412648,-0.187636
1750016685.372716,0.095969,0.244678,0.037575,-0.396129,0.451960,0.027430,nan,0.025034,0.086722,0.025394,-0.128022,0.139641,0.026735,nan,-0.703960,-25.495500,16.265500,1.221130,0.063178,1.226800,nan,-0.003891,-0.534287,-0.012435,-2.546008,-0.007687,2.011828,0.769328,0.000290,0.112543,-0.003483,-0.025804,-0.000625,0.141273,-0.001937,0.066578,-11.870397,-0.782975,22.639839,0.399058,2.419972,-0.214186
1750016685.406527,0.096927,0.248283,0.038618,-0.401412,0.457757,0.028532,nan,0.022471,0.088542,0.024256,-0.127543,0.140168,0.026340,nan,-0.644570,-27.170500,16.314000,1.236460,0.014762,1.137320,nan,-0.003941,-0.530444,-0.012561,-2.546877,-0.007723,2.016706,0.769211,-0.000335,0.115374,-0.002248,-0.027148,-0.001846,0.144469,-0.004112,0.094349,-11.846593,-0.782975,22.540657,0.405467,2.366872,-0.153761
1750016685.440025,0.097837,0.251912,0.039660,-0.406730,0.463566,0.029550,nan,0.023513,0.087237,0.026556,-0.126825,0.141234,0.024879,nan,-0.238531,-29.312400,16.214800,1.276720,0.048639,1.242490,nan,-0.003990,-0.526445,-0.012695,-2.547807,-0.007761,2.021516,0.769107,-0.001000,0.118895,-0.003290,-0.027816,-0.002623,0.139492,-0.004407,0.141956,-12.588475,-0.731400,22.691414,0.411875,2.399831,-0.167494
1750016685.474026,0.098844,0.255566,0.040798,-0.412012,0.469388,0.030640,nan,0.024004,0.086877,0.025406,-0.128082,0.138947,0.026520,nan,-0.380782,-30.316200,15.455700,1.151210,0.165133,1.188710,nan,-0.004044,-0.522553,-0.012824,-2.548745,-0.007803,2.026191,0.768998,-0.004272,0.112849,-0.005872,-0.026319,-0.000843,0.139742,-0.001623,0.217335,-12.152074,-0.707597,22.762825,0.438426,2.406239,-0.167494
1750016685.507798,0.099682,0.258656,0.041684,-0.416504,0.474371,0.031574,nan,0.024208,0.085800,0.025621,-0.128346,0.139917,0.026879,nan,0.024047,-30.824100,15.849600,0.958394,0.155347,1.167860,nan,-0.004079,-0.518663,-0.012952,-2.549550,-0.007837,2.031053,0.768899,-0.001420,0.116370,-0.004266,-0.022575,0.000476,0.142747,-0.003617,0.066578,-12.025121,-0.731400,22.469246,0.405467,2.393422,-0.200453
1750016685.542243,0.099826,0.259147,0.041816,-0.417223,0.475125,0.031718,nan,0.024076,0.087057,0.024819,-0.130382,0.139222,0.026112,nan,-0.362492,-31.930900,16.119300,1.067910,0.150660,1.172660,nan,-0.004141,-0.514521,-0.013084,-2.550346,-0.007865,2.036011,0.768784,-0.003180,0.122222,-0.003890,-0.023390,-0.000608,0.143331,-0.004111,0.169727,-12.560704,-0.731400,22.441475,0.399058,2.387013,-0.147353
1750016685.576187,0.100808,0.262825,0.042918,-0.422745,0.481102,0.032904,nan,0.023297,0.085776,0.027083,-0.129328,0.138216,0.026579,nan,-0.188983,-29.546700,16.059300,1.140890,0.242268,1.137800,nan,-0.004183,-0.510484,-0.013212,-2.551224,-0.007898,2.040811,0.768680,-0.001617,0.117309,-0.003831,-0.024206,-0.000676,0.141195,-0.005067,0.094349,-12.663854,-0.731400,22.739021,0.392649,2.432790,-0.161086
1750016685.610024,0.101694,0.266238,0.044008,-0.427883,0.486672,0.034018,nan,0.023729,0.087584,0.027130,-0.129136,0.140659,0.027238,nan,0.426982,-27.829300,15.695500,1.276980,0.165986,1.030600,nan,-0.004226,-0.506477,-0.013334,-2.551972,-0.007936,2.045570,0.768578,0.000393,0.116979,-0.002115,-0.021078,-0.002285,0.140501,-0.003288,0.066578,-12.560704,-0.759171,22.469246,0.399058,2.387013,-0.194044
1750016685.643778,0.102713,0.270011,0.045229,-0.433369,0.492661,0.035156,nan,0.024244,0.086746,0.027789,-0.127819,0.139689,0.026735,nan,0.605915,-27.979000,15.384600,1.240930,0.138019,1.051440,nan,-0.004277,-0.502449,-0.013462,-2.552717,-0.007966,2.050364,0.768473,-0.000490,0.120417,-0.004964,-0.022315,-0.000677,0.140881,-0.002345,0.118152,-12.794774,-0.679826,22.516853,0.399058,2.373280,-0.200453
1750016685.677995,0.103587,0.273186,0.046272,-0.438005,0.497716,0.036126,nan,0.024028,0.087069,0.027598,-0.127939,0.141162,0.027107,nan,0.512816,-27.539900,15.725300,1.219210,0.203583,1.039100,nan,-0.004321,-0.498281,-0.013584,-2.553509,-0.008000,2.055230,0.768364,-0.000978,0.122604,-0.002786,-0.023629,-0.000414,0.144670,-0.002202,0.141956,-13.330358,-0.731400,22.762825,0.405467,2.412648,-0.180312
1750016685.711700,0.103647,0.273413,0.046344,-0.438340,0.498099,0.036210,nan,0.024208,0.086362,0.027538,-0.128921,0.138575,0.026651,nan,0.919083,-26.977200,15.874300,1.223350,0.204845,1.006280,nan,-0.004368,-0.494206,-0.013713,-2.554191,-0.008031,2.060142,0.768259,-0.002889,0.116666,-0.003795,-0.016888,-0.000791,0.138599,-0.001731,0.141956,-12.663854,-0.731400,22.441475,0.385325,2.419972,-0.227003
1750016685.745969,0.104629,0.277186,0.047589,-0.443814,0.504041,0.037372,nan,0.022016,0.090028,0.029754,-0.127340,0.141007,0.027083,nan,0.808345,-27.235000,15.531000,1.234840,0.163217,0.999093,nan,-0.004404,-0.490126,-0.013833,-2.554767,-0.008061,2.064885,0.768148,-0.001860,0.122066,-0.004359,-0.017073,-0.000010,0.141192,-0.000898,0.118152,-12.818578,-0.707597,22.120125,0.392649,2.366872,-0.207777
1750016685.779806,0.105480,0.280708,0.048763,-0.448833,0.509538,0.038522,nan,0.022531,0.086686,0.029143,-0.128933,0.139258,0.029227,nan,1.035840,-28.108400,15.531900,1.162950,0.146493,0.918719,nan,-0.004447,-0.485893,-0.013963,-2.555469,-0.008089,2.069645,0.768038,-0.000499,0.124070,-0.005420,-0.021179,-0.001183,0.141226,-0.000002,0.118152,-13.405736,-0.656022,22.592232,0.424693,2.419972,-0.207777
1750016685.814077,0.106390,0.284493,0.049997,-0.454211,0.515444,0.039719,nan,0.023154,0.090770,0.028412,-0.128250,0.138851,0.028197,nan,2.417590,-29.918500,15.076400,1.015150,0.106169,0.888774,nan,-0.004492,-0.481749,-0.014089,-2.556117,-0.008116,2.074419,0.767926,-0.000984,0.122243,-0.003153,-0.017298,-0.001921,0.145048,-0.003599,0.118152,-13.381932,-0.707597,22.516853,0.405467,2.452016,-0.194044
1750016685.847888,0.107228,0.287835,0.051063,-0.458991,0.520558,0.040726,nan,0.023633,0.088507,0.028831,-0.130478,0.139114,0.027478,nan,2.946950,-31.991000,15.308200,1.258790,0.074781,0.926146,nan,-0.004540,-0.477577,-0.014212,-2.556660,-0.008138,2.079306,0.767816,-0.001402,0.124078,-0.002973,-0.014510,0.000686,0.142308,-0.003410,0.118152,-13.381932,-0.759171,22.270882,0.392649,2.432790,-0.207777
1750016685.881688,0.107300,0.288086,0.051147,-0.459350,0.520930,0.040810,nan,0.023609,0.088411,0.030317,-0.126573,0.136431,0.026855,nan,3.092330,-32.252600,15.156500,1.251360,0.160541,0.899315,nan,-0.004580,-0.473205,-0.014345,-2.557270,-0.008167,2.084115,0.767703,-0.000429,0.125440,-0.003625,-0.020251,-0.002765,0.136938,-0.003116,0.141956,-14.020665,-0.679826,22.592232,0.411875,2.412648,-0.180312
1750016685.915964,0.108306,0.291860,0.052428,-0.464764,0.526787,0.041959,nan,0.022722,0.089812,0.030640,-0.127364,0.136096,0.028065,nan,2.687590,-32.056600,15.306900,1.194360,0.201719,0.964835,nan,-0.004618,-0.469021,-0.014466,-2.557832,-0.008185,2.088881,0.767591,-0.000591,0.121978,-0.002086,-0.012701,-0.000649,0.143756,-0.006263,0.094349,-13.584264,-0.731400,22.417671,0.418284,2.426381,-0.153761
1750016685.950184,0.109157,0.295381,0.053746,-0.469879,0.532297,0.043121,nan,0.022004,0.087680,0.031646,-0.128034,0.139486,0.028460,nan,3.635970,-29.866300,14.713200,1.216930,0.213700,0.909137,nan,-0.004660,-0.464839,-0.014590,-2.558248,-0.008203,2.093705,0.767483,-0.001146,0.124887,-0.002376,-0.011898,0.000621,0.140601,-0.002988,0.141956,-13.433507,-0.731400,22.024910,0.366099,2.393422,-0.173903
1750016685.983951,0.110091,0.298927,0.054992,-0.475005,0.537891,0.044259,nan,0.024028,0.089117,0.031526,-0.129939,0.137880,0.028292,nan,3.410320,-28.764300,14.616100,1.201470,0.124810,0.919438,nan,-0.004700,-0.460506,-0.014718,-2.558742,-0.008220,2.098483,0.767377,-0.001287,0.128720,-0.002473,-0.015873,0.001683,0.142275,-0.001423,0.118152,-14.147618,-0.707597,22.346260,0.399058,2.399831,-0.214186
1750016686.017668,0.111061,0.302604,0.056345,-0.480276,0.543580,0.045445,nan,0.024316,0.089069,0.031874,-0.126310,0.137473,0.028233,nan,3.485920,-27.620700,14.459100,1.150820,0.183454,0.909975,nan,-0.004740,-0.456174,-0.014845,-2.559257,-0.008241,2.103171,0.767266,-0.000559,0.125217,-0.003992,-0.011608,0.000034,0.135552,-0.002772,0.094349,-14.123815,-0.707597,22.370064,0.372508,2.432790,-0.180312
1750016686.052065,0.111888,0.305694,0.057423,-0.484636,0.548312,0.046439,nan,0.022962,0.089321,0.031682,-0.127220,0.139857,0.029406,nan,3.496770,-28.743200,14.727900,1.080880,0.116465,0.906861,nan,-0.004784,-0.451802,-0.014976,-2.559673,-0.008258,2.108017,0.767151,-0.000678,0.127769,-0.003533,-0.012391,0.000541,0.143346,-0.001631,0.141956,-14.123815,-0.679826,22.195503,0.392649,2.412648,-0.180312
1750016686.085890,0.112092,0.306449,0.057711,-0.485738,0.549486,0.046703,nan,0.022711,0.088902,0.032185,-0.129628,0.138012,0.029263,nan,3.166970,-27.941900,14.017800,1.149500,0.101863,0.862302,nan,-0.004822,-0.447408,-0.015101,-2.560105,-0.008279,2.112773,0.767033,-0.000765,0.128235,-0.003196,-0.014034,-0.001528,0.141638,-0.004217,0.169727,-14.738744,-0.679826,22.370064,0.411875,2.412648,-0.180312
1750016686.119843,0.112918,0.310102,0.059004,-0.490936,0.554972,0.047853,nan,0.019908,0.089129,0.033203,-0.126465,0.134311,0.028280,nan,3.925970,-27.946500,14.105800,1.349320,0.154629,1.011550,nan,-0.004862,-0.443110,-0.015233,-2.560527,-0.008292,2.117567,0.766926,-0.001921,0.124397,-0.003944,-0.009732,-0.000363,0.143555,-0.001224,0.169727,-14.302342,-0.679826,22.318489,0.399058,2.399831,-0.207777
1750016686.153866,0.113816,0.313804,0.060346,-0.496039,0.560494,0.049015,nan,0.022794,0.088423,0.034066,-0.126453,0.137976,0.028604,nan,3.615960,-30.410600,14.818700,1.270150,0.138061,1.044250,nan,-0.004889,-0.438832,-0.015361,-2.560796,-0.008301,2.122291,0.766811,-0.001059,0.127668,-0.003411,-0.008749,0.001357,0.138807,-0.003891,0.094349,-14.175389,-0.679826,21.897957,0.378916,2.354054,-0.207777
1750016686.187794,0.114739,0.317529,0.061783,-0.501250,0.566099,0.050224,nan,0.022759,0.091082,0.032748,-0.128681,0.136156,0.029406,nan,3.893870,-30.752500,14.721600,1.280920,0.111702,0.975855,nan,-0.004928,-0.434343,-0.015483,-2.561164,-0.008312,2.127010,0.766704,-0.001373,0.132847,-0.003662,-0.011564,-0.000792,0.141020,-0.002637,0.094349,-14.814122,-0.679826,22.195503,0.366099,2.379689,-0.214186
1750016686.221751,0.115553,0.320775,0.062969,-0.505741,0.570903,0.051266,nan,0.022794,0.090722,0.034904,-0.127304,0.136958,0.030257,nan,3.855330,-32.871400,15.048600,1.234100,0.171196,1.050720,nan,-0.004972,-0.429795,-0.015614,-2.561553,-0.008324,2.131852,0.766585,-0.000781,0.128129,-0.002932,-0.009385,0.000580,0.141319,-0.004286,0.118152,-14.917272,-0.632218,22.318489,0.385325,2.419972,-0.167494
1750016686.256168,0.115685,0.321278,0.063185,-0.506436,0.571681,0.051458,nan,0.022363,0.091465,0.034258,-0.125339,0.138096,0.030329,nan,3.789600,-31.959100,14.459900,1.146900,0.105181,0.985318,nan,-0.005010,-0.425384,-0.015734,-2.561800,-0.008333,2.136608,0.766468,-0.001187,0.131682,-0.003278,-0.007450,0.000122,0.139968,-0.003218,0.141956,-14.889501,-0.679826,21.997139,0.378916,2.419972,-0.194044
1750016686.290058,0.116607,0.325003,0.064646,-0.511659,0.577299,0.052716,nan,0.020147,0.088638,0.033695,-0.126178,0.133820,0.031107,nan,3.130140,-30.504800,14.546500,1.129400,0.126389,1.014900,nan,-0.005041,-0.420882,-0.015858,-2.562083,-0.008347,2.141303,0.766355,-0.000757,0.133670,-0.003403,-0.008676,-0.001780,0.138262,-0.001699,0.118152,-15.401280,-0.656022,22.171700,0.411875,2.387013,-0.200453
1750016686.324030,0.117494,0.328728,0.066084,-0.516965,0.582965,0.053962,nan,0.022699,0.090926,0.033910,-0.126094,0.135197,0.031443,nan,3.227010,-28.731000,15.245700,1.060990,0.150012,1.058980,nan,-0.005082,-0.416472,-0.015984,-2.562325,-0.008352,2.145900,0.766242,-0.001296,0.126158,-0.003308,-0.005703,-0.000974,0.137993,-0.002990,0.193531,-14.941075,-0.679826,22.096321,0.405467,2.439198,-0.214186
1750016686.357852,0.118416,0.332274,0.067485,-0.521984,0.588235,0.055171,nan,0.023130,0.091321,0.035527,-0.126801,0.136479,0.030748,nan,2.370240,-27.413000,14.345500,1.293730,0.158731,1.052990,nan,-0.005105,-0.412025,-0.016103,-2.562465,-0.008355,2.150675,0.766128,-0.002046,0.132441,-0.003576,-0.001981,0.000027,0.139767,-0.003459,0.118152,-14.837926,-0.679826,21.703560,0.405467,2.399831,-0.240736
1750016686.392222,0.119338,0.335999,0.068982,-0.527134,0.593709,0.056381,nan,0.022519,0.092747,0.036437,-0.125435,0.133173,0.030113,nan,2.820200,-27.401900,15.071900,1.167920,0.308271,1.122590,nan,-0.005138,-0.407325,-0.016234,-2.562664,-0.008361,2.155557,0.765997,-0.001413,0.136409,-0.003307,-0.006972,-0.001138,0.141304,-0.003982,0.118152,-15.579808,-0.656022,21.973335,0.411875,2.379689,-0.187636
1750016686.426079,0.119386,0.336239,0.069078,-0.527470,0.594080,0.056465,nan,0.022603,0.091932,0.038079,-0.127975,0.134946,0.029610,nan,3.101760,-27.190400,15.032000,1.160260,0.299144,1.111810,nan,-0.005182,-0.402785,-0.016366,-2.562859,-0.008364,2.160204,0.765884,-0.002343,0.133298,-0.004491,-0.005858,-0.001884,0.137332,-0.004026,0.169727,-15.452855,-0.604447,22.048714,0.431101,2.399831,-0.161086
1750016686.473301,0.121063,0.343665,0.072109,-0.537507,0.604885,0.058921,nan,0.021118,0.089812,0.038282,-0.124597,0.135413,0.030904,nan,2.485950,-29.667000,13.989600,0.912591,0.207564,1.269920,nan,-0.005208,-0.398267,-0.016488,-2.562974,-0.008360,2.164840,0.765765,0.000154,0.134792,-0.003800,-0.001388,0.000733,0.139228,-0.002083,0.118152,-15.607579,-0.604447,21.826546,0.405467,2.393422,-0.200453
1750016686.506511,0.122009,0.347450,0.073618,-0.542646,0.610371,0.060226,nan,0.022112,0.094029,0.036593,-0.125687,0.131736,0.031826,nan,1.313760,-30.969500,13.764200,0.815851,0.218091,1.162950,nan,-0.005237,-0.393643,-0.016615,-2.563106,-0.008362,2.169498,0.765655,0.001682,0.135973,-0.002391,-0.004202,0.001304,0.135347,-0.003294,0.094349,-16.222507,-0.656022,21.997139,0.424693,2.432790,-0.220595
1750016686.539665,0.122944,0.351499,0.075223,-0.548228,0.616168,0.061616,nan,0.022291,0.090351,0.038294,-0.124441,0.131664,0.031419,nan,1.384620,-33.577900,13.844500,1.079380,0.184178,1.195770,nan,-0.005269,-0.389136,-0.016745,-2.563190,-0.008368,2.174240,0.765532,-0.000222,0.133913,-0.002982,0.000801,-0.001026,0.140663,-0.003508,0.118152,-15.556005,-0.604447,21.774971,0.431101,2.366872,-0.187636
1750016686.572955,0.123710,0.354553,0.076493,-0.552480,0.620624,0.062694,nan,0.020818,0.093501,0.040546,-0.125795,0.133808,0.032736,nan,0.493552,-32.726900,14.773800,1.248160,0.131107,1.156730,nan,-0.005294,-0.384467,-0.016871,-2.563185,-0.008362,2.179034,0.765411,-0.000833,0.138744,-0.004526,-0.000149,-0.000633,0.134280,-0.003059,0.066578,-15.710729,-0.604447,21.580574,0.424693,2.393422,-0.200453
1750016686.606038,0.123830,0.355068,0.076744,-0.553175,0.621355,0.062873,nan,0.021201,0.093322,0.039863,-0.124716,0.133676,0.031443,nan,0.358491,-33.524700,13.775200,1.243240,0.156575,1.155290,nan,-0.005328,-0.379743,-0.016993,-2.563251,-0.008365,2.183561,0.765290,-0.000890,0.137918,-0.003864,-0.001905,-0.000986,0.134433,-0.002923,0.141956,-16.349461,-0.604447,21.925728,0.444834,2.439198,-0.194044
1750016686.639688,0.124705,0.359009,0.078469,-0.558637,0.627140,0.064287,nan,0.019980,0.090950,0.041480,-0.126729,0.132886,0.032365,nan,0.347696,-30.281500,13.719300,1.185830,0.192979,1.077070,nan,-0.005358,-0.375132,-0.017120,-2.563279,-0.008364,2.188215,0.765170,-0.000448,0.134990,-0.005066,0.001251,0.000700,0.138123,-0.002717,0.118152,-16.091587,-0.604447,21.751167,0.451243,2.426381,-0.200453
1750016686.672872,0.125543,0.362543,0.080026,-0.563416,0.632279,0.065568,nan,0.022208,0.092064,0.039732,-0.128478,0.134299,0.032760,nan,0.095328,-28.480700,14.433700,0.923195,0.169829,1.075990,nan,-0.005387,-0.370472,-0.017248,-2.563281,-0.008362,2.192878,0.765058,-0.000429,0.140699,-0.003485,0.000580,-0.000240,0.140259,-0.000666,0.094349,-16.500217,-0.604447,21.826546,0.470469,2.439198,-0.227003
1750016686.706035,0.126465,0.366424,0.081667,-0.568723,0.637836,0.066898,nan,0.021393,0.092579,0.037791,-0.127771,0.132107,0.031491,nan,-0.303335,-29.407300,14.716100,1.075800,0.129630,1.111690,nan,-0.005409,-0.365738,-0.017374,-2.563290,-0.008361,2.197561,0.764925,-0.000757,0.137336,-0.003714,0.000073,0.000305,0.137941,-0.003858,0.066578,-16.706516,-0.604447,21.949532,0.497019,2.412648,-0.161086
1750016686.739299,0.127304,0.369969,0.083212,-0.573454,0.642855,0.068156,nan,0.021692,0.094256,0.041229,-0.124812,0.131257,0.032293,nan,-0.576172,-29.767900,13.706000,0.883880,0.166666,1.011670,nan,-0.005439,-0.361059,-0.017504,-2.563226,-0.008357,2.202264,0.764792,-0.000934,0.136546,-0.003827,-0.000695,-0.001094,0.134846,-0.004766,0.094349,-16.170933,-0.604447,21.604378,0.497019,2.354054,-0.161086
1750016686.772991,0.127352,0.370221,0.083320,-0.573777,0.643227,0.068239,nan,0.021118,0.094076,0.041409,-0.125387,0.132574,0.031922,nan,-0.284672,-29.678000,13.851500,0.878197,0.117386,1.025440,nan,-0.005476,-0.356297,-0.017630,-2.563179,-0.008348,2.206852,0.764676,-0.000671,0.144379,-0.005253,0.001534,0.000364,0.137236,-0.002096,0.118152,-16.885044,-0.580643,21.751167,0.497019,2.399831,-0.227003
1750016686.806203,0.128190,0.374185,0.085117,-0.579072,0.648737,0.069641,nan,0.019153,0.093789,0.039983,-0.124333,0.130310,0.033395,nan,-0.375215,-30.986300,12.991500,0.897952,0.171363,0.928781,nan,-0.005502,-0.351478,-0.017752,-2.563127,-0.008349,2.211481,0.764541,-0.000425,0.139452,-0.005074,0.002595,-0.001163,0.137831,-0.004245,0.094349,-17.194492,-0.552872,21.973335,0.555613,2.419972,-0.173903
1750016686.839337,0.129017,0.378126,0.086877,-0.584366,0.654187,0.071018,nan,0.021297,0.095166,0.044008,-0.127855,0.132754,0.033730,nan,-0.621676,-33.404700,12.431600,1.167610,0.155193,0.862183,nan,-0.005526,-0.346787,-0.017868,-2.562963,-0.008336,2.216100,0.764412,0.001125,0.138846,-0.002089,0.005631,-0.000879,0.135734,-0.003733,0.094349,-17.011997,-0.604447,21.826546,0.569346,2.432790,-0.187636
1750016686.872807,0.129867,0.381959,0.088602,-0.589469,0.659565,0.072336,nan,0.020471,0.094352,0.042415,-0.123171,0.132610,0.032497,nan,-0.360724,-33.489000,12.736700,1.076360,0.141913,0.903268,nan,-0.005557,-0.341953,-0.017991,-2.562766,-0.008326,2.220681,0.764284,-0.001603,0.142546,-0.004086,0.005303,-0.000477,0.131457,-0.004395,0.169727,-17.575352,-0.604447,21.727364,0.601390,2.419972,-0.214186
1750016686.906067,0.130706,0.385792,0.090303,-0.594523,0.664907,0.073678,nan,0.021549,0.093837,0.043828,-0.126908,0.133568,0.033970,nan,-0.077255,-33.358900,12.285900,0.916838,0.094812,0.889972,nan,-0.005574,-0.337141,-0.018117,-2.562562,-0.008311,2.225306,0.764161,-0.000340,0.138044,-0.003932,0.006899,0.001093,0.137914,-0.003122,0.141956,-16.988194,-0.580643,21.727364,0.601390,2.459340,-0.187636
1750016686.939293,0.130706,0.385792,0.090303,-0.594523,0.664907,0.073678,nan,0.021549,0.093837,0.043828,-0.126908,0.133568,0.033970,nan,-0.077287,-33.358900,12.285900,0.916839,0.094800,0.889972,nan,-0.005597,-0.332394,-0.018235,-2.562266,-0.008294,2.229913,0.764034,-0.001985,0.144380,-0.002382,0.008105,-0.000251,0.133275,-0.007386,0.118152,-17.063572,-0.580643,21.453621,0.648081,2.419972,-0.161086
1750016686.972751,0.131556,0.389565,0.092052,-0.599566,0.670237,0.075043,nan,0.019632,0.091693,0.046463,-0.123531,0.132754,0.032293,nan,0.068317,-30.985100,13.126700,0.710709,0.119862,0.862183,nan,-0.005619,-0.327478,-0.018353,-2.562037,-0.008267,2.234552,0.763902,-0.001532,0.147106,-0.001927,0.005826,0.000558,0.135428,-0.004868,0.141956,-17.805454,-0.580643,21.727364,0.673716,2.419972,-0.214186
1750016687.006799,0.132347,0.393350,0.093849,-0.604681,0.675556,0.076409,nan,0.019572,0.095921,0.042403,-0.125567,0.131760,0.034341,nan,0.443228,-29.489700,13.689800,0.770043,0.153861,0.861823,nan,-0.005648,-0.322673,-0.018481,-2.561807,-0.008228,2.239043,0.763768,-0.002175,0.142967,-0.002971,0.007450,0.002062,0.130394,-0.005042,0.141956,-17.603123,-0.580643,21.850349,0.693858,2.412648,-0.214186
1750016687.039558,0.133161,0.397195,0.095693,-0.609867,0.680850,0.077750,nan,0.021357,0.095406,0.043085,-0.124513,0.129640,0.032616,nan,1.012860,-29.587200,13.358600,0.982251,0.176496,0.879072,nan,-0.005663,-0.317775,-0.018605,-2.561462,-0.008177,2.243560,0.763639,-0.000438,0.145084,-0.005016,0.009179,0.003301,0.135578,-0.003465,0.094349,-18.011753,-0.552872,21.675789,0.713084,2.419972,-0.187636
1750016687.072716,0.134012,0.401052,0.097490,-0.615006,0.686096,0.079116,nan,0.021225,0.095873,0.043445,-0.126262,0.128310,0.032365,nan,1.165830,-30.508100,12.607300,1.186530,0.261708,0.884462,nan,-0.005692,-0.312787,-0.018728,-2.561152,-0.008143,2.248206,0.763501,-0.001767,0.141339,-0.002551,0.009606,0.000797,0.132765,-0.002401,0.141956,-18.035557,-0.604447,21.826546,0.706675,2.445607,-0.234328
1750016687.105987,0.134742,0.404430,0.099047,-0.619450,0.690636,0.080266,nan,0.021010,0.093070,0.045613,-0.124273,0.131640,0.034305,nan,1.551840,-31.901400,13.130800,1.321950,0.231126,0.898117,nan,-0.005712,-0.308036,-0.018851,-2.560724,-0.008100,2.252780,0.763370,-0.001121,0.141339,-0.003577,0.014923,0.001152,0.135305,-0.003596,0.141956,-17.523777,-0.580643,21.481392,0.713084,2.419972,-0.227003
1750016687.139922,0.134934,0.405197,0.099407,-0.620432,0.691702,0.080529,nan,0.020291,0.094532,0.045517,-0.123028,0.127723,0.034198,nan,0.965707,-32.076800,13.570400,1.259370,0.225208,0.922193,nan,-0.005727,-0.303071,-0.018966,-2.560281,-0.008056,2.257326,0.763221,0.000371,0.149359,-0.002673,0.009001,0.000602,0.131536,-0.005880,0.141956,-18.345005,-0.580643,21.481392,0.739634,2.373280,-0.167494
1750016687.174176,0.135736,0.409066,0.101299,-0.625211,0.696949,0.081966,nan,0.018926,0.094256,0.046152,-0.124860,0.130945,0.034940,nan,1.202860,-32.976800,12.848300,0.475867,0.140591,0.893206,nan,-0.005749,-0.298151,-0.019092,-2.559939,-0.008010,2.261688,0.763087,0.000467,0.144379,-0.004200,0.011959,0.001213,0.131077,-0.004263,0.141956,-18.396580,-0.529069,21.727364,0.752452,2.445607,-0.173903
1750016687.207905,0.136479,0.412983,0.103216,-0.630494,0.702219,0.083368,nan,0.019848,0.093909,0.047745,-0.126286,0.127471,0.034964,nan,1.747370,-34.437200,12.974200,1.098370,0.150248,0.983521,nan,-0.005768,-0.293230,-0.019212,-2.559505,-0.007961,2.266197,0.762948,-0.001089,0.144667,-0.004676,0.014695,0.001418,0.130688,-0.005346,0.094349,-18.444187,-0.552872,21.552803,0.758860,2.465749,-0.180312
1750016687.241716,0.137282,0.416852,0.105072,-0.635465,0.707441,0.084722,nan,0.019884,0.094615,0.045337,-0.123315,0.127459,0.033695,nan,2.317980,-34.339900,12.687700,0.889319,0.146683,1.032150,nan,-0.005786,-0.288121,-0.019343,-2.559052,-0.007906,2.270797,0.762806,0.000131,0.143468,-0.004600,0.011782,0.001675,0.134810,-0.004106,0.118152,-18.932163,-0.505265,21.751167,0.765269,2.452016,-0.214186
1750016687.276034,0.138036,0.420421,0.106833,-0.640160,0.712245,0.086027,nan,0.019429,0.094675,0.047218,-0.127471,0.128178,0.035084,nan,2.468440,-33.186400,13.093200,0.920968,0.182206,1.008200,nan,-0.005808,-0.283311,-0.019457,-2.558535,-0.007859,2.275314,0.762665,-0.001628,0.141104,-0.003050,0.017902,0.001920,0.132670,-0.004023,0.118152,-18.114902,-0.604447,21.453621,0.785411,2.412648,-0.207777
1750016687.309841,0.138084,0.420661,0.106965,-0.640496,0.712568,0.086111,nan,0.020363,0.094747,0.046858,-0.124932,0.129723,0.034593,nan,2.569940,-32.830900,12.838000,0.904281,0.222566,1.037540,nan,-0.005823,-0.278337,-0.019580,-2.557921,-0.007796,2.279753,0.762526,-0.000664,0.151320,-0.004489,0.015165,0.001598,0.129154,-0.002681,0.094349,-18.702061,-0.552872,21.207649,0.785411,2.347646,-0.214186
1750016687.343849,0.138923,0.424482,0.108953,-0.645562,0.717779,0.087500,nan,0.021537,0.096364,0.048488,-0.124537,0.128370,0.035000,nan,2.725370,-30.567000,12.583300,0.985424,0.173505,1.080900,nan,-0.005844,-0.273308,-0.019698,-2.557475,-0.007739,2.284111,0.762378,-0.000009,0.147478,-0.004726,0.011569,0.001945,0.131807,-0.004154,0.118152,-19.162266,-0.505265,21.703560,0.785411,2.459340,-0.180312
1750016687.377733,0.139713,0.428387,0.110930,-0.650701,0.722953,0.088950,nan,0.018135,0.095154,0.049242,-0.122297,0.126956,0.037983,nan,3.392310,-30.717700,13.521300,1.173260,0.248463,1.069760,nan,-0.005863,-0.268298,-0.019811,-2.556938,-0.007681,2.288573,0.762233,-0.000825,0.147793,-0.001762,0.016791,0.002015,0.133767,-0.005807,0.118152,-19.138462,-0.580643,21.453621,0.818370,2.465749,-0.180312
1750016687.412224,0.140504,0.432315,0.112882,-0.655624,0.728164,0.090351,nan,0.020734,0.095670,0.048859,-0.126861,0.126741,0.035000,nan,3.125930,-31.371300,13.555800,0.866866,0.158326,1.170020,nan,-0.005882,-0.263119,-0.019937,-2.556341,-0.007616,2.293129,0.762088,-0.000406,0.149333,-0.003264,0.015250,0.001621,0.127991,-0.006514,0.118152,-19.828770,-0.505265,21.604378,0.824778,2.459340,-0.180312
1750016687.446083,0.141330,0.436316,0.114882,-0.660667,0.733362,0.091789,nan,0.020063,0.094879,0.050153,-0.122225,0.127987,0.033934,nan,3.627620,-33.529500,13.493300,0.803357,0.154256,1.110250,nan,-0.005898,-0.258210,-0.020046,-2.555696,-0.007542,2.297501,0.761949,0.000752,0.143476,-0.002127,0.023517,0.004721,0.128476,-0.003291,0.118152,-19.007542,-0.580643,21.207649,0.804637,2.432790,-0.234328
1750016687.480164,0.141330,0.436316,0.114882,-0.660667,0.733362,0.091789,nan,0.020063,0.094879,0.050153,-0.122225,0.127987,0.033934,nan,3.627570,-33.529500,13.493300,0.803367,0.154232,1.110250,nan,-0.005913,-0.253227,-0.020167,-2.554946,-0.007473,2.301859,0.761795,-0.000451,0.151049,-0.002435,0.021967,0.003180,0.129858,-0.004504,0.094349,-19.086887,-0.552872,20.961678,0.844004,2.354054,-0.220595
1750016687.513957,0.142157,0.440281,0.116943,-0.665686,0.738549,0.093214,nan,0.021992,0.097634,0.049398,-0.121015,0.125303,0.034078,nan,4.019020,-35.111800,13.111900,0.779897,0.095949,1.094440,nan,-0.005931,-0.248117,-0.020287,-2.554329,-0.007401,2.306175,0.761642,0.000469,0.149706,-0.003680,0.017365,0.004146,0.125480,-0.006083,0.141956,-19.880344,-0.477494,21.330635,0.831187,2.459340,-0.200453
1750016687.547847,0.143031,0.444317,0.119099,-0.670860,0.743735,0.094687,nan,0.018973,0.095825,0.048176,-0.123435,0.125615,0.032724,nan,3.953930,-35.623000,11.982100,0.948031,0.174282,1.084980,nan,-0.005945,-0.243039,-0.020399,-2.553682,-0.007336,2.310595,0.761491,0.000013,0.149054,-0.002381,0.020761,0.000497,0.133525,-0.005945,0.066578,-19.800999,-0.505265,21.283028,0.864146,2.426381,-0.187636
1750016687.581880,0.143798,0.448438,0.121195,-0.676155,0.749078,0.096221,nan,0.017428,0.096185,0.051099,-0.125291,0.123327,0.036258,nan,4.432510,-35.393000,11.826900,1.124930,0.228260,0.961961,nan,-0.005968,-0.237813,-0.020522,-2.552940,-0.007251,2.315080,0.761329,-0.000506,0.153287,-0.004209,0.020939,0.000657,0.128242,-0.002380,0.118152,-20.467503,-0.453690,21.283028,0.870555,2.406239,-0.220595
1750016687.616085,0.144552,0.452199,0.123207,-0.681090,0.754013,0.097586,nan,0.019740,0.096544,0.052740,-0.125100,0.124441,0.034317,nan,4.306060,-34.707900,12.128300,1.403410,0.211086,1.100670,nan,-0.005981,-0.232825,-0.020632,-2.552190,-0.007172,2.319341,0.761175,-0.000241,0.145138,-0.005316,0.023448,0.003267,0.127367,-0.003108,0.094349,-19.828770,-0.453690,21.132271,0.883372,2.399831,-0.227003
1750016687.649782,0.145223,0.455445,0.124968,-0.685162,0.758313,0.098820,nan,0.019932,0.096771,0.050859,-0.122321,0.124633,0.034808,nan,4.340380,-32.118000,13.142000,1.017760,0.117084,1.062700,nan,-0.005993,-0.227819,-0.020746,-2.551316,-0.007091,2.323689,0.761016,0.001045,0.149158,-0.003586,0.025373,0.001995,0.131536,-0.003314,0.066578,-19.674046,-0.505265,20.838692,0.883372,2.354054,-0.234328
1750016687.684049,0.145343,0.456020,0.125279,-0.685857,0.759055,0.099035,nan,0.020075,0.099167,0.052404,-0.122752,0.124681,0.034569,nan,4.269950,-32.701300,13.074800,0.912919,0.120687,1.019100,nan,-0.006013,-0.222667,-0.020857,-2.550519,-0.006999,2.327961,0.760866,-0.000443,0.152772,-0.002384,0.021366,0.003666,0.127518,-0.005677,0.094349,-20.415928,-0.505265,21.009285,0.876963,2.379689,-0.240736
1750016687.718199,0.146205,0.460141,0.127507,-0.691055,0.764350,0.100616,nan,0.019716,0.096867,0.052368,-0.122129,0.121997,0.036689,nan,4.125860,-32.243300,13.491000,0.919882,0.155445,0.895841,nan,-0.006032,-0.217508,-0.020972,-2.549765,-0.006915,2.332279,0.760712,-0.001068,0.152337,-0.004130,0.023840,0.002106,0.127004,-0.002880,0.118152,-20.519077,-0.477494,21.160042,0.903514,2.419972,-0.240736
1750016687.752075,0.147044,0.464309,0.129699,-0.696122,0.769572,0.102150,nan,0.019249,0.099478,0.052560,-0.120728,0.123028,0.036545,nan,3.929320,-34.786900,13.599300,0.661796,0.144370,0.838346,nan,-0.006053,-0.212255,-0.021083,-2.548892,-0.006819,2.336635,0.760536,-0.002396,0.153405,-0.002699,0.024713,0.002821,0.124278,-0.005269,0.193531,-20.951511,-0.477494,21.060860,0.896189,2.426381,-0.194044
1750016687.785874,0.147762,0.468190,0.131843,-0.701021,0.774447,0.103515,nan,0.018530,0.098293,0.054141,-0.121207,0.123471,0.034557,nan,4.324760,-35.099800,13.941900,0.866861,0.202001,0.922912,nan,-0.006061,-0.207147,-0.021188,-2.548008,-0.006731,2.340790,0.760382,-0.000528,0.149681,-0.001907,0.028822,0.001691,0.122966,-0.004183,0.118152,-20.749180,-0.529069,20.937874,0.929148,2.439198,-0.227003
1750016687.819782,0.148505,0.471843,0.133868,-0.705609,0.779035,0.104833,nan,0.020219,0.098472,0.055890,-0.120488,0.124273,0.035982,nan,3.379510,-35.986200,13.335300,1.052440,0.131813,0.918719,nan,-0.006079,-0.202121,-0.021296,-2.547020,-0.006635,2.345083,0.760209,-0.002294,0.151055,-0.003478,0.030354,0.001778,0.126619,-0.005626,0.169727,-20.364353,-0.505265,20.664131,0.922740,2.379689,-0.187636
1750016687.854079,0.148565,0.472131,0.134035,-0.705944,0.779382,0.104929,nan,0.019800,0.099323,0.055243,-0.120788,0.121363,0.035180,nan,3.276690,-36.816500,12.944400,1.038300,0.160648,0.932494,nan,-0.006087,-0.196931,-0.021404,-2.546062,-0.006534,2.349300,0.760050,0.000321,0.153877,-0.001443,0.028179,0.003084,0.125230,-0.002687,0.094349,-21.106236,-0.505265,20.687935,0.922740,2.412648,-0.234328
1750016687.887897,0.149403,0.476299,0.136311,-0.711179,0.784593,0.106498,nan,0.019524,0.097167,0.052764,-0.123483,0.121758,0.037252,nan,3.318080,-38.037100,13.059500,1.253940,0.234735,0.867213,nan,-0.006105,-0.191715,-0.021511,-2.545210,-0.006424,2.353549,0.759876,-0.000311,0.151630,-0.002610,0.026525,0.002501,0.124918,-0.005800,0.141956,-21.130039,-0.505265,21.009285,0.968516,2.452016,-0.227003
1750016687.922136,0.150230,0.480240,0.138467,-0.715934,0.789456,0.107923,nan,0.020004,0.098820,0.054441,-0.123183,0.122620,0.036330,nan,2.767410,-38.440300,14.004400,1.055950,0.220632,0.867812,nan,-0.006122,-0.186418,-0.021630,-2.544223,-0.006330,2.357803,0.759705,0.000069,0.155450,-0.002823,0.028933,0.002632,0.122290,-0.001989,0.118152,-21.491062,-0.425919,20.763313,0.935557,2.432790,-0.267287
1750016687.956146,0.151044,0.484265,0.140827,-0.720977,0.794654,0.109432,nan,0.017823,0.097933,0.056956,-0.119805,0.123435,0.036761,nan,2.558810,-34.874600,14.083200,0.776761,0.164044,0.935369,nan,-0.006137,-0.181246,-0.021733,-2.543265,-0.006211,2.361920,0.759533,-0.001454,0.151951,-0.003794,0.029285,0.003158,0.124539,-0.004238,0.141956,-21.566441,-0.425919,20.886299,0.974925,2.432790,-0.260878
1750016687.990232,0.151751,0.488193,0.143091,-0.725876,0.799577,0.110894,nan,0.018075,0.097658,0.054608,-0.121231,0.120692,0.036066,nan,2.372340,-32.520200,14.977300,0.817221,0.223761,0.906382,nan,-0.006139,-0.176185,-0.021832,-2.542176,-0.006104,2.366145,0.759361,0.001149,0.152260,-0.003759,0.032283,0.002697,0.126338,-0.005477,0.042774,-21.054661,-0.505265,20.465767,0.981333,2.360463,-0.194044
1750016688.024135,0.151751,0.488193,0.143091,-0.725876,0.799577,0.110894,nan,0.018075,0.097658,0.054608,-0.121231,0.120692,0.036066,nan,2.372340,-32.520200,14.977300,0.817221,0.223761,0.906382,nan,-0.006157,-0.170950,-0.021940,-2.541094,-0.005985,2.370324,0.759193,-0.000371,0.155312,-0.002075,0.029995,0.002593,0.121286,-0.006126,0.066578,-21.796543,-0.477494,20.541145,0.981333,2.399831,-0.240736
1750016688.058011,0.152518,0.492218,0.145355,-0.730847,0.804548,0.112355,nan,0.019572,0.098269,0.056872,-0.119458,0.121950,0.038019,nan,2.254480,-33.822500,14.575900,0.900419,0.164464,0.912730,nan,-0.006178,-0.165672,-0.022052,-2.540075,-0.005866,2.374439,0.759016,-0.001120,0.155038,-0.003597,0.029288,0.003876,0.119447,-0.004217,0.141956,-21.899693,-0.402116,20.763313,0.995066,2.472157,-0.254469
1750016688.091837,0.153344,0.496422,0.147834,-0.735973,0.809615,0.113912,nan,0.019225,0.099550,0.058753,-0.118979,0.121375,0.035264,nan,1.522910,-34.977600,12.663800,1.005230,0.255592,0.974777,nan,-0.006194,-0.160336,-0.022141,-2.538961,-0.005730,2.378588,0.758843,-0.001292,0.157341,-0.002621,0.032410,0.004674,0.117178,-0.004835,0.141956,-22.205173,-0.453690,20.664131,0.974925,2.459340,-0.267287
1750016688.125781,0.154135,0.500351,0.150122,-0.740801,0.814382,0.115302,nan,0.018961,0.099754,0.055147,-0.122501,0.120512,0.035587,nan,0.833763,-36.231000,13.275800,1.249150,0.279387,1.033350,nan,-0.006207,-0.155112,-0.022240,-2.537822,-0.005611,2.382656,0.758657,-0.000488,0.152190,-0.003486,0.035027,0.002874,0.122779,-0.004494,0.118152,-22.205173,-0.425919,20.541145,1.020701,2.432790,-0.240736
1750016688.172738,0.155548,0.507981,0.154542,-0.749724,0.823594,0.118093,nan,0.017656,0.098353,0.058262,-0.122129,0.117841,0.037036,nan,0.732388,-38.270400,12.977500,0.446573,0.255053,1.102220,nan,-0.006219,-0.150010,-0.022328,-2.536608,-0.005488,2.386776,0.758472,0.000254,0.151593,-0.002994,0.035451,0.001700,0.126225,-0.003431,0.094349,-21.618015,-0.453690,20.394356,1.060069,2.373280,-0.240736
1750016688.206032,0.155644,0.508544,0.154854,-0.750419,0.824276,0.118272,nan,0.017584,0.098904,0.060226,-0.118536,0.121003,0.036437,nan,0.365699,-38.928300,13.699100,0.553034,0.149893,1.162830,nan,-0.006235,-0.144745,-0.022429,-2.535363,-0.005343,2.390901,0.758284,-0.000597,0.154095,-0.002982,0.033582,0.005209,0.119060,-0.005121,0.094349,-22.411472,-0.425919,20.195992,1.020701,2.379689,-0.260878
1750016688.239338,0.156411,0.512689,0.157345,-0.755558,0.829247,0.119829,nan,0.018961,0.099490,0.059915,-0.119015,0.118332,0.038210,nan,0.627611,-37.519400,13.727100,0.926100,0.244878,1.192540,nan,-0.006258,-0.139424,-0.022528,-2.534248,-0.005217,2.394911,0.758098,-0.000836,0.156006,-0.003604,0.034003,0.004453,0.114086,-0.004642,0.141956,-22.538425,-0.453690,20.640327,1.020701,2.459340,-0.267287
1750016688.272668,0.157201,0.516534,0.159681,-0.760241,0.834027,0.121327,nan,0.019297,0.099658,0.058681,-0.119338,0.120668,0.036078,nan,-0.223684,-34.012000,14.035700,0.636422,0.100000,1.256980,nan,-0.006275,-0.134031,-0.022626,-2.532985,-0.005070,2.398994,0.757915,-0.000988,0.160460,-0.002242,0.038940,0.004581,0.118030,-0.004104,0.118152,-23.077976,-0.453690,20.295174,1.014292,2.432790,-0.254469
1750016688.306507,0.157992,0.520726,0.162196,-0.765356,0.838986,0.122908,nan,0.018854,0.100844,0.061124,-0.119302,0.118320,0.037791,nan,-0.038266,-33.790100,13.815400,0.882125,0.207534,1.189550,nan,-0.006293,-0.128811,-0.022714,-2.531801,-0.004934,2.402991,0.757723,-0.000687,0.150781,-0.003630,0.035170,0.003085,0.120069,-0.004733,0.094349,-22.768528,-0.425919,20.517342,1.073802,2.406239,-0.240736
1750016688.339614,0.158651,0.524367,0.164424,-0.769608,0.843358,0.124309,nan,0.017788,0.099874,0.061580,-0.119302,0.118284,0.038282,nan,0.371400,-33.650900,13.972100,0.512811,0.181796,1.178880,nan,-0.006312,-0.123690,-0.022798,-2.530460,-0.004793,2.407032,0.757533,-0.001711,0.151848,-0.001796,0.040447,0.003623,0.118924,-0.004343,0.141956,-22.181370,-0.453690,19.997627,1.066477,2.360463,-0.254469
1750016688.372754,0.158710,0.524655,0.164604,-0.769931,0.843693,0.124429,nan,0.017740,0.099035,0.060574,-0.118045,0.121327,0.039468,nan,0.135020,-33.413800,14.008700,0.418341,0.178586,1.142590,nan,-0.006325,-0.118357,-0.022889,-2.529165,-0.004637,2.410997,0.757336,-0.000427,0.159351,-0.003405,0.036399,0.004847,0.114714,-0.007769,0.094349,-23.228733,-0.402116,20.144417,1.053660,2.426381,-0.227003
1750016688.406446,0.159429,0.528955,0.167179,-0.775070,0.848664,0.125998,nan,0.015763,0.101551,0.058369,-0.117805,0.116499,0.035503,nan,0.105144,-36.583200,13.991400,0.773997,0.199203,1.162120,nan,-0.006351,-0.112998,-0.022975,-2.527936,-0.004483,2.414931,0.757139,-0.001861,0.155482,-0.000919,0.036565,0.005335,0.117478,-0.007779,0.141956,-23.383457,-0.425919,20.342781,1.047251,2.439198,-0.267287
1750016688.439582,0.160136,0.533016,0.169623,-0.779766,0.853419,0.127543,nan,0.018674,0.099862,0.061568,-0.118033,0.120129,0.038126,nan,-0.183028,-37.609500,14.080900,0.638443,0.057596,1.051080,nan,-0.006369,-0.107592,-0.023070,-2.526562,-0.004331,2.418878,0.756931,-0.000884,0.156027,-0.002856,0.039717,0.003614,0.113121,-0.006464,0.169727,-23.637363,-0.378312,20.243599,1.099436,2.419972,-0.200453
1750016688.472734,0.160938,0.537244,0.172270,-0.784736,0.858318,0.129100,nan,0.017320,0.101155,0.064790,-0.119254,0.118332,0.036402,nan,-0.903399,-38.265400,13.970500,0.589018,0.132668,1.082700,nan,-0.006384,-0.102318,-0.023148,-2.525200,-0.004189,2.422783,0.756744,0.000033,0.153899,-0.001809,0.040874,0.004763,0.119239,-0.003864,0.118152,-23.435032,-0.453690,20.243599,1.119578,2.419972,-0.240736
1750016688.506020,0.161621,0.541245,0.174701,-0.789408,0.862942,0.130586,nan,0.018422,0.102150,0.060741,-0.117673,0.115517,0.035647,nan,-0.166495,-38.817100,15.161400,0.597772,0.143257,1.041380,nan,-0.006402,-0.097139,-0.023229,-2.523712,-0.004010,2.426754,0.756547,-0.000258,0.154269,-0.001162,0.043915,0.003973,0.116806,-0.002243,0.094349,-22.947056,-0.453690,19.775459,1.086619,2.379689,-0.260878
1750016688.539738,0.161621,0.541245,0.174701,-0.789408,0.862942,0.130586,nan,0.018422,0.102150,0.060741,-0.117673,0.115517,0.035647,nan,-0.166535,-38.817100,15.161400,0.597785,0.143229,1.041380,nan,-0.006421,-0.091783,-0.023314,-2.522266,-0.003845,2.430646,0.756346,0.000039,0.160265,-0.003566,0.041139,0.003880,0.108563,-0.003679,0.094349,-23.843662,-0.402116,19.823067,1.086619,2.432790,-0.274611
1750016688.573126,0.162436,0.545569,0.177432,-0.794690,0.868009,0.132251,nan,0.017308,0.098939,0.065065,-0.117901,0.118117,0.039013,nan,-0.292683,-35.951200,14.161300,0.900628,0.198796,0.970345,nan,-0.006448,-0.086405,-0.023398,-2.520891,-0.003678,2.434501,0.756140,-0.000767,0.158724,-0.004297,0.041447,0.004232,0.113083,-0.005043,0.118152,-24.022190,-0.350541,20.096809,1.099436,2.432790,-0.254469
1750016688.606428,0.163118,0.549486,0.180008,-0.799374,0.872560,0.133736,nan,0.017524,0.101838,0.064802,-0.115853,0.114343,0.036845,nan,-0.272905,-33.067400,13.807500,0.927830,0.297697,0.954654,nan,-0.006468,-0.080948,-0.023476,-2.519374,-0.003508,2.438409,0.755918,0.000809,0.157984,-0.002698,0.043872,0.005859,0.112104,-0.008469,0.094349,-24.355442,-0.378312,19.950020,1.119578,2.419972,-0.227003
1750016688.639614,0.163789,0.553546,0.182607,-0.804081,0.877220,0.135233,nan,0.018949,0.099023,0.062262,-0.118248,0.117542,0.037971,nan,0.333304,-33.753700,12.598700,0.947703,0.227811,0.913210,nan,-0.006489,-0.075694,-0.023543,-2.517911,-0.003334,2.442242,0.755715,0.000563,0.151537,-0.001412,0.045413,0.004203,0.116293,-0.005487,0.066578,-23.998386,-0.425919,19.775459,1.132395,2.379689,-0.254469
1750016688.672843,0.164532,0.557667,0.185182,-0.808597,0.881879,0.136755,nan,0.018602,0.103204,0.064946,-0.116428,0.114643,0.036138,nan,0.332991,-35.234000,12.788500,0.287209,0.198801,0.911413,nan,-0.006513,-0.070483,-0.023611,-2.516350,-0.003146,2.446086,0.755505,-0.000113,0.157097,-0.000289,0.046155,0.005455,0.112425,-0.005428,0.042774,-23.665134,-0.453690,19.577095,1.125987,2.393422,-0.227003
1750016688.706105,0.165191,0.561464,0.187602,-0.812981,0.886120,0.138156,nan,0.018494,0.099694,0.065556,-0.117637,0.113673,0.037432,nan,0.807566,-37.248000,12.769400,0.474704,0.251538,0.839544,nan,-0.006541,-0.065072,-0.023689,-2.514828,-0.002963,2.449898,0.755298,-0.001221,0.162420,-0.000778,0.043493,0.006959,0.113162,-0.006528,0.094349,-24.660923,-0.425919,19.775459,1.151621,2.360463,-0.220595
1750016688.739364,0.165310,0.562051,0.187985,-0.813652,0.886778,0.138372,nan,0.017943,0.101706,0.064059,-0.115493,0.112032,0.037647,nan,0.426674,-38.581900,12.958100,0.535261,0.214598,0.820139,nan,-0.006568,-0.059667,-0.023773,-2.513325,-0.002781,2.453641,0.755080,-0.002225,0.156886,-0.003243,0.045031,0.004357,0.111889,-0.005837,0.141956,-24.712498,-0.378312,19.922249,1.132395,2.439198,-0.207777
1750016688.772696,0.166053,0.566243,0.190620,-0.818467,0.891426,0.139881,nan,0.017668,0.100820,0.065377,-0.115050,0.112619,0.037180,nan,0.576805,-38.748600,13.917400,0.582812,0.303003,0.974298,nan,-0.006594,-0.054185,-0.023843,-2.511689,-0.002586,2.457420,0.754866,-0.001436,0.159498,-0.000862,0.048012,0.005199,0.108664,-0.004741,0.118152,-25.172703,-0.425919,19.799263,1.158946,2.432790,-0.254469
1750016688.806487,0.166736,0.570220,0.193196,-0.822983,0.895870,0.141378,nan,0.016326,0.100545,0.068287,-0.114607,0.112175,0.036354,nan,0.645962,-39.443800,13.475800,0.480892,0.273794,0.940879,nan,-0.006617,-0.048914,-0.023913,-2.510048,-0.002399,2.461127,0.754648,-0.001960,0.151748,-0.003217,0.048965,0.006423,0.110382,-0.006395,0.118152,-24.533970,-0.378312,19.628670,1.158946,2.445607,-0.254469
1750016688.840243,0.167431,0.574436,0.195975,-0.827762,0.900541,0.142911,nan,0.016722,0.100820,0.068886,-0.115098,0.115421,0.038162,nan,0.138039,-39.590700,13.421800,0.440149,0.257790,0.889732,nan,-0.006639,-0.043638,-0.023969,-2.508311,-0.002200,2.464871,0.754426,-0.001010,0.159879,-0.001101,0.050680,0.006252,0.109441,-0.006009,0.066578,-24.482395,-0.453690,19.354927,1.151621,2.387013,-0.247145
1750016688.874063,0.168113,0.578449,0.198670,-0.832445,0.905129,0.144433,nan,0.017823,0.101203,0.064311,-0.114547,0.112690,0.037947,nan,0.742726,-35.767700,13.276500,0.414790,0.236968,0.906262,nan,-0.006675,-0.038231,-0.024038,-2.506647,-0.001999,2.468617,0.754200,-0.002274,0.161928,-0.002779,0.047745,0.004592,0.111302,-0.007147,0.118152,-25.351231,-0.350541,19.406502,1.145213,2.393422,-0.220595
1750016688.907768,0.168113,0.578449,0.198670,-0.832445,0.905129,0.144433,nan,0.017823,0.101203,0.064311,-0.114547,0.112690,0.037947,nan,0.742299,-35.767700,13.276500,0.414928,0.236628,0.906262,nan,-0.006708,-0.032823,-0.024103,-2.505066,-0.001799,2.472299,0.753981,-0.000359,0.157839,-0.001641,0.046835,0.007803,0.105198,-0.006184,0.094349,-25.327427,-0.378312,19.700081,1.178172,2.406239,-0.240736
1750016688.941869,0.168796,0.582677,0.201496,-0.837285,0.909812,0.145978,nan,0.017560,0.101647,0.068180,-0.115362,0.110175,0.036617,nan,1.826380,-33.499500,13.754800,0.459141,0.343401,0.981365,nan,-0.006745,-0.027321,-0.024157,-2.503371,-0.001591,2.475976,0.753752,-0.000619,0.161300,-0.001468,0.048753,0.006885,0.106273,-0.008034,0.094349,-25.942356,-0.378312,19.628670,1.151621,2.379689,-0.220595
1750016688.975688,0.169479,0.586833,0.204263,-0.841836,0.914376,0.147487,nan,0.017871,0.102880,0.068132,-0.113697,0.111325,0.039276,nan,2.462020,-35.786900,13.543200,0.130930,0.207399,1.091320,nan,-0.006775,-0.022051,-0.024210,-2.501633,-0.001381,2.479576,0.753532,-0.001461,0.152111,-0.000868,0.053789,0.005759,0.107614,-0.005031,0.094349,-25.097324,-0.425919,19.354927,1.145213,2.406239,-0.274611
1750016689.010274,0.170221,0.591122,0.207066,-0.846711,0.919012,0.149056,nan,0.017680,0.102425,0.067569,-0.113780,0.113313,0.035755,nan,2.702370,-36.437800,13.863300,0.435250,0.197105,1.148100,nan,-0.006809,-0.016742,-0.024259,-2.499785,-0.001168,2.483237,0.753297,-0.000427,0.160910,-0.000971,0.055040,0.004246,0.108225,-0.006331,0.118152,-25.275852,-0.378312,19.009773,1.178172,2.327504,-0.254469
1750016689.044054,0.170892,0.595242,0.209833,-0.851227,0.923419,0.150517,nan,0.016386,0.100868,0.068731,-0.114930,0.112175,0.036533,nan,2.876000,-39.095700,12.788400,0.380851,0.199322,1.148940,nan,-0.006840,-0.011309,-0.024310,-2.498032,-0.000955,2.486824,0.753062,-0.000013,0.159537,-0.002133,0.050754,0.007252,0.105297,-0.008055,0.066578,-26.069309,-0.378312,19.255745,1.151621,2.426381,-0.240736
1750016689.077815,0.171479,0.598812,0.212265,-0.855264,0.927241,0.151823,nan,0.018039,0.103036,0.067665,-0.116344,0.111900,0.037228,nan,2.772240,-39.879300,12.345400,0.650849,0.200617,1.156370,nan,-0.006885,-0.005889,-0.024368,-2.496319,-0.000736,2.490414,0.752827,-0.000937,0.159673,-0.002112,0.050627,0.005842,0.108165,-0.008366,0.066578,-26.041538,-0.378312,19.477913,1.105845,2.445607,-0.287428
1750016689.112083,0.171623,0.599662,0.212840,-0.856270,0.928175,0.152122,nan,0.017680,0.102317,0.066539,-0.115218,0.111912,0.038055,nan,2.880720,-38.837200,12.320900,0.756169,0.181446,1.196970,nan,-0.006932,-0.000375,-0.024415,-2.494432,-0.000513,2.494032,0.752584,-0.001627,0.159699,-0.001129,0.054683,0.005950,0.103988,-0.006934,0.141956,-26.604893,-0.378312,19.406502,1.151621,2.439198,-0.220595
1750016689.145863,0.172342,0.603771,0.215595,-0.860858,0.932547,0.153644,nan,0.018458,0.104545,0.070408,-0.111936,0.111672,0.036833,nan,2.657820,-39.081800,12.727400,0.864455,0.242224,1.150260,nan,-0.006969,0.004874,-0.024455,-2.492508,-0.000288,2.497491,0.752348,-0.001494,0.151508,0.000056,0.057012,0.006753,0.103298,-0.010069,0.094349,-25.482151,-0.453690,18.962166,1.151621,2.366872,-0.207777
1750016689.179651,0.173048,0.608035,0.218529,-0.865409,0.937122,0.155213,nan,0.018902,0.100437,0.070743,-0.115673,0.108402,0.038522,nan,3.559530,-38.384000,13.613300,0.413598,0.203350,1.137680,nan,-0.007008,0.010215,-0.024502,-2.490578,-0.000050,2.501016,0.752123,0.000270,0.160556,-0.000850,0.057194,0.009299,0.101450,-0.006222,0.094349,-25.839207,-0.350541,18.739998,1.105845,2.393422,-0.267287
1750016689.214004,0.173767,0.611952,0.221284,-0.869745,0.941375,0.156686,nan,0.018051,0.103587,0.067772,-0.113229,0.109959,0.037707,nan,3.641610,-35.143400,13.808600,0.196963,0.227014,1.161640,nan,-0.007046,0.015709,-0.024534,-2.488800,0.000170,2.504444,0.751884,0.001340,0.164443,-0.000840,0.052305,0.005112,0.102420,-0.008769,0.042774,-26.938145,-0.378312,19.231941,1.151621,2.498708,-0.240736
1750016689.247792,0.174414,0.615785,0.223896,-0.873998,0.945459,0.158136,nan,0.015787,0.100760,0.069653,-0.113205,0.108462,0.038090,nan,3.548230,-34.622100,14.340100,0.281641,0.214435,1.029880,nan,-0.007098,0.021141,-0.024579,-2.486960,0.000400,2.507971,0.751633,-0.002524,0.158587,-0.002002,0.054584,0.006311,0.102389,-0.007758,0.094349,-26.834995,-0.326737,19.307320,1.145213,2.478566,-0.247145
1750016689.282121,0.174522,0.616348,0.224279,-0.874644,0.946082,0.158363,nan,0.015871,0.103455,0.073115,-0.114763,0.107648,0.037408,nan,3.002820,-34.968300,14.531700,0.387949,0.150310,0.980647,nan,-0.007146,0.026670,-0.024611,-2.484934,0.000645,2.511531,0.751378,-0.001371,0.160691,-0.002064,0.061011,0.006522,0.101972,-0.006283,0.118152,-27.219822,-0.326737,19.085152,1.138804,2.459340,-0.247145
1750016689.315906,0.175121,0.620504,0.227190,-0.879124,0.950334,0.159884,nan,0.015967,0.102222,0.073749,-0.110750,0.106618,0.037995,nan,3.425460,-37.005100,13.198800,0.506506,0.152060,0.894284,nan,-0.007186,0.031891,-0.024630,-2.482885,0.000882,2.514946,0.751133,-0.000438,0.156383,-0.001784,0.061464,0.004819,0.101725,-0.008105,0.042774,-26.172459,-0.378312,18.763802,1.145213,2.373280,-0.214186
1750016689.350240,0.175839,0.624924,0.230208,-0.883820,0.954862,0.161465,nan,0.016829,0.103000,0.070995,-0.112906,0.107300,0.036941,nan,3.377570,-39.852300,14.183300,0.431871,0.169418,0.924948,nan,-0.007242,0.037279,-0.024661,-2.480766,0.001132,2.518325,0.750896,-0.002333,0.160429,-0.001662,0.059942,0.008739,0.096412,-0.007377,0.118152,-26.759617,-0.350541,18.513863,1.132395,2.379689,-0.260878
1750016689.384016,0.176498,0.629056,0.233107,-0.888288,0.959138,0.162939,nan,0.017248,0.102868,0.071689,-0.113756,0.105252,0.036725,nan,3.648560,-39.199200,14.390100,0.549697,0.122157,0.820738,nan,-0.007293,0.042735,-0.024685,-2.478887,0.001367,2.521669,0.750654,-0.001882,0.161208,-0.000660,0.054228,0.006919,0.098843,-0.009738,0.094349,-27.398350,-0.326737,18.962166,1.138804,2.393422,-0.200453
1750016689.417802,0.177157,0.632985,0.235910,-0.892444,0.963115,0.164316,nan,0.018099,0.104761,0.073749,-0.108941,0.107576,0.037635,nan,3.649230,-41.224200,13.809500,0.356386,0.212449,0.879192,nan,-0.007355,0.048179,-0.024709,-2.476980,0.001613,2.525054,0.750413,-0.001268,0.162273,-0.000383,0.059489,0.005154,0.098004,-0.007726,0.066578,-27.576878,-0.350541,19.009773,1.145213,2.419972,-0.267287
1750016689.452150,0.177217,0.633261,0.236101,-0.892755,0.963427,0.164424,nan,0.018159,0.105288,0.071162,-0.109145,0.106102,0.036426,nan,3.369690,-40.764000,14.186100,0.390051,0.192681,0.865417,nan,-0.007412,0.053734,-0.024731,-2.474885,0.001860,2.528498,0.750145,-0.001148,0.155799,-0.000249,0.061668,0.007402,0.098215,-0.008050,0.066578,-27.731602,-0.350541,18.962166,1.151621,2.426381,-0.240736
1750016689.485947,0.177935,0.637549,0.239108,-0.897331,0.967775,0.165981,nan,0.016674,0.103024,0.074815,-0.110486,0.105755,0.038522,nan,3.510120,-40.469600,13.515900,0.437988,0.270860,0.815707,nan,-0.007463,0.058969,-0.024739,-2.472719,0.002111,2.531813,0.749896,-0.002089,0.156526,-0.000764,0.065456,0.008433,0.098717,-0.005679,0.066578,-26.862766,-0.378312,18.541634,1.125987,2.360463,-0.254469
1750016689.519731,0.178630,0.641873,0.242294,-0.901979,0.972290,0.167574,nan,0.016602,0.103875,0.074959,-0.108881,0.103383,0.036066,nan,3.072440,-37.544800,13.610700,0.325668,0.185265,0.771268,nan,-0.007526,0.064396,-0.024749,-2.470535,0.002361,2.535084,0.749632,-0.002391,0.160271,0.000661,0.060967,0.005813,0.092081,-0.010542,0.066578,-27.656223,-0.378312,18.418648,1.158946,2.412648,-0.200453
1750016689.554143,0.179289,0.646125,0.245360,-0.906554,0.976579,0.169060,nan,0.016901,0.103839,0.071114,-0.108965,0.104677,0.035312,nan,3.411370,-36.766700,13.633400,0.465956,0.277249,0.854996,nan,-0.007597,0.069842,-0.024767,-2.468498,0.002607,2.538262,0.749401,-0.002050,0.160121,-0.000983,0.060704,0.006760,0.096014,-0.005859,0.118152,-28.088657,-0.298966,18.763802,1.151621,2.459340,-0.281020
1750016689.588028,0.179996,0.650378,0.248391,-0.910998,0.980843,0.170521,nan,0.017177,0.106031,0.076816,-0.107779,0.103216,0.034988,nan,2.781810,-38.395200,13.839000,0.536075,0.158110,0.885540,nan,-0.007670,0.075280,-0.024775,-2.466375,0.002861,2.541545,0.749146,-0.002458,0.160259,0.000164,0.062192,0.007698,0.095711,-0.007094,0.141956,-28.168003,-0.326737,18.688423,1.165354,2.452016,-0.247145
1750016689.621825,0.180583,0.653959,0.250990,-0.914687,0.984352,0.171755,nan,0.017428,0.104330,0.075546,-0.108881,0.102749,0.037084,nan,2.800230,-40.444200,13.162700,0.508286,0.240410,0.914886,nan,-0.007732,0.080766,-0.024777,-2.464201,0.003123,2.544877,0.748878,-0.001445,0.156311,0.000617,0.064087,0.007072,0.097500,-0.007767,0.042774,-28.064854,-0.378312,18.664619,1.171763,2.472157,-0.267287
1750016689.655632,0.180702,0.654546,0.251421,-0.915310,0.984915,0.171958,nan,0.017368,0.102904,0.075762,-0.108366,0.101910,0.035192,nan,2.289810,-40.682800,12.909800,0.550586,0.297658,0.935249,nan,-0.007793,0.086031,-0.024781,-2.461925,0.003383,2.548161,0.748617,-0.002557,0.159933,-0.000230,0.069556,0.007008,0.097309,-0.008432,0.042774,-27.576878,-0.326737,18.121101,1.190989,2.360463,-0.254469
1750016689.689972,0.181409,0.658990,0.254584,-0.919982,0.989299,0.173551,nan,0.016602,0.105731,0.073246,-0.111337,0.101671,0.038174,nan,2.942860,-41.408900,12.902700,0.790162,0.269858,0.860865,nan,-0.007869,0.091511,-0.024781,-2.459703,0.003643,2.551342,0.748349,-0.000888,0.160948,0.001285,0.063296,0.007977,0.091766,-0.007899,0.066578,-28.421909,-0.326737,18.442451,1.138804,2.412648,-0.227003
1750016689.723812,0.182092,0.663218,0.257686,-0.924318,0.993468,0.175061,nan,0.015596,0.104497,0.079236,-0.109157,0.103132,0.038055,nan,2.007680,-43.104300,12.974600,0.631822,0.243756,0.931057,nan,-0.007950,0.096959,-0.024785,-2.457549,0.003905,2.554429,0.748104,-0.001125,0.161145,0.000633,0.064432,0.008041,0.092401,-0.007754,0.094349,-28.806736,-0.275163,18.589241,1.145213,2.412648,-0.260878
1750016689.757732,0.182763,0.667770,0.260944,-0.928929,0.997900,0.176690,nan,0.014769,0.104270,0.074768,-0.107851,0.102329,0.037587,nan,1.191080,-43.964600,13.646000,0.401795,0.291777,0.942915,nan,-0.008026,0.102404,-0.024785,-2.455319,0.004176,2.557542,0.747843,-0.002755,0.161066,-0.000543,0.066153,0.007228,0.092702,-0.008602,0.066578,-28.985264,-0.275163,18.688423,1.158946,2.452016,-0.254469
1750016689.791858,0.183314,0.671399,0.263675,-0.932750,1.001550,0.177995,nan,0.016662,0.105803,0.078589,-0.106869,0.105599,0.037623,nan,1.082580,-40.939600,13.912800,0.406375,0.283424,0.956930,nan,-0.008100,0.107875,-0.024782,-2.452919,0.004448,2.560780,0.747594,-0.001066,0.156087,-0.001142,0.070490,0.007852,0.093921,-0.004792,0.042774,-28.576633,-0.298966,18.220284,1.151621,2.373280,-0.281020
1750016689.825705,0.183385,0.671926,0.264094,-0.933313,1.002100,0.178187,nan,0.016482,0.104917,0.078289,-0.108031,0.103563,0.036869,nan,1.490440,-39.831900,13.616200,0.369163,0.277792,0.978850,nan,-0.008177,0.113144,-0.024773,-2.450561,0.004712,2.563903,0.747325,-0.002728,0.159452,-0.000675,0.069297,0.006979,0.089659,-0.006582,0.094349,-28.191807,-0.298966,18.021919,1.138804,2.387013,-0.267287
1750016689.872787,0.184763,0.680563,0.270550,-0.942213,1.010480,0.181253,nan,0.016494,0.107372,0.077259,-0.107600,0.099922,0.038019,nan,0.974738,-39.489300,13.798500,0.561861,0.306744,1.043530,nan,-0.008264,0.118646,-0.024765,-2.448249,0.004980,2.566988,0.747067,-0.002437,0.163792,0.000935,0.065613,0.006058,0.090019,-0.007861,0.066578,-29.290745,-0.298966,18.144905,1.165354,2.373280,-0.281020
1750016689.906147,0.185458,0.684923,0.273820,-0.946525,1.014590,0.182763,nan,0.016326,0.104150,0.081571,-0.108223,0.099670,0.036833,nan,0.639509,-41.993000,12.601800,0.450291,0.254499,1.079830,nan,-0.008364,0.124091,-0.024767,-2.446037,0.005252,2.569988,0.746811,-0.004778,0.157532,-0.000444,0.065547,0.009920,0.086882,-0.008250,0.141956,-29.445469,-0.199784,18.565437,1.158946,2.484975,-0.267287
1750016689.939512,0.186057,0.688959,0.276815,-0.950586,1.018420,0.184140,nan,0.015655,0.108330,0.078253,-0.105504,0.098700,0.037683,nan,0.686893,-42.904300,12.181600,0.479202,0.277056,1.143190,nan,-0.008454,0.129535,-0.024754,-2.443646,0.005520,2.573016,0.746559,-0.002383,0.159841,0.000314,0.071296,0.006735,0.085601,-0.007420,0.118152,-29.802525,-0.223588,18.267891,1.184580,2.432790,-0.267287
1750016689.972959,0.186105,0.689235,0.277031,-0.950861,1.018680,0.184236,nan,0.015128,0.105408,0.079080,-0.108223,0.098904,0.036977,nan,0.544224,-42.326000,11.712000,0.483409,0.247678,1.151690,nan,-0.008534,0.134935,-0.024730,-2.441066,0.005808,2.576041,0.746297,-0.002428,0.150390,0.001051,0.075206,0.010360,0.085134,-0.008075,0.042774,-28.830540,-0.251359,17.847359,1.151621,2.406239,-0.240736
1750016690.006766,0.186715,0.693523,0.280229,-0.955102,1.022770,0.185781,nan,0.014542,0.105156,0.078744,-0.103994,0.099515,0.036557,nan,0.513898,-42.705500,12.191300,0.267252,0.194039,1.046650,nan,-0.008621,0.140201,-0.024698,-2.438587,0.006080,2.579048,0.746048,-0.003130,0.160873,0.002357,0.074502,0.008233,0.088094,-0.006373,0.042774,-28.727390,-0.251359,17.478401,1.158946,2.354054,-0.267287
1750016690.039608,0.187350,0.697835,0.283523,-0.959426,1.026770,0.187278,nan,0.016518,0.106618,0.078936,-0.105204,0.099131,0.036497,nan,0.399647,-42.721500,12.209800,0.449027,0.245133,1.044370,nan,-0.008727,0.145744,-0.024665,-2.436265,0.006357,2.581970,0.745785,-0.003229,0.166129,-0.000435,0.063703,0.008413,0.086030,-0.006189,0.094349,-30.008823,-0.172013,18.196480,1.158946,2.472157,-0.287428
1750016690.072833,0.188033,0.702075,0.286733,-0.963618,1.030740,0.188716,nan,0.017285,0.104509,0.083835,-0.103659,0.100616,0.036437,nan,-0.036882,-42.377500,13.062500,0.281259,0.270463,1.095280,nan,-0.008831,0.151184,-0.024626,-2.433983,0.006626,2.584905,0.745527,-0.003626,0.159345,0.000209,0.070068,0.008945,0.088931,-0.006013,0.094349,-30.211155,-0.148209,18.390877,1.171763,2.531667,-0.274611
1750016690.106132,0.188704,0.706256,0.290063,-0.967858,1.034760,0.190225,nan,0.016302,0.105923,0.077990,-0.107133,0.096460,0.038330,nan,-0.267156,-37.107800,12.726100,0.293042,0.241488,1.000170,nan,-0.008926,0.156638,-0.024579,-2.431463,0.006904,2.587863,0.745269,-0.003295,0.159641,0.001854,0.073853,0.007349,0.086645,-0.005865,0.094349,-30.595982,-0.172013,18.168709,1.158946,2.531667,-0.267287
1750016690.139432,0.189267,0.709873,0.292818,-0.971488,1.038150,0.191459,nan,0.016458,0.105480,0.079918,-0.103659,0.097790,0.036989,nan,-0.206127,-37.464300,12.911900,0.456662,0.150589,1.049520,nan,-0.009018,0.162011,-0.024530,-2.428777,0.007185,2.590854,0.744990,-0.002524,0.154171,0.002369,0.080030,0.005910,0.085344,-0.007504,0.018970,-29.445469,-0.199784,17.775948,1.178172,2.399831,-0.254469
1750016690.172815,0.189398,0.710759,0.293489,-0.972338,1.038960,0.191770,nan,0.015344,0.105575,0.080505,-0.106534,0.099478,0.036006,nan,-0.127874,-38.226800,12.553700,0.446602,0.129432,1.021970,nan,-0.009129,0.167326,-0.024480,-2.426121,0.007481,2.593745,0.744725,-0.002527,0.159682,0.000173,0.074187,0.008229,0.083679,-0.008856,0.042774,-29.651768,-0.124406,17.303841,1.151621,2.294545,-0.247145
1750016690.206117,0.190009,0.715143,0.296842,-0.976471,1.042870,0.193255,nan,0.014434,0.106989,0.080254,-0.101671,0.097107,0.034892,nan,-0.004026,-39.898500,12.935700,0.267175,0.161791,0.877874,nan,-0.009241,0.172837,-0.024428,-2.423729,0.007757,2.596504,0.744471,-0.002383,0.166058,0.001960,0.069624,0.007252,0.082005,-0.006897,0.094349,-30.623753,-0.148209,17.974312,1.125987,2.478566,-0.293837
1750016690.239364,0.190584,0.719384,0.300065,-0.980639,1.046640,0.194693,nan,0.013823,0.105851,0.082242,-0.104234,0.093801,0.036414,nan,-0.440223,-41.878500,13.367700,0.607611,0.269567,0.874161,nan,-0.009360,0.178183,-0.024391,-2.421352,0.008041,2.599273,0.744213,-0.003703,0.155694,0.000836,0.070138,0.008869,0.084043,-0.007368,0.141956,-30.520603,-0.072831,18.291695,1.112254,2.492299,-0.281020
1750016690.273160,0.191219,0.723947,0.303562,-0.984975,1.050720,0.196202,nan,0.015883,0.108175,0.081667,-0.103611,0.096999,0.034868,nan,-0.344679,-44.683500,12.736700,0.555402,0.164257,0.906861,nan,-0.009469,0.183571,-0.024322,-2.418748,0.008311,2.602069,0.743941,-0.005253,0.158062,0.002539,0.075584,0.010130,0.083278,-0.008077,0.141956,-31.365635,-0.148209,17.922737,1.165354,2.439198,-0.220595
1750016690.306974,0.191830,0.727984,0.306784,-0.988784,1.054360,0.197592,nan,0.015164,0.107851,0.081140,-0.103767,0.095094,0.036905,nan,-0.473959,-42.596500,12.298900,0.232145,0.252228,0.814629,nan,-0.009568,0.188838,-0.024250,-2.415958,0.008597,2.604936,0.743698,-0.002594,0.153416,0.003373,0.080635,0.007063,0.084792,-0.008933,0.066578,-30.774509,-0.148209,17.553780,1.119578,2.373280,-0.274611
1750016690.339686,0.191878,0.728283,0.307012,-0.989060,1.054630,0.197687,nan,0.015631,0.109193,0.079283,-0.102593,0.097478,0.035324,nan,-0.686415,-43.349200,11.926900,0.236262,0.208140,0.829003,nan,-0.009686,0.194001,-0.024193,-2.413258,0.008875,2.607624,0.743454,-0.002142,0.149694,0.001553,0.074643,0.009572,0.078655,-0.007317,0.042774,-29.651768,-0.045060,17.256233,1.034434,2.452016,-0.293837
1750016690.372936,0.192513,0.732835,0.310569,-0.993408,1.058700,0.199233,nan,0.015679,0.105480,0.084913,-0.100030,0.095047,0.036162,nan,-0.234551,-42.767000,11.815400,0.210662,0.193567,0.830680,nan,-0.009801,0.199213,-0.024127,-2.410916,0.009114,2.610120,0.743213,-0.005377,0.160411,0.000656,0.066756,0.005183,0.072945,-0.006124,0.118152,-31.746494,-0.045060,17.676765,1.197398,2.452016,-0.287428
1750016690.407029,0.193160,0.737028,0.313995,-0.997432,1.062500,0.200670,nan,0.016482,0.104581,0.086207,-0.103216,0.094903,0.035443,nan,-0.374456,-37.151700,11.734900,0.015441,0.253897,0.882426,nan,-0.009922,0.203880,-0.024084,-2.408809,0.009354,2.612394,0.742988,-0.003374,0.129558,0.000775,0.060377,0.007452,0.063887,-0.007019,0.193531,-31.567966,-0.096635,18.196480,1.132395,2.590260,-0.260878
1750016690.439577,0.193759,0.741376,0.317373,-1.001700,1.066340,0.202131,nan,0.013990,0.107336,0.086506,-0.100437,0.092459,0.036557,nan,0.398921,-38.506400,11.941400,0.411750,0.329892,0.884222,nan,-0.010020,0.208342,-0.024025,-2.406523,0.009586,2.614646,0.742771,-0.001380,0.122589,0.002350,0.068184,0.006904,0.059606,-0.007576,0.018970,-31.567966,-0.021256,18.196480,1.138804,2.656178,-0.260878
1750016690.472887,0.194345,0.745628,0.320691,-1.005570,1.070020,0.203521,nan,0.014554,0.105755,0.086434,-0.101263,0.094843,0.034569,nan,-0.275141,-41.093200,12.990000,0.271976,0.212626,0.892607,nan,-0.010134,0.212739,-0.023958,-2.404124,0.009811,2.616846,0.742558,-0.004883,0.121741,-0.000138,0.069133,0.006520,0.065192,-0.008658,0.118152,-30.905430,-0.021256,17.256233,1.119578,2.406239,-0.227003
1750016690.506348,0.194393,0.745903,0.320931,-1.005830,1.070250,0.203617,nan,0.014278,0.105923,0.086183,-0.100880,0.092711,0.035383,nan,-0.207903,-40.794700,12.671300,0.245151,0.300065,0.872963,nan,-0.010226,0.216986,-0.023890,-2.401835,0.010033,2.618998,0.742369,-0.003596,0.126705,0.000205,0.070090,0.006408,0.059805,-0.003519,0.094349,-31.083958,0.002547,17.034065,1.125987,2.406239,-0.293837
1750016690.540010,0.194968,0.750168,0.324249,-1.009830,1.073980,0.205006,nan,0.014817,0.108474,0.084111,-0.100077,0.095574,0.034078,nan,0.269639,-42.534600,13.163300,0.250070,0.160810,0.914767,nan,-0.010329,0.221352,-0.023822,-2.399723,0.010238,2.621075,0.742174,-0.002635,0.127380,0.003791,0.059110,0.004859,0.063333,-0.005745,0.042774,-31.647312,-0.045060,17.403023,1.165354,2.412648,-0.254469
1750016690.574221,0.195639,0.754791,0.327902,-1.014110,1.077890,0.206539,nan,0.015560,0.108318,0.083847,-0.101395,0.094496,0.036917,nan,0.181826,-45.087700,13.780000,0.333687,0.280824,0.880629,nan,-0.010435,0.225492,-0.023765,-2.397852,0.010452,2.623033,0.741976,-0.003667,0.127194,0.000217,0.058595,0.005403,0.061333,-0.009552,0.118152,-31.925022,0.081893,17.898933,1.171763,2.538075,-0.234328
1750016690.608025,0.196274,0.759115,0.331399,-1.018090,1.081650,0.207977,nan,0.015512,0.108247,0.086362,-0.099490,0.092268,0.036761,nan,0.197289,-42.780400,12.583400,0.142169,0.285834,0.910934,nan,-0.010546,0.229581,-0.023692,-2.395701,0.010669,2.625096,0.741781,-0.003702,0.123481,0.003288,0.066674,0.005702,0.057621,-0.005451,0.141956,-31.901218,-0.072831,17.280037,1.099436,2.505116,-0.240736
1750016690.644872,0.196909,0.763499,0.334885,-1.022170,1.085410,0.209414,nan,0.015356,0.106701,0.088099,-0.099502,0.091956,0.037072,nan,0.567602,-42.822600,13.397300,0.173925,0.274555,0.986875,nan,-0.010643,0.233528,-0.023635,-2.393634,0.010873,2.627011,0.741590,-0.001899,0.102041,0.003006,0.052557,0.004032,0.049855,-0.006096,0.042774,-32.079746,-0.072831,17.700569,1.125987,2.596669,-0.260878
1750016690.679042,0.196909,0.763499,0.334885,-1.022170,1.085410,0.209414,nan,0.015356,0.106701,0.088099,-0.099502,0.091956,0.037072,nan,0.567602,-42.822600,13.397300,0.173925,0.274555,0.986875,nan,-0.010751,0.237536,-0.023568,-2.391446,0.011084,2.629000,0.741405,-0.003146,0.105351,0.003404,0.061683,0.008705,0.051269,-0.004507,0.118152,-31.901218,-0.021256,17.256233,1.027110,2.544484,-0.254469
1750016690.714787,0.197520,0.767739,0.338407,-1.026170,1.089150,0.210899,nan,0.014949,0.107037,0.084374,-0.100688,0.090603,0.037252,nan,0.572216,-38.902900,12.349100,0.142677,0.296690,1.032510,nan,-0.010832,0.240832,-0.023517,-2.389604,0.011240,2.630571,0.741253,-0.002047,0.097324,0.001498,0.053763,0.003754,0.045313,-0.003310,0.042774,-31.694920,0.030318,16.958687,1.105845,2.412648,-0.267287
1750016690.749039,0.198095,0.772123,0.341964,-1.030290,1.092910,0.212349,nan,0.013990,0.107456,0.085057,-0.097610,0.092950,0.036905,nan,0.591440,-39.158000,12.395500,0.305949,0.240142,1.140910,nan,-0.010945,0.244617,-0.023453,-2.387647,0.011434,2.632345,0.741073,-0.004322,0.102757,0.002189,0.049120,0.008325,0.047397,-0.004205,0.141956,-31.976597,0.030318,17.109444,1.034434,2.393422,-0.247145
1750016690.783930,0.198658,0.776627,0.345582,-1.034390,1.096660,0.213822,nan,0.014194,0.105875,0.086686,-0.097670,0.089141,0.035707,nan,1.008430,-40.379300,11.853600,0.437369,0.311252,1.237700,nan,-0.011035,0.247974,-0.023405,-2.385980,0.011592,2.633877,0.740931,0.000352,0.106386,0.001843,0.053363,0.006190,0.050670,-0.003761,0.066578,-32.155125,0.054122,17.280037,1.093028,2.439198,-0.274611
1750016690.817084,0.199245,0.780951,0.348983,-1.038230,1.100290,0.215247,nan,0.014386,0.108917,0.089321,-0.097694,0.091705,0.036126,nan,1.174780,-44.112600,13.107700,0.263720,0.197888,1.245000,nan,-0.011150,0.251999,-0.023346,-2.383969,0.011781,2.635686,0.740743,-0.003977,0.103925,-0.001109,0.053906,0.005647,0.050076,-0.006102,0.169727,-32.567722,0.129501,17.577583,1.132395,2.465749,-0.240736
1750016690.852501,0.199796,0.784976,0.352229,-1.041840,1.103640,0.216613,nan,0.014170,0.105647,0.084278,-0.095777,0.092244,0.037168,nan,1.130110,-44.266400,13.435800,0.197135,0.206866,1.177090,nan,-0.011239,0.255274,-0.023278,-2.382176,0.011947,2.637242,0.740599,-0.003835,0.105773,0.000986,0.060155,0.006142,0.049868,-0.002192,0.118152,-32.286045,0.030318,17.232430,1.105845,2.484975,-0.293837
1750016690.885733,0.199843,0.785575,0.352697,-1.042360,1.104120,0.216805,nan,0.014458,0.107061,0.084793,-0.097418,0.092208,0.036521,nan,1.864560,-45.551200,13.407300,0.212140,0.222956,1.206550,nan,-0.011344,0.259269,-0.023198,-2.379955,0.012151,2.639088,0.740405,-0.002689,0.109383,0.004147,0.055387,0.004669,0.048029,-0.006415,0.042774,-32.436802,-0.096635,17.355415,1.112254,2.439198,-0.220595
1750016690.921422,0.200430,0.789815,0.356134,-1.046330,1.107760,0.218350,nan,0.015069,0.107420,0.085800,-0.097011,0.089608,0.038270,nan,1.965550,-43.705400,13.316800,0.198018,0.250366,1.148820,nan,-0.011432,0.262374,-0.023147,-2.378221,0.012283,2.640551,0.740267,-0.001796,0.081022,0.001888,0.044771,0.002181,0.040540,-0.004963,0.066578,-33.511936,0.081893,17.775948,1.204722,2.524342,-0.240736
1750016690.954896,0.201017,0.794115,0.359596,-1.050230,1.111370,0.219859,nan,0.015667,0.106929,0.088698,-0.096975,0.091693,0.037827,nan,2.259020,-44.670600,13.972100,0.190518,0.219359,1.115880,nan,-0.011536,0.265874,-0.023075,-2.376261,0.012464,2.642146,0.740114,-0.003063,0.096331,0.002735,0.055588,0.001566,0.048379,-0.002931,0.094349,-32.079746,0.002547,16.958687,1.178172,2.321095,-0.274611
1750016690.988920,0.201652,0.798571,0.363273,-1.054460,1.115240,0.221524,nan,0.014470,0.106965,0.085261,-0.095622,0.091860,0.038570,nan,2.115480,-39.918400,14.641000,0.166923,0.257958,1.036580,nan,-0.011635,0.269012,-0.023024,-2.374504,0.012629,2.643569,0.739979,-0.004560,0.099862,-0.000212,0.050312,0.005050,0.046739,-0.001580,0.193531,-32.412998,0.129501,16.712715,1.099436,2.275319,-0.274611
1750016691.023006,0.202155,0.802608,0.366663,-1.058170,1.118680,0.222997,nan,0.013404,0.103886,0.087237,-0.099742,0.091585,0.037911,nan,2.824860,-37.842100,13.708300,0.110454,0.293633,1.000050,nan,-0.011713,0.272146,-0.022945,-2.372894,0.012795,2.644934,0.739836,-0.000391,0.118399,0.003544,0.054335,0.009519,0.036834,-0.004148,-0.032604,-31.774265,-0.096635,16.538155,0.949290,2.531667,-0.293837
1750016691.057040,0.202179,0.802895,0.366903,-1.058430,1.118930,0.223093,nan,0.014122,0.104857,0.090291,-0.096232,0.088938,0.038055,nan,3.085980,-38.277100,13.199800,0.062436,0.308579,1.015860,nan,-0.011822,0.275554,-0.022904,-2.371159,0.012923,2.646450,0.739686,-0.006522,0.116589,-0.000381,0.058008,0.002680,0.047026,-0.005806,0.169727,-33.793613,0.081893,17.057869,1.178172,2.373280,-0.234328
1750016691.090768,0.202742,0.807184,0.370340,-1.062430,1.122470,0.224578,nan,0.015260,0.107504,0.087369,-0.095777,0.089489,0.036677,nan,3.198110,-39.869300,12.995800,0.448857,0.291582,0.959206,nan,-0.011933,0.278614,-0.022856,-2.369448,0.013089,2.647802,0.739558,-0.004720,0.110051,0.001127,0.058673,0.007079,0.043354,-0.005004,0.292713,-33.127110,0.157272,16.589729,1.007884,2.412648,-0.293837
1750016691.124797,0.203305,0.811460,0.373778,-1.066310,1.126040,0.226147,nan,0.014314,0.104545,0.086662,-0.097502,0.088303,0.038031,nan,3.623870,-44.248000,12.179100,0.438804,0.365291,0.906861,nan,-0.012000,0.281626,-0.022772,-2.367690,0.013224,2.649177,0.739416,-0.001050,0.098202,0.004717,0.054760,0.005162,0.040520,-0.002042,-0.004833,-32.436802,-0.072831,16.712715,1.080210,2.412648,-0.281020
1750016691.159070,0.203892,0.815844,0.377300,-1.070270,1.129720,0.227717,nan,0.014434,0.103347,0.084302,-0.096268,0.089273,0.037815,nan,3.902990,-44.855300,12.589100,0.262652,0.292264,0.898956,nan,-0.012088,0.284609,-0.022732,-2.365935,0.013373,2.650524,0.739275,-0.001044,0.102678,0.001121,0.056121,0.002309,0.030987,-0.006579,-0.004833,-32.821629,0.129501,16.292183,1.178172,2.459340,-0.200453
1750016691.206606,0.204527,0.820192,0.380845,-1.074280,1.133480,0.229334,nan,0.015104,0.107252,0.082637,-0.098029,0.089046,0.038629,nan,3.784400,-45.392200,12.721100,0.208447,0.193874,0.862063,nan,-0.012195,0.287658,-0.022674,-2.364295,0.013509,2.651829,0.739152,-0.005964,0.098565,-0.000174,0.053204,0.003196,0.043020,-0.005817,0.141956,-33.333408,0.208846,16.958687,1.086619,2.347646,-0.227003
1750016691.239460,0.205102,0.824372,0.384223,-1.078110,1.137010,0.230867,nan,0.014362,0.104521,0.080996,-0.098245,0.088339,0.039085,nan,3.944270,-44.677500,13.857000,0.148799,0.183705,0.846012,nan,-0.012280,0.290624,-0.022599,-2.362521,0.013649,2.653123,0.739014,-0.002129,0.088205,0.002038,0.052663,0.002878,0.033242,-0.006170,0.118152,-33.563511,0.129501,16.613533,1.138804,2.465749,-0.194044
1750016691.273167,0.205617,0.828517,0.387637,-1.082140,1.140660,0.232472,nan,0.012637,0.102844,0.084530,-0.096736,0.089117,0.038234,nan,4.148850,-42.359800,12.658600,0.151030,0.306586,0.861703,nan,-0.012366,0.293393,-0.022552,-2.360943,0.013789,2.654323,0.738911,-0.003271,0.082217,0.000517,0.043701,0.006319,0.031907,-0.003081,0.118152,-32.873203,0.105697,16.811897,1.060069,2.472157,-0.274611
1750016691.306405,0.206156,0.832925,0.391302,-1.086480,1.144550,0.234197,nan,0.012661,0.101623,0.082901,-0.099850,0.088291,0.041265,nan,4.123060,-38.708300,13.847200,0.347551,0.334788,0.883144,nan,-0.012449,0.295971,-0.022497,-2.359551,0.013906,2.655415,0.738800,-0.003988,0.085820,-0.000213,0.052571,0.006012,0.035867,-0.002452,0.141956,-31.516392,0.181075,16.760323,1.119578,2.498708,-0.281020
1750016691.339449,0.206659,0.836985,0.394500,-1.090300,1.148130,0.235778,nan,0.013416,0.103994,0.082997,-0.099490,0.089393,0.040235,nan,4.297880,-40.677100,14.251900,0.115453,0.274861,0.903507,nan,-0.012559,0.299574,-0.022412,-2.357608,0.014079,2.656911,0.738654,-0.007503,0.124225,0.002684,0.062079,0.003170,0.051556,-0.003429,0.141956,-32.897007,-0.021256,16.145393,1.119578,2.182851,-0.260878
1750016691.373218,0.207150,0.840698,0.397483,-1.094000,1.151410,0.237275,nan,0.012541,0.100820,0.082481,-0.098987,0.089800,0.041361,nan,3.987790,-43.323000,12.932800,0.426653,0.286593,0.919558,nan,-0.012665,0.302935,-0.022356,-2.355740,0.014210,2.658347,0.738502,-0.005637,0.103903,0.001461,0.055175,0.004562,0.037183,-0.005444,0.241138,-34.662449,0.105697,16.958687,1.112254,2.524342,-0.240736
1750016691.407164,0.207222,0.841249,0.397902,-1.094550,1.151900,0.237479,nan,0.012122,0.101335,0.080086,-0.097754,0.090004,0.039875,nan,3.873480,-43.931100,13.256300,0.479031,0.265842,0.983282,nan,-0.012770,0.306412,-0.022291,-2.353706,0.014406,2.659790,0.738365,-0.002719,0.126683,0.005151,0.078109,0.010863,0.051927,-0.004245,-0.004833,-30.929234,0.030318,15.947029,0.988658,2.288136,-0.287428
1750016691.439635,0.207701,0.845094,0.400873,-1.098540,1.155560,0.239192,nan,0.012242,0.093849,0.070084,-0.102832,0.093921,0.042271,nan,3.852980,-46.469200,12.755100,0.391882,0.325780,0.949264,nan,-0.012863,0.309392,-0.022223,-2.351905,0.014517,2.661074,0.738237,-0.004304,0.098595,-0.001243,0.050708,0.002976,0.032471,-0.003182,0.193531,-35.174229,0.284225,16.244576,1.073802,2.432790,-0.301161
1750016691.472793,0.208168,0.848508,0.403568,-1.102390,1.159090,0.240797,nan,0.011140,0.081499,0.067976,-0.095478,0.084697,0.041205,nan,3.606740,-46.284500,11.669400,0.279581,0.348953,0.969986,nan,-0.012942,0.312101,-0.022145,-2.350421,0.014641,2.662184,0.738131,-0.001945,0.082756,0.003652,0.047174,0.002582,0.033456,-0.002606,0.094349,-33.769810,-0.045060,17.109444,1.105845,2.583852,-0.281020
1750016691.506787,0.208671,0.852305,0.406610,-1.106610,1.162920,0.242534,nan,0.011116,0.084446,0.066263,-0.092902,0.085440,0.037480,nan,3.668370,-45.249900,11.841800,0.414839,0.242351,1.066170,nan,-0.013064,0.315179,-0.022096,-2.348545,0.014794,2.663604,0.738001,-0.002868,0.095239,0.002876,0.065747,0.007816,0.048594,-0.004010,0.042774,-31.492588,0.129501,16.982491,0.995066,2.590260,-0.301161
1750016691.539687,0.209031,0.855144,0.408694,-1.109750,1.165820,0.243779,nan,0.009139,0.079439,0.059747,-0.092579,0.084039,0.036617,nan,3.639120,-38.862200,11.817500,0.306669,0.259289,1.172540,nan,-0.013146,0.318363,-0.021998,-2.346571,0.014935,2.664872,0.737858,-0.001814,0.123300,0.001071,0.063148,0.002970,0.044989,-0.008690,-0.004833,-33.384983,-0.045060,15.871651,1.119578,2.340321,-0.173903
1750016691.572961,0.209079,0.855587,0.409042,-1.110280,1.166290,0.243995,nan,0.008840,0.077990,0.058729,-0.091956,0.083727,0.037779,nan,3.755960,-38.016300,12.358400,0.304756,0.275363,1.212660,nan,-0.013285,0.322031,-0.021918,-2.344567,0.015099,2.666409,0.737721,-0.002648,0.086693,0.005426,0.049207,0.004806,0.037889,-0.003241,0.217335,-33.281834,-0.148209,17.355415,1.034434,2.662587,-0.313979
1750016691.606939,0.209378,0.858139,0.411102,-1.113630,1.169320,0.245360,nan,0.006684,0.063867,0.052812,-0.087776,0.074648,0.034281,nan,3.990590,-44.623900,12.675500,0.290313,0.374680,1.260580,nan,-0.013373,0.325013,-0.021894,-2.342901,0.015231,2.667562,0.737601,-0.001087,0.082770,0.001464,0.044054,0.002320,0.031701,-0.002660,0.042774,-35.967686,0.284225,16.788094,1.158946,2.294545,-0.227003
1750016691.639689,0.209558,0.859696,0.412216,-1.116670,1.172090,0.246558,nan,0.002551,0.034892,0.027202,-0.070719,0.066239,0.028724,nan,3.872120,-34.433000,12.896500,0.207547,0.337793,1.298910,nan,-0.013452,0.327245,-0.021836,-2.341668,0.015320,2.668455,0.737518,-0.003204,0.049284,-0.000252,0.032140,0.002912,0.027988,-0.002723,0.241138,-34.690220,0.308028,17.676765,1.020701,2.583852,-0.260878
1750016691.672902,0.209725,0.861289,0.413594,-1.119590,1.174720,0.247732,nan,0.004420,0.042367,0.035108,-0.071474,0.065113,0.029945,nan,4.208390,-40.905900,12.257000,0.137504,0.377763,1.226320,nan,-0.013503,0.329110,-0.021791,-2.340384,0.015399,2.669236,0.737435,-0.000630,0.052430,0.002621,0.037943,0.001086,0.020933,-0.002115,0.018970,-34.356968,0.157272,16.490547,1.080210,2.445607,-0.293837
1750016691.706131,0.209929,0.862918,0.414648,-1.122330,1.177280,0.248870,nan,0.004504,0.040618,0.025921,-0.070911,0.063316,0.027310,nan,3.711400,-33.328100,13.443400,-0.034830,0.295085,1.157800,nan,-0.013563,0.330800,-0.021751,-2.339291,0.015485,2.669933,0.737357,-0.001672,0.047877,-0.001099,0.025937,0.001901,0.018479,-0.004100,0.094349,-34.333164,0.335799,16.665108,1.047251,2.465749,-0.247145
1750016691.739737,0.210025,0.863996,0.415474,-1.124810,1.179390,0.249816,nan,0.003653,0.029622,0.021932,-0.065317,0.061220,0.025897,nan,3.890740,-38.579900,12.993900,0.333256,0.314625,1.090010,nan,-0.013615,0.332273,-0.021697,-2.338441,0.015536,2.670514,0.737302,-0.001819,0.037890,0.001332,0.024984,0.000166,0.017148,-0.000878,0.193531,-34.253819,0.129501,16.760323,1.099436,2.452016,-0.254469
1750016691.772970,0.210049,0.864176,0.415606,-1.125190,1.179720,0.249960,nan,0.003773,0.030161,0.023034,-0.066084,0.060190,0.026005,nan,3.822340,-38.963200,12.248100,0.398457,0.373754,1.088930,nan,-0.013655,0.333658,-0.021668,-2.337649,0.015600,2.671048,0.737251,0.000256,0.040289,0.000607,0.024510,0.001328,0.017900,-0.004079,0.094349,-34.051487,0.081893,16.911079,1.066477,2.478566,-0.247145
1750016691.806350,0.210157,0.865254,0.416169,-1.127660,1.181910,0.250894,nan,0.003330,0.023896,0.013966,-0.060358,0.054560,0.023226,nan,4.080580,-32.176800,14.088600,0.361417,0.444256,1.145470,nan,-0.013700,0.334892,-0.021642,-2.336880,0.015659,2.671552,0.737209,-0.001197,0.030880,0.001914,0.018130,0.001032,0.014031,-0.001953,0.169727,-34.103062,0.129501,16.911079,1.060069,2.505116,-0.281020
1750016691.839373,0.210264,0.865996,0.416708,-1.130020,1.184050,0.251817,nan,0.002288,0.018243,0.012805,-0.060334,0.053363,0.023202,nan,3.865970,-39.672300,13.241000,0.322404,0.400134,1.188830,nan,-0.013735,0.335968,-0.021627,-2.336226,0.015703,2.671982,0.737157,-0.001742,0.032301,0.000794,0.016420,0.002085,0.012178,-0.001618,0.169727,-34.662449,0.181075,16.665108,1.060069,2.432790,-0.260878
1750016691.872944,0.210372,0.866799,0.417211,-1.132370,1.186160,0.252775,nan,0.002240,0.020938,0.011271,-0.057459,0.052812,0.023238,nan,3.905210,-31.943900,12.642600,0.285071,0.440085,1.141030,nan,-0.013766,0.336836,-0.021605,-2.335698,0.015750,2.672334,0.737130,-0.001056,0.023694,-0.000393,0.017088,-0.000738,0.009641,-0.000865,0.118152,-34.333164,0.232650,16.565926,1.053660,2.452016,-0.281020
1750016691.906188,0.210456,0.867505,0.417570,-1.134570,1.188180,0.253685,nan,0.001557,0.015188,0.010253,-0.057627,0.051506,0.022591,nan,4.072820,-32.007400,13.614700,0.247952,0.433039,1.081380,nan,-0.013788,0.337603,-0.021578,-2.335274,0.015783,2.672620,0.737097,-0.000255,0.021743,-0.000039,0.012993,0.000722,0.010423,-0.000326,0.118152,-34.281590,0.208846,16.760323,1.060069,2.452016,-0.274611
1750016691.939944,0.210468,0.867541,0.417582,-1.134730,1.188320,0.253757,nan,0.001689,0.015512,0.010241,-0.054117,0.048811,0.022076,nan,3.859960,-32.270200,13.777600,0.199932,0.461431,1.053470,nan,-0.013813,0.338279,-0.021562,-2.334859,0.015814,2.672909,0.737071,-0.002054,0.019625,0.000266,0.012111,0.000344,0.008968,-0.000841,0.141956,-34.230015,0.157272,16.760323,1.047251,2.465749,-0.260878
1750016691.974184,0.210552,0.868045,0.417858,-1.136760,1.190180,0.254584,nan,0.001401,0.013020,0.005258,-0.052476,0.045852,0.021189,nan,3.556620,-32.704300,13.867100,0.062816,0.488129,1.088210,nan,-0.013829,0.338915,-0.021554,-2.334463,0.015843,2.673171,0.737042,0.000427,0.019283,-0.001199,0.010531,0.000021,0.007167,-0.003355,0.118152,-34.408543,0.232650,16.688911,1.053660,2.452016,-0.227003
1750016692.007985,0.210600,0.868536,0.418025,-1.138880,1.192070,0.255434,nan,0.001102,0.010876,0.004444,-0.051003,0.046403,0.019824,nan,3.757140,-32.854200,14.102600,0.128637,0.432261,1.048680,nan,-0.013851,0.339510,-0.021531,-2.334118,0.015864,2.673401,0.737023,-0.001177,0.017835,0.000604,0.009744,0.000835,0.006385,0.001106,0.141956,-34.230015,0.105697,16.788094,1.040843,2.478566,-0.267287
1750016692.041764,0.210648,0.868955,0.418217,-1.141000,1.194030,0.256332,nan,0.001258,0.008996,0.004312,-0.048140,0.044978,0.020734,nan,3.913960,-31.854800,14.042800,0.029601,0.371782,0.963398,nan,-0.013865,0.340073,-0.021521,-2.333767,0.015894,2.673631,0.737006,0.000927,0.014980,-0.000139,0.009922,0.000726,0.005352,-0.000426,0.118152,-34.281590,0.181075,16.712715,1.053660,2.492299,-0.281020
1750016692.076091,0.210696,0.869362,0.418313,-1.142980,1.195800,0.257147,nan,0.001174,0.008984,0.002935,-0.048919,0.043313,0.019285,nan,3.848000,-33.034400,14.849800,0.061840,0.368338,0.976454,nan,-0.013883,0.340586,-0.021513,-2.333442,0.015916,2.673832,0.736988,-0.001645,0.014892,-0.001098,0.008528,0.001769,0.005751,0.000255,0.141956,-34.460117,0.232650,16.688911,1.047251,2.459340,-0.281020
1750016692.109912,0.210696,0.869362,0.418313,-1.142980,1.195800,0.257147,nan,0.001174,0.008984,0.002935,-0.048919,0.043313,0.019285,nan,3.848000,-33.034400,14.849900,0.061842,0.368339,0.976454,nan,-0.013896,0.341015,-0.021497,-2.333193,0.015943,2.673996,0.736966,-0.000959,0.012561,0.001466,0.007927,0.001894,0.004626,-0.001973,0.141956,-34.380772,0.157272,16.688911,1.020701,2.465749,-0.254469
1750016692.143794,0.210744,0.869674,0.418397,-1.144910,1.197520,0.257949,nan,0.001066,0.007510,0.001869,-0.046236,0.041397,0.018842,nan,3.639830,-33.163000,14.856200,0.069548,0.381717,0.960763,nan,-0.013905,0.341395,-0.021484,-2.332965,0.015954,2.674152,0.736954,-0.000860,0.009032,0.001860,0.006331,0.002122,0.002974,0.000775,0.118152,-34.253819,0.129501,16.712715,1.047251,2.472157,-0.293837
1750016692.178024,0.210779,0.869925,0.418397,-1.146910,1.199250,0.258788,nan,0.000683,0.005270,0.000000,-0.044367,0.039408,0.019045,nan,3.678550,-33.036800,15.473800,0.151519,0.381432,0.899794,nan,-0.013915,0.341765,-0.021485,-2.332747,0.015970,2.674300,0.736938,-0.000030,0.010953,-0.001202,0.006516,0.001577,0.004736,-0.000815,0.141956,-34.380772,0.208846,16.712715,1.034434,2.459340,-0.274611
1750016692.211789,0.210791,0.870141,0.418397,-1.148640,1.200820,0.259519,nan,0.000731,0.005522,0.000000,-0.045781,0.041732,0.018782,nan,4.130350,-33.352100,15.528100,0.194422,0.349597,0.877994,nan,-0.013929,0.342106,-0.021469,-2.332540,0.015990,2.674436,0.736926,-0.000614,0.010058,0.000791,0.004718,0.000932,0.005878,0.000479,0.169727,-34.408543,0.129501,16.688911,1.027110,2.472157,-0.281020
1750016692.246121,0.210827,0.870368,0.418409,-1.150490,1.202490,0.260297,nan,0.000563,0.005055,-0.000599,-0.042534,0.040019,0.018937,nan,3.998310,-33.866200,15.510300,0.094425,0.411298,0.975616,nan,-0.013939,0.342428,-0.021467,-2.332345,0.016003,2.674562,0.736912,-0.001228,0.009002,0.000675,0.004462,0.000387,0.004314,-0.000466,0.169727,-34.333164,0.181075,16.712715,1.034434,2.465749,-0.260878
1750016692.279942,0.210851,0.870488,0.418409,-1.151870,1.203800,0.260920,nan,0.000683,0.003534,-0.000623,-0.041720,0.038043,0.017836,nan,3.930050,-33.011600,14.955600,-0.100578,0.353466,0.946389,nan,-0.013944,0.342733,-0.021459,-2.332168,0.016017,2.674682,0.736902,-0.000224,0.009147,0.000802,0.005956,0.000895,0.003118,-0.000261,0.094349,-34.333164,0.157272,16.712715,1.034434,2.472157,-0.281020
1750016692.314189,0.210851,0.870512,0.418397,-1.152120,1.204010,0.261028,nan,0.000455,0.003546,-0.000647,-0.040774,0.038713,0.018063,nan,4.029810,-33.196300,15.389200,-0.061152,0.361135,0.965674,nan,-0.013951,0.343016,-0.021456,-2.332003,0.016030,2.674797,0.736891,0.001138,0.009396,0.000439,0.003722,0.003748,0.004452,0.001115,0.094349,-34.511692,0.208846,16.788094,1.027110,2.465749,-0.287428
1750016692.347996,0.210863,0.870644,0.418397,-1.153940,1.205580,0.261794,nan,0.000419,0.003007,-0.000455,-0.041337,0.035252,0.017524,nan,4.367700,-33.376000,14.923000,0.078185,0.390001,0.946629,nan,-0.013965,0.343256,-0.021448,-2.331839,0.016038,2.674893,0.736882,0.000081,0.005732,0.000417,0.005439,0.000224,0.003001,-0.000813,0.118152,-34.432346,0.181075,16.665108,1.020701,2.472157,-0.287428
1750016692.381776,0.210887,0.870740,0.418361,-1.155600,1.206980,0.262489,nan,0.000551,0.002000,-0.001665,-0.038534,0.035240,0.017237,nan,3.891370,-33.234900,14.672900,0.238482,0.473495,0.932255,nan,-0.013970,0.343466,-0.021440,-2.331708,0.016047,2.674981,0.736870,0.000968,0.006966,0.000502,0.005004,-0.000153,0.002174,-0.002273,0.066578,-34.356968,0.157272,16.688911,1.034434,2.472157,-0.227003
1750016692.416111,0.210923,0.870835,0.418277,-1.157210,1.208440,0.263184,nan,0.000575,0.001905,-0.002491,-0.040834,0.035012,0.016901,nan,3.745980,-33.997200,14.693700,0.291690,0.398144,0.926984,nan,-0.013981,0.343672,-0.021436,-2.331568,0.016056,2.675068,0.736864,-0.000288,0.006323,0.000742,0.003872,-0.000794,0.002356,-0.001425,0.118152,-34.380772,0.157272,16.688911,1.027110,2.484975,-0.260878
1750016692.449962,0.210923,0.870895,0.418157,-1.158780,1.209830,0.263867,nan,0.000515,0.001497,-0.003462,-0.039157,0.035347,0.017668,nan,4.193360,-33.826100,14.260100,0.249057,0.449430,0.929380,nan,-0.013991,0.343863,-0.021437,-2.331447,0.016065,2.675146,0.736852,-0.000529,0.003501,0.000294,0.002291,-0.000311,0.001319,-0.000453,0.169727,-34.356968,0.208846,16.712715,1.014292,2.484975,-0.240736
1750016692.483733,0.210923,0.870895,0.418145,-1.158870,1.209950,0.263915,nan,0.000635,0.001246,-0.003821,-0.039300,0.034497,0.017488,nan,4.208860,-33.653400,14.382500,0.285019,0.384604,0.932614,nan,-0.013995,0.344054,-0.021433,-2.331329,0.016072,2.675220,0.736851,-0.000731,0.004976,-0.000095,0.003770,-0.001195,0.002154,0.000914,0.141956,-34.408543,0.157272,16.665108,1.027110,2.472157,-0.267287
1750016692.518092,0.210947,0.870907,0.417978,-1.160430,1.211340,0.264609,nan,0.000647,0.000647,-0.004743,-0.037264,0.032868,0.016518,nan,3.992150,-32.604100,13.765300,0.236007,0.429522,0.961002,nan,-0.013998,0.344236,-0.021425,-2.331224,0.016079,2.675296,0.736845,0.000983,0.006090,0.001122,0.003620,-0.000783,0.002744,0.000122,0.141956,-34.408543,0.129501,16.688911,1.007884,2.472157,-0.260878
1750016692.551861,0.210971,0.870943,0.417738,-1.161900,1.212690,0.265304,nan,0.000311,0.000383,-0.005210,-0.035575,0.033826,0.016985,nan,3.787660,-32.674300,14.957800,0.020883,0.441317,0.939082,nan,-0.014005,0.344403,-0.021425,-2.331120,0.016090,2.675362,0.736833,-0.001073,0.004187,0.000339,0.002433,0.000643,0.002135,-0.002701,0.141956,-34.356968,0.181075,16.688911,1.027110,2.478566,-0.214186
1750016692.586400,0.210983,0.870967,0.417570,-1.163330,1.213960,0.265939,nan,0.000168,0.000240,-0.004839,-0.035240,0.032808,0.016242,nan,3.833420,-33.125400,13.990600,0.044939,0.442767,0.924948,nan,-0.014010,0.344551,-0.021421,-2.331027,0.016097,2.675421,0.736830,-0.000279,0.003021,0.000550,0.003451,0.002018,0.001726,0.000571,0.169727,-34.356968,0.181075,16.688911,1.020701,2.465749,-0.247145
1750016692.619989,0.210983,0.870967,0.417355,-1.164860,1.215350,0.266610,nan,-0.000012,-0.000048,-0.005043,-0.035910,0.032736,0.015799,nan,4.157240,-33.620400,14.117000,0.104905,0.387312,0.936567,nan,-0.014013,0.344698,-0.021415,-2.330945,0.016104,2.675479,0.736833,0.000851,0.003081,0.000825,0.003820,0.000970,0.002655,0.000139,0.141956,-34.380772,0.157272,16.613533,1.007884,2.452016,-0.307570
1750016692.653816,0.210983,0.870967,0.417355,-1.164860,1.215350,0.266610,nan,-0.000012,-0.000048,-0.005043,-0.035910,0.032736,0.015799,nan,4.157240,-33.620400,14.117000,0.104905,0.387312,0.936567,nan,-0.014020,0.344836,-0.021416,-2.330878,0.016111,2.675528,0.736823,-0.000404,0.004386,-0.000204,0.000947,0.000885,0.001461,-0.001303,0.141956,-34.432346,0.181075,16.712715,1.020701,2.459340,-0.234328
1750016692.688082,0.210995,0.870967,0.417175,-1.166300,1.216620,0.267256,nan,0.000216,0.000000,-0.005199,-0.034701,0.032365,0.015859,nan,4.105250,-33.422500,13.358600,0.064116,0.436928,0.921594,nan,-0.014020,0.344962,-0.021409,-2.330797,0.016116,2.675583,0.736823,-0.000949,0.002041,0.000288,0.001198,0.001231,0.002085,0.001913,0.094349,-34.408543,0.181075,16.712715,1.014292,2.478566,-0.274611
1750016692.721873,0.211007,0.870979,0.416935,-1.167690,1.217840,0.267891,nan,-0.000012,0.000000,-0.005869,-0.033263,0.030508,0.016195,nan,4.049220,-33.402100,13.886300,0.072785,0.504306,0.945551,nan,-0.014027,0.345092,-0.021411,-2.330716,0.016126,2.675633,0.736814,-0.000292,0.003607,-0.000342,0.001766,0.001397,0.001899,0.000813,0.141956,-34.460117,0.208846,16.688911,1.001475,2.459340,-0.240736
1750016692.755635,0.211007,0.870979,0.416708,-1.169090,1.219090,0.268514,nan,0.000635,0.000000,-0.005845,-0.034533,0.030365,0.014973,nan,4.231300,-33.422500,13.686800,0.121491,0.455323,0.973579,nan,-0.014030,0.345206,-0.021406,-2.330642,0.016127,2.675680,0.736810,-0.000100,0.004720,-0.000094,0.003668,-0.000780,0.000958,0.000405,0.141956,-34.460117,0.181075,16.637337,1.007884,2.465749,-0.254469
1750016692.789950,0.211019,0.870979,0.416456,-1.170460,1.220300,0.269137,nan,0.000431,0.000000,-0.005941,-0.033335,0.029718,0.015188,nan,4.173360,-33.463200,14.145200,0.093823,0.516259,0.965674,nan,-0.014033,0.345310,-0.021401,-2.330583,0.016128,2.675720,0.736809,0.000047,0.002744,0.000327,0.001079,-0.000706,0.002040,0.001036,0.141956,-34.432346,0.157272,16.665108,1.001475,2.459340,-0.287428
1750016692.823855,0.211043,0.870967,0.416265,-1.171580,1.221300,0.269640,nan,-0.000060,0.000000,-0.006109,-0.031766,0.028161,0.014625,nan,3.764570,-32.994900,13.585400,0.114065,0.527538,1.015860,nan,-0.014033,0.345412,-0.021396,-2.330517,0.016134,2.675758,0.736799,0.001852,0.003521,0.002232,0.003801,-0.000059,0.002258,-0.001577,0.094349,-34.408543,0.129501,16.637337,1.014292,2.459340,-0.234328
1750016692.857940,0.211031,0.870979,0.416217,-1.171860,1.221570,0.269784,nan,-0.000060,-0.000036,-0.005929,-0.031443,0.028472,0.013895,nan,4.111840,-33.520000,13.461700,0.066313,0.479811,0.975735,nan,-0.014037,0.345511,-0.021402,-2.330471,0.016136,2.675795,0.736799,0.000668,0.004232,-0.001476,0.001185,0.000891,0.002113,0.000963,0.094349,-34.535496,0.208846,16.665108,1.014292,2.465749,-0.281020
1750016692.892195,0.211055,0.870967,0.416001,-1.173040,1.222650,0.270311,nan,0.000216,-0.000323,-0.005678,-0.030820,0.029083,0.014014,nan,3.661210,-33.057900,13.277600,0.019898,0.459244,1.030600,nan,-0.014043,0.345596,-0.021399,-2.330416,0.016140,2.675830,0.736796,-0.000634,0.002846,-0.000464,0.000795,-0.000137,0.000266,0.001269,0.141956,-34.483921,0.208846,16.688911,1.014292,2.484975,-0.281020
1750016692.926029,0.211055,0.870979,0.415786,-1.174290,1.223770,0.270886,nan,0.000599,-0.000395,-0.005510,-0.030233,0.027035,0.013847,nan,3.789900,-33.700900,12.921500,-0.023266,0.499736,1.015020,nan,-0.014045,0.345677,-0.021400,-2.330362,0.016144,2.675870,0.736792,0.000164,0.003341,-0.001815,0.002122,0.000262,0.000678,-0.000427,0.141956,-34.460117,0.232650,16.688911,1.027110,2.472157,-0.254469
1750016692.973035,0.211055,0.870967,0.415354,-1.176730,1.225960,0.272012,nan,-0.000012,-0.000419,-0.005270,-0.029826,0.026879,0.013487,nan,4.095490,-33.779400,13.296400,0.034755,0.426145,1.037300,nan,-0.014051,0.345757,-0.021389,-2.330309,0.016149,2.675906,0.736788,-0.001133,0.003197,0.000348,0.001886,-0.001269,0.001022,0.000671,0.169727,-34.483921,0.157272,16.637337,1.007884,2.459340,-0.267287
1750016693.006281,0.211043,0.870967,0.415342,-1.176820,1.226050,0.272048,nan,0.000000,-0.000060,-0.005187,-0.031155,0.027274,0.014050,nan,4.393850,-33.842900,13.199200,0.055324,0.383219,1.035990,nan,-0.014053,0.345834,-0.021390,-2.330270,0.016150,2.675939,0.736785,0.000037,0.002784,-0.000092,0.000910,0.000720,0.000440,0.002033,0.169727,-34.460117,0.208846,16.637337,1.014292,2.465749,-0.281020
1750016693.039491,0.211067,0.870967,0.415127,-1.178020,1.227110,0.272647,nan,0.000000,-0.000862,-0.005258,-0.029203,0.025705,0.013248,nan,3.914630,-34.703700,12.954300,0.054531,0.439097,0.963518,nan,-0.014054,0.345910,-0.021388,-2.330222,0.016155,2.675968,0.736775,-0.000076,0.002806,-0.000691,0.002104,-0.000801,0.000895,-0.002170,0.118152,-34.483921,0.157272,16.637337,1.014292,2.465749,-0.234328
1750016693.072737,0.211055,0.870907,0.414899,-1.179150,1.228140,0.273162,nan,0.000000,-0.001689,-0.006049,-0.027490,0.024723,0.013404,nan,4.297790,-34.461900,12.738200,0.034579,0.401407,1.045330,nan,-0.014060,0.345981,-0.021384,-2.330183,0.016161,2.675997,0.736780,-0.001886,0.002920,0.000303,0.000903,0.000853,0.001131,0.000559,0.193531,-34.511692,0.181075,16.712715,0.995066,2.465749,-0.274611
1750016693.107472,0.211079,0.870823,0.414684,-1.180290,1.229160,0.273677,nan,0.000551,-0.001785,-0.005438,-0.027382,0.024603,0.013440,nan,3.756000,-33.819200,12.467800,-0.011009,0.398217,1.053590,nan,-0.014058,0.346039,-0.021384,-2.330137,0.016165,2.676022,0.736778,-0.000218,0.001977,0.000014,0.000047,0.000202,0.000919,-0.000864,0.141956,-34.432346,0.181075,16.637337,0.995066,2.465749,-0.267287
1750016693.139590,0.211067,0.870728,0.414420,-1.181450,1.230180,0.274192,nan,0.000000,-0.002623,-0.006253,-0.027466,0.024256,0.012853,nan,4.153800,-33.901900,12.900600,0.051685,0.380060,1.124140,nan,-0.014057,0.346098,-0.021380,-2.330099,0.016166,2.676050,0.736773,0.000584,0.001599,0.001830,0.001532,-0.001414,0.000786,-0.000244,0.118152,-34.483921,0.157272,16.665108,0.995066,2.459340,-0.234328
1750016693.172935,0.211067,0.870632,0.414216,-1.182330,1.230990,0.274623,nan,0.000000,-0.003174,-0.006420,-0.027226,0.024292,0.012805,nan,4.177760,-34.120800,12.484500,-0.022580,0.365331,1.103060,nan,-0.014062,0.346160,-0.021384,-2.330067,0.016166,2.676069,0.736771,-0.000556,0.001755,-0.000967,0.000628,-0.001003,0.000849,-0.000660,0.141956,-34.483921,0.181075,16.688911,1.001475,2.478566,-0.240736
1750016693.206285,0.211067,0.870596,0.414168,-1.182540,1.231160,0.274719,nan,0.000000,-0.003354,-0.006480,-0.025837,0.024316,0.012397,nan,4.189630,-33.732700,12.382300,-0.046490,0.405272,1.128700,nan,-0.014062,0.346220,-0.021378,-2.330026,0.016170,2.676097,0.736768,0.001099,0.003287,0.001166,0.001382,0.002266,0.002181,-0.000664,0.141956,-34.483921,0.181075,16.613533,1.001475,2.472157,-0.254469
1750016693.239529,0.211067,0.870476,0.413929,-1.183580,1.232080,0.275210,nan,0.000000,-0.003174,-0.005773,-0.027059,0.023202,0.013116,nan,4.225450,-33.693200,12.642300,-0.047156,0.499694,1.168940,nan,-0.014067,0.346275,-0.021380,-2.329998,0.016172,2.676119,0.736766,-0.000216,0.001428,-0.001876,0.000085,0.001290,0.001386,0.000078,0.169727,-34.511692,0.208846,16.665108,1.014292,2.472157,-0.240736
1750016693.272753,0.211091,0.870344,0.413713,-1.184660,1.233030,0.275737,nan,0.000000,-0.002935,-0.005055,-0.025741,0.023082,0.012146,nan,3.650030,-32.785200,12.650000,-0.080290,0.434496,1.155650,nan,-0.014065,0.346324,-0.021377,-2.329964,0.016171,2.676139,0.736762,0.000374,0.001955,0.000302,0.000154,0.000165,-0.000123,0.000752,0.141956,-34.511692,0.208846,16.688911,0.995066,2.478566,-0.247145
1750016693.306563,0.211067,0.870237,0.413510,-1.185800,1.234040,0.276228,nan,0.000084,-0.002360,-0.004743,-0.026340,0.022962,0.012242,nan,4.302860,-33.098600,12.730000,0.098228,0.389641,1.220810,nan,-0.014066,0.346372,-0.021375,-2.329924,0.016175,2.676162,0.736758,0.000353,0.001956,-0.000268,0.001562,-0.000538,0.000809,-0.001637,0.141956,-34.511692,0.157272,16.613533,0.995066,2.452016,-0.227003
1750016693.339575,0.211079,0.870165,0.413354,-1.186760,1.234850,0.276659,nan,0.000000,-0.002000,-0.004767,-0.024807,0.022986,0.012793,nan,4.044990,-33.447200,12.732500,0.236795,0.396429,1.195180,nan,-0.014067,0.346413,-0.021376,-2.329906,0.016176,2.676178,0.736756,0.000751,0.002200,-0.001919,0.000384,-0.001880,0.001081,-0.002164,0.118152,-34.511692,0.208846,16.688911,0.995066,2.472157,-0.227003
1750016693.372772,0.211091,0.870153,0.413318,-1.186890,1.234960,0.276719,nan,-0.000060,-0.002012,-0.004971,-0.024495,0.022387,0.012002,nan,3.749350,-33.384600,12.697400,0.228078,0.438108,1.180080,nan,-0.014074,0.346454,-0.021374,-2.329882,0.016177,2.676199,0.736759,-0.001296,0.000887,0.000225,0.000400,0.000121,0.002069,-0.000138,0.169727,-34.535496,0.181075,16.665108,0.995066,2.459340,-0.260878
1750016693.406302,0.211079,0.870057,0.413114,-1.187930,1.235890,0.277210,nan,0.000000,-0.001701,-0.004731,-0.024723,0.021872,0.011834,nan,4.104380,-32.627900,12.801800,0.256279,0.425940,1.232070,nan,-0.014072,0.346498,-0.021369,-2.329857,0.016180,2.676212,0.736756,0.000144,0.001068,0.001054,0.002600,-0.000749,-0.000631,-0.001150,0.118152,-34.483921,0.129501,16.613533,0.988658,2.465749,-0.240736
1750016693.439502,0.211091,0.869997,0.412923,-1.188950,1.236780,0.277701,nan,0.000407,-0.001677,-0.005067,-0.024435,0.021812,0.011355,nan,3.836200,-33.160200,12.526800,0.259184,0.446645,1.187990,nan,-0.014074,0.346540,-0.021371,-2.329834,0.016183,2.676227,0.736761,-0.000251,-0.000092,-0.000401,0.002452,0.001379,-0.000521,0.001835,0.141956,-34.483921,0.181075,16.613533,0.981333,2.478566,-0.267287
1750016693.472758,0.211079,0.869925,0.412719,-1.189930,1.237670,0.278169,nan,0.000000,-0.001581,-0.004935,-0.023956,0.021980,0.011547,nan,3.912490,-33.008800,12.569100,0.218502,0.449222,1.211940,nan,-0.014075,0.346579,-0.021369,-2.329811,0.016179,2.676246,0.736752,0.000153,-0.000301,0.000875,0.001362,-0.002735,0.000161,0.000838,0.141956,-34.460117,0.157272,16.637337,1.014292,2.465749,-0.214186
1750016693.506346,0.211091,0.869865,0.412504,-1.190840,1.238490,0.278624,nan,0.000036,-0.001533,-0.005007,-0.023609,0.021740,0.011727,nan,3.981800,-33.157000,13.402200,0.192057,0.490403,1.167030,nan,-0.014077,0.346625,-0.021371,-2.329784,0.016186,2.676260,0.736757,0.000537,0.003208,-0.000740,0.001805,0.000378,-0.000735,0.002100,0.141956,-34.563267,0.181075,16.637337,0.995066,2.472157,-0.274611
1750016693.539316,0.211091,0.869865,0.412504,-1.190840,1.238490,0.278624,nan,0.000036,-0.001533,-0.005007,-0.023609,0.021740,0.011727,nan,3.981810,-33.157000,13.402300,0.192064,0.490400,1.167030,nan,-0.014077,0.346657,-0.021371,-2.329761,0.016185,2.676275,0.736755,0.000925,0.001003,-0.001680,0.001635,-0.000662,-0.001028,0.000323,0.169727,-34.563267,0.181075,16.613533,1.001475,2.465749,-0.274611
1750016693.573007,0.211103,0.869781,0.412300,-1.191870,1.239440,0.279115,nan,0.000000,-0.001593,-0.004552,-0.024364,0.021022,0.011283,nan,3.744720,-33.577500,12.948500,0.192473,0.438620,1.231830,nan,-0.014079,0.346689,-0.021370,-2.329739,0.016189,2.676291,0.736753,-0.000213,0.000858,-0.000190,-0.000625,0.001412,0.001351,0.000321,0.141956,-34.483921,0.181075,16.665108,0.995066,2.452016,-0.254469
1750016693.606153,0.211091,0.869709,0.412132,-1.192820,1.240280,0.279570,nan,0.000000,-0.001557,-0.004144,-0.022842,0.020746,0.011307,nan,4.103360,-32.237800,12.463300,0.131537,0.462455,1.178410,nan,-0.014078,0.346727,-0.021364,-2.329716,0.016190,2.676305,0.736755,0.000507,0.002805,0.001585,0.001542,-0.000146,0.002077,0.002479,0.141956,-34.563267,0.157272,16.613533,0.988658,2.452016,-0.267287
1750016693.639775,0.211115,0.869650,0.411941,-1.193750,1.241140,0.280013,nan,0.000000,-0.001569,-0.004216,-0.022675,0.020806,0.010960,nan,3.576210,-32.480800,12.847400,0.085337,0.430210,1.197690,nan,-0.014078,0.346753,-0.021368,-2.329704,0.016191,2.676315,0.736752,0.001825,-0.000700,0.000290,0.000711,0.000278,0.000133,0.000608,0.141956,-34.511692,0.181075,16.665108,0.988658,2.452016,-0.240736
1750016693.674121,0.211091,0.869590,0.411773,-1.194630,1.241920,0.280444,nan,0.000000,-0.001389,-0.004216,-0.022387,0.019944,0.011116,nan,3.935510,-32.420900,12.991400,0.132793,0.443145,1.177450,nan,-0.014083,0.346784,-0.021370,-2.329687,0.016191,2.676326,0.736749,-0.000290,0.000247,0.000257,0.000681,0.000276,0.000114,0.000942,0.169727,-34.511692,0.181075,16.665108,0.988658,2.465749,-0.260878
1750016693.707840,0.211103,0.869542,0.411617,-1.195420,1.242610,0.280816,nan,0.000000,-0.001389,-0.004013,-0.021908,0.020315,0.010864,nan,3.995340,-32.644900,13.404300,0.152461,0.471021,1.190020,nan,-0.014081,0.346813,-0.021366,-2.329668,0.016191,2.676338,0.736751,0.000354,0.000800,0.000027,0.000550,-0.001806,0.001163,0.001250,0.141956,-34.511692,0.157272,16.613533,0.988658,2.459340,-0.274611
1750016693.742115,0.211115,0.869530,0.411593,-1.195590,1.242770,0.280912,nan,0.000000,-0.001461,-0.003989,-0.022088,0.019093,0.010205,nan,3.707290,-32.615900,13.061700,0.119985,0.497259,1.163550,nan,-0.014086,0.346836,-0.021362,-2.329655,0.016196,2.676348,0.736741,-0.000320,0.000451,0.000984,0.001363,-0.000020,0.000303,-0.001675,0.169727,-34.483921,0.129501,16.637337,0.988658,2.452016,-0.200453
1750016693.776086,0.211115,0.869482,0.411437,-1.196440,1.243510,0.281295,nan,0.000000,-0.001521,-0.003977,-0.021992,0.019656,0.010301,nan,3.779050,-33.077000,13.042800,0.129132,0.454197,1.169780,nan,-0.014084,0.346863,-0.021361,-2.329640,0.016195,2.676356,0.736744,-0.000193,0.000733,0.001660,0.000704,0.000112,0.000074,-0.000372,0.141956,-34.535496,0.129501,16.665108,0.995066,2.465749,-0.247145
1750016693.809867,0.211103,0.869410,0.411282,-1.197350,1.244300,0.281714,nan,0.000000,-0.001449,-0.004132,-0.020770,0.018926,0.010062,nan,4.150300,-32.759900,12.679700,0.180188,0.488802,1.173610,nan,-0.014089,0.346888,-0.021362,-2.329623,0.016198,2.676366,0.736740,-0.000775,0.000483,0.001851,0.001473,0.001127,0.000187,-0.000808,0.169727,-34.511692,0.129501,16.613533,0.981333,2.465749,-0.227003
1750016693.844112,0.211115,0.869362,0.411126,-1.198170,1.245080,0.282133,nan,0.000000,-0.001425,-0.004288,-0.020866,0.019500,0.010229,nan,3.922720,-33.292200,12.262900,0.050370,0.491674,1.164750,nan,-0.014083,0.346918,-0.021361,-2.329609,0.016197,2.676375,0.736743,0.000453,0.002613,0.000061,-0.000260,-0.001079,-0.000397,0.001657,0.118152,-34.587070,0.129501,16.637337,0.995066,2.472157,-0.274611
1750016693.877864,0.211103,0.869302,0.410958,-1.198950,1.245780,0.282517,nan,0.000204,-0.001545,-0.004288,-0.021225,0.018554,0.010349,nan,4.267810,-33.013100,12.748100,0.081283,0.479573,1.123310,nan,-0.014088,0.346937,-0.021360,-2.329593,0.016201,2.676386,0.736742,0.000024,-0.000094,0.000416,0.002084,0.000647,-0.001439,-0.000623,0.141956,-34.535496,0.157272,16.637337,0.981333,2.459340,-0.240736
1750016693.911691,0.211139,0.869302,0.410946,-1.199060,1.245880,0.282565,nan,-0.000036,-0.001497,-0.004240,-0.020962,0.018494,0.010409,nan,3.386230,-33.365000,12.330700,0.059976,0.464367,1.144270,nan,-0.014088,0.346961,-0.021359,-2.329578,0.016198,2.676397,0.736743,0.000300,0.001006,0.001675,0.000870,0.000386,0.000929,0.002470,0.141956,-34.511692,0.105697,16.637337,0.981333,2.452016,-0.287428
1750016693.946101,0.211115,0.869254,0.410755,-1.199900,1.246630,0.282984,nan,0.000216,-0.001509,-0.004252,-0.021345,0.018303,0.010050,nan,4.050810,-33.811500,13.033400,0.064065,0.484588,1.087490,nan,-0.014090,0.346986,-0.021362,-2.329569,0.016200,2.676404,0.736740,-0.001306,0.001669,-0.000391,-0.000758,-0.000166,-0.000715,0.001168,0.169727,-34.563267,0.157272,16.665108,0.995066,2.472157,-0.267287
1750016693.980021,0.211139,0.869170,0.410587,-1.200790,1.247380,0.283403,nan,0.000216,-0.001473,-0.004288,-0.019872,0.017859,0.009774,nan,3.511810,-32.695900,12.749400,0.106847,0.504846,1.058620,nan,-0.014090,0.347007,-0.021366,-2.329543,0.016203,2.676415,0.736736,-0.001062,0.000709,-0.001849,0.003850,0.001021,-0.000269,-0.000889,0.169727,-34.535496,0.208846,16.565926,0.968516,2.452016,-0.254469
1750016694.014009,0.211139,0.869123,0.410431,-1.201580,1.248090,0.283774,nan,0.000635,-0.001354,-0.004073,-0.020267,0.017560,0.009451,nan,3.542030,-32.995300,12.443100,0.108059,0.523479,1.096360,nan,-0.014089,0.347024,-0.021361,-2.329539,0.016204,2.676420,0.736735,0.000111,0.000815,-0.000077,-0.002517,0.000610,-0.000906,-0.000167,0.118152,-34.511692,0.181075,16.688911,0.988658,2.459340,-0.247145
1750016694.047851,0.211103,0.869063,0.410288,-1.202340,1.248760,0.284146,nan,0.000000,-0.001521,-0.003905,-0.020004,0.017728,0.009475,nan,4.556760,-32.893800,12.050900,0.122684,0.547690,1.071680,nan,-0.014093,0.347048,-0.021362,-2.329522,0.016207,2.676429,0.736732,0.000867,0.000992,-0.000138,0.001385,-0.000223,-0.000117,-0.001852,0.169727,-34.535496,0.181075,16.637337,0.974925,2.465749,-0.194044
1750016694.081794,0.211103,0.869051,0.410276,-1.202390,1.248810,0.284170,nan,0.000000,-0.001413,-0.003917,-0.019860,0.017776,0.009343,nan,4.556700,-32.540200,12.106000,0.102590,0.545725,1.078750,nan,-0.014091,0.347065,-0.021361,-2.329513,0.016204,2.676435,0.736736,0.000533,0.000858,0.000081,0.000072,-0.000944,-0.000017,0.002794,0.141956,-34.511692,0.181075,16.637337,1.001475,2.459340,-0.260878
1750016694.116061,0.211115,0.868991,0.410108,-1.203210,1.249550,0.284589,nan,0.000599,-0.001593,-0.003893,-0.019237,0.016745,0.009475,nan,4.287210,-32.396400,12.211900,0.105038,0.532987,0.976814,nan,-0.014091,0.347079,-0.021360,-2.329505,0.016201,2.676444,0.736739,0.000189,-0.000255,0.000791,-0.002766,-0.000467,0.000038,0.001871,0.141956,-34.511692,0.157272,16.688911,0.974925,2.452016,-0.254469
1750016694.149783,0.211151,0.868943,0.409940,-1.203970,1.250270,0.284960,nan,0.000012,-0.001258,-0.003929,-0.019381,0.017189,0.008912,nan,3.489740,-32.721800,12.485100,0.007401,0.524126,1.008320,nan,-0.014095,0.347097,-0.021360,-2.329488,0.016204,2.676447,0.736733,-0.000583,0.000701,0.000478,0.001256,-0.001675,-0.002015,-0.000589,0.193531,-34.535496,0.157272,16.637337,0.974925,2.478566,-0.240736
1750016694.184048,0.211139,0.868883,0.409784,-1.204750,1.250970,0.285331,nan,0.000467,-0.001330,-0.003797,-0.018961,0.016458,0.008864,nan,3.840700,-32.387300,12.474100,0.033644,0.487929,0.997296,nan,-0.014093,0.347111,-0.021358,-2.329480,0.016209,2.676457,0.736733,-0.000039,-0.000529,0.000832,0.001078,0.000803,0.002395,-0.000251,0.169727,-34.535496,0.129501,16.613533,0.988658,2.465749,-0.247145
1750016694.217904,0.211151,0.868859,0.409641,-1.205540,1.251640,0.285679,nan,0.000000,-0.001270,-0.003809,-0.018374,0.016075,0.008205,nan,3.657810,-33.473800,12.062200,0.073812,0.493195,1.026880,nan,-0.014090,0.347122,-0.021359,-2.329471,0.016210,2.676463,0.736733,0.001722,0.000483,0.000630,0.001018,0.001408,-0.000955,0.000109,0.118152,-34.535496,0.157272,16.637337,0.988658,2.459340,-0.247145
1750016694.252100,0.211151,0.868859,0.409641,-1.205540,1.251640,0.285679,nan,0.000000,-0.001270,-0.003809,-0.018374,0.016075,0.008205,nan,3.657810,-33.473800,12.062200,0.073812,0.493195,1.026880,nan,-0.014092,0.347143,-0.021359,-2.329461,0.016209,2.676467,0.736735,0.000808,0.000692,0.000287,0.000263,0.000496,-0.000723,0.001830,0.118152,-34.563267,0.181075,16.637337,0.962107,2.465749,-0.260878
1750016694.285824,0.211151,0.868799,0.409485,-1.206270,1.252320,0.286026,nan,0.000216,-0.001270,-0.003653,-0.018267,0.016051,0.008660,nan,3.725880,-33.147900,12.120700,-0.004592,0.515924,1.056830,nan,-0.014096,0.347159,-0.021357,-2.329458,0.016211,2.676472,0.736730,-0.000224,0.000720,0.000695,-0.001154,0.001615,-0.000374,-0.001018,0.141956,-34.563267,0.157272,16.688911,0.968516,2.465749,-0.220595
1750016694.320120,0.211163,0.868739,0.409341,-1.207010,1.252960,0.286362,nan,0.000000,-0.001461,-0.003857,-0.017943,0.015739,0.008301,nan,3.501150,-32.778800,11.726300,0.012516,0.527343,1.067610,nan,-0.014096,0.347166,-0.021363,-2.329442,0.016210,2.676477,0.736732,0.000143,-0.000109,-0.001016,-0.000077,0.000480,0.000179,-0.001099,0.169727,-34.511692,0.208846,16.637337,0.981333,2.459340,-0.240736
1750016694.353993,0.211163,0.868691,0.409162,-1.207790,1.253620,0.286697,nan,0.000000,-0.001330,-0.003869,-0.017907,0.015991,0.008397,nan,3.573050,-32.631700,12.554000,0.102747,0.534852,1.081020,nan,-0.014097,0.347184,-0.021358,-2.329434,0.016208,2.676485,0.736731,-0.001011,-0.000405,-0.000062,0.000090,0.001207,0.000501,-0.001541,0.169727,-34.563267,0.181075,16.637337,0.968516,2.459340,-0.227003
1750016694.387817,0.211163,0.868643,0.409030,-1.208540,1.254270,0.287032,nan,0.000000,-0.001282,-0.003797,-0.017524,0.015524,0.008109,nan,3.632370,-33.350100,11.667700,0.133669,0.562057,1.106900,nan,-0.014099,0.347192,-0.021357,-2.329424,0.016206,2.676488,0.736731,-0.001163,-0.000397,0.000297,0.000302,0.000069,0.000332,-0.000084,0.169727,-34.535496,0.157272,16.613533,0.988658,2.452016,-0.267287
1750016694.422094,0.211163,0.868596,0.408886,-1.209190,1.254880,0.287368,nan,0.000000,-0.001401,-0.003725,-0.017416,0.015416,0.008277,nan,3.692170,-33.356100,11.805200,0.118295,0.502647,1.067850,nan,-0.014099,0.347211,-0.021356,-2.329418,0.016207,2.676492,0.736728,-0.001109,0.000709,0.000625,0.001150,0.000604,0.000595,-0.002393,0.169727,-34.587070,0.157272,16.613533,0.974925,2.459340,-0.214186
1750016694.455824,0.211163,0.868584,0.408886,-1.209240,1.254910,0.287416,nan,0.000000,-0.001258,-0.003749,-0.018231,0.014697,0.008768,nan,3.691900,-33.006800,11.448300,0.128008,0.522549,0.988193,nan,-0.014099,0.347218,-0.021362,-2.329413,0.016209,2.676500,0.736725,-0.000395,0.000945,-0.001696,-0.000164,-0.000624,0.000890,-0.002831,0.169727,-34.535496,0.232650,16.637337,0.968516,2.452016,-0.220595
1750016694.490106,0.211151,0.868536,0.408730,-1.209940,1.255560,0.287751,nan,0.000000,-0.001270,-0.003857,-0.016913,0.015619,0.008349,nan,4.038790,-33.229400,11.746000,0.113651,0.468334,1.028320,nan,-0.014100,0.347228,-0.021358,-2.329409,0.016210,2.676501,0.736731,0.000027,-0.001898,0.000109,-0.000286,0.001051,-0.000033,-0.000194,0.169727,-34.511692,0.181075,16.637337,0.988658,2.459340,-0.267287
1750016694.523880,0.211163,0.868476,0.408587,-1.210610,1.256160,0.288086,nan,0.000000,-0.001210,-0.003713,-0.016829,0.015272,0.007870,nan,3.798880,-32.849700,11.535900,0.084293,0.504478,1.027360,nan,-0.014097,0.347245,-0.021356,-2.329402,0.016212,2.676506,0.736733,-0.000418,0.002810,-0.000199,-0.000243,0.001142,0.000203,0.001822,0.141956,-34.587070,0.181075,16.637337,0.974925,2.459340,-0.287428
1750016694.557848,0.211163,0.868416,0.408431,-1.211300,1.256830,0.288446,nan,0.000000,-0.001354,-0.003474,-0.017153,0.014685,0.008493,nan,3.846430,-32.669500,11.514800,0.015861,0.459688,0.956451,nan,-0.014100,0.347250,-0.021354,-2.329399,0.016211,2.676512,0.736727,0.000255,0.000031,-0.000250,-0.001284,-0.000788,0.000727,0.000283,0.169727,-34.535496,0.129501,16.665108,0.981333,2.452016,-0.240736
1750016694.591631,0.211163,0.868368,0.408299,-1.211940,1.257420,0.288757,nan,0.000000,-0.001258,-0.003366,-0.016913,0.015368,0.007942,nan,3.893920,-32.742100,11.487500,-0.030909,0.396468,0.977772,nan,-0.014098,0.347258,-0.021354,-2.329392,0.016213,2.676515,0.736725,0.000481,-0.000110,0.001024,-0.001052,0.001554,0.001057,-0.001341,0.118152,-34.511692,0.129501,16.688911,0.968516,2.459340,-0.220595
1750016694.625926,0.211187,0.868380,0.408299,-1.211970,1.257450,0.288769,nan,-0.000036,-0.001222,-0.003414,-0.016662,0.015320,0.008073,nan,3.297410,-33.398000,11.150500,-0.023308,0.411225,0.966393,nan,-0.014102,0.347268,-0.021356,-2.329380,0.016213,2.676520,0.736731,-0.000132,0.000394,-0.000176,0.001489,0.000457,0.000193,0.000137,0.169727,-34.535496,0.157272,16.613533,0.968516,2.452016,-0.267287
1750016694.672709,0.211175,0.868284,0.408024,-1.213270,1.258590,0.289392,nan,0.000000,-0.001126,-0.002971,-0.016075,0.013787,0.007630,nan,3.701710,-33.450300,11.901800,-0.079242,0.454902,0.962200,nan,-0.014102,0.347278,-0.021358,-2.329378,0.016213,2.676519,0.736728,-0.000295,0.001241,-0.000534,-0.000273,0.000113,-0.002566,0.000098,0.169727,-34.563267,0.181075,16.665108,0.981333,2.465749,-0.274611
1750016694.706606,0.211187,0.868212,0.407904,-1.213900,1.259180,0.289704,nan,0.000000,-0.001114,-0.002947,-0.015895,0.013978,0.007331,nan,3.426230,-32.535400,11.594200,-0.193140,0.471660,0.950821,nan,-0.014100,0.347280,-0.021356,-2.329374,0.016217,2.676524,0.736728,-0.000271,-0.000663,0.001014,-0.001432,0.002711,-0.000341,0.000281,0.141956,-34.511692,0.157272,16.665108,0.968516,2.465749,-0.254469
1750016694.739562,0.211187,0.868164,0.407784,-1.214540,1.259730,0.290027,nan,0.000000,-0.001066,-0.002971,-0.015931,0.013475,0.007618,nan,3.474190,-32.500400,11.632400,-0.171216,0.485325,0.904825,nan,-0.014102,0.347287,-0.021360,-2.329364,0.016211,2.676526,0.736729,-0.000184,-0.000575,-0.001155,0.000247,0.000130,-0.000630,0.000709,0.169727,-34.511692,0.208846,16.613533,0.981333,2.452016,-0.254469
1750016694.772700,0.211187,0.868116,0.407664,-1.215090,1.260220,0.290266,nan,0.000000,-0.001126,-0.002779,-0.015548,0.013392,0.007235,nan,3.510150,-32.106300,12.369700,-0.140554,0.420053,0.937405,nan,-0.014100,0.347298,-0.021354,-2.329357,0.016215,2.676531,0.736724,-0.000063,-0.001950,0.000760,0.000176,0.001103,0.000230,-0.000633,0.141956,-34.511692,0.129501,16.613533,0.974925,2.445607,-0.207777
1750016694.806848,0.211187,0.868128,0.407640,-1.215240,1.260330,0.290326,nan,0.000000,-0.001066,-0.002887,-0.016218,0.013883,0.007259,nan,3.521950,-33.029800,12.397700,-0.063311,0.429333,0.937166,nan,-0.014100,0.347311,-0.021352,-2.329354,0.016214,2.676536,0.736729,0.000817,0.001322,0.001128,0.001420,0.000950,0.000573,0.002300,0.141956,-34.587070,0.105697,16.613533,0.962107,2.452016,-0.267287
1750016694.839547,0.211187,0.868080,0.407533,-1.215880,1.260860,0.290590,nan,0.000000,-0.001114,-0.002815,-0.015584,0.013368,0.006863,nan,3.557550,-32.779700,12.158000,0.003819,0.452901,0.992864,nan,-0.014103,0.347315,-0.021354,-2.329349,0.016214,2.676538,0.736730,-0.000729,0.001460,-0.000323,0.001671,0.000073,0.000310,0.001443,0.193531,-34.587070,0.129501,16.589729,0.974925,2.459340,-0.274611
1750016694.872693,0.211187,0.868033,0.407413,-1.216540,1.261420,0.290901,nan,0.000000,-0.001054,-0.002671,-0.014781,0.013451,0.007019,nan,3.593340,-32.603700,12.307100,0.074958,0.449025,0.959685,nan,-0.014103,0.347317,-0.021353,-2.329350,0.016216,2.676538,0.736721,0.000870,-0.000010,0.002142,-0.000047,0.000433,-0.000413,-0.002040,0.141956,-34.511692,0.157272,16.637337,0.955699,2.465749,-0.227003
1750016694.906763,0.211187,0.867985,0.407305,-1.217160,1.261980,0.291201,nan,0.000000,-0.001042,-0.002695,-0.015176,0.013631,0.007019,nan,3.628960,-32.482900,12.112000,0.073319,0.438358,0.975496,nan,-0.014100,0.347325,-0.021354,-2.329343,0.016216,2.676544,0.736727,0.000016,0.000550,0.001028,0.000403,0.000147,0.000669,0.001958,0.141956,-34.563267,0.129501,16.637337,0.974925,2.459340,-0.274611
1750016694.939557,0.211187,0.867949,0.407221,-1.217710,1.262430,0.291452,nan,-0.000012,-0.000994,-0.002623,-0.014697,0.012805,0.007055,nan,3.653710,-32.529400,11.656400,0.153364,0.502639,0.993822,nan,-0.014102,0.347330,-0.021355,-2.329344,0.016215,2.676546,0.736728,0.000217,0.000953,0.000298,-0.001079,-0.000349,0.000703,0.002279,0.169727,-34.587070,0.157272,16.613533,0.962107,2.445607,-0.287428
1750016694.972687,0.211187,0.867949,0.407185,-1.217790,1.262510,0.291488,nan,0.000000,-0.001066,-0.002791,-0.014446,0.013404,0.006935,nan,3.652730,-32.744800,12.480200,0.168170,0.456286,0.997895,nan,-0.014099,0.347332,-0.021355,-2.329339,0.016213,2.676542,0.736725,0.001552,0.001575,-0.000035,0.000658,-0.000514,-0.000851,-0.000022,0.118152,-34.610874,0.181075,16.613533,0.974925,2.452016,-0.260878
1750016695.007087,0.211199,0.867901,0.407077,-1.218360,1.263020,0.291764,nan,0.000000,-0.001090,-0.002803,-0.014326,0.013140,0.006863,nan,3.376890,-32.395700,12.409900,0.161408,0.475865,0.989989,nan,-0.014102,0.347327,-0.021355,-2.329340,0.016213,2.676545,0.736723,0.000156,-0.001005,0.000485,-0.000153,-0.000069,0.000290,0.000111,0.169727,-34.535496,0.181075,16.637337,0.974925,2.452016,-0.240736
1750016695.039590,0.211187,0.867877,0.406970,-1.218980,1.263560,0.292063,nan,0.000000,-0.001090,-0.003054,-0.014266,0.012960,0.006887,nan,3.712140,-33.210200,11.983700,0.183926,0.529228,0.975376,nan,-0.014101,0.347334,-0.021354,-2.329338,0.016218,2.676543,0.736721,0.001129,-0.000174,-0.000323,0.000073,0.001252,-0.000631,-0.000708,0.118152,-34.587070,0.129501,16.613533,0.955699,2.465749,-0.227003
1750016695.072729,0.211211,0.867829,0.406850,-1.219570,1.264080,0.292351,nan,-0.000048,-0.000838,-0.002827,-0.014673,0.012565,0.007522,nan,3.439740,-32.853500,12.125200,0.216865,0.499924,0.943155,nan,-0.014100,0.347333,-0.021354,-2.329340,0.016218,2.676545,0.736726,-0.000189,0.000712,0.000918,-0.000544,0.001130,0.000185,0.001682,0.141956,-34.587070,0.129501,16.637337,0.962107,2.452016,-0.267287
1750016695.106452,0.211199,0.867781,0.406730,-1.220180,1.264610,0.292626,nan,0.000000,-0.000946,-0.003162,-0.014050,0.012637,0.006887,nan,3.460180,-32.433300,12.155700,0.285477,0.480380,0.971064,nan,-0.014102,0.347331,-0.021355,-2.329336,0.016214,2.676546,0.736718,0.000793,-0.001685,-0.000302,0.000515,0.000942,0.000144,-0.000564,0.169727,-34.587070,0.181075,16.589729,0.962107,2.439198,-0.227003
1750016695.139598,0.211199,0.867781,0.406730,-1.220180,1.264610,0.292626,nan,0.000000,-0.000946,-0.003162,-0.014050,0.012637,0.006887,nan,3.460150,-32.433300,12.155800,0.285498,0.480347,0.971064,nan,-0.014106,0.347334,-0.021353,-2.329341,0.016217,2.676545,0.736721,-0.000741,-0.001142,0.001094,-0.000803,0.002237,-0.000606,0.000103,0.193531,-34.587070,0.157272,16.637337,0.962107,2.452016,-0.254469
1750016695.172758,0.211187,0.867745,0.406598,-1.220730,1.265100,0.292902,nan,0.000156,-0.001114,-0.003042,-0.013907,0.012337,0.006720,nan,3.772970,-32.759400,12.630100,0.262428,0.522322,0.964117,nan,-0.014103,0.347338,-0.021355,-2.329336,0.016214,2.676547,0.736720,-0.000054,0.001080,-0.000794,0.000119,-0.000862,0.000271,-0.000585,0.169727,-34.610874,0.181075,16.613533,0.962107,2.432790,-0.247145
1750016695.206522,0.211187,0.867709,0.406479,-1.221270,1.265610,0.293129,nan,0.000000,-0.000946,-0.003090,-0.013056,0.011930,0.006097,nan,3.795850,-33.146000,12.778400,0.229559,0.478888,1.076710,nan,-0.014100,0.347337,-0.021355,-2.329340,0.016214,2.676546,0.736721,0.000699,0.001945,-0.000056,-0.000538,0.000329,0.000155,0.000090,0.141956,-34.638645,0.157272,16.637337,0.955699,2.445607,-0.254469
1750016695.239598,0.211199,0.867673,0.406371,-1.221830,1.266130,0.293405,nan,0.000000,-0.000862,-0.002743,-0.013416,0.012098,0.006492,nan,3.519850,-33.359700,12.298500,0.195984,0.495558,1.092880,nan,-0.014104,0.347334,-0.021354,-2.329340,0.016214,2.676546,0.736722,0.001455,-0.000861,0.001613,-0.000848,-0.000770,0.000232,0.000081,0.141956,-34.587070,0.157272,16.637337,0.955699,2.439198,-0.234328
1750016695.272748,0.211199,0.867625,0.406263,-1.222350,1.266610,0.293680,nan,0.000000,-0.000934,-0.002659,-0.013404,0.011978,0.006828,nan,3.543330,-32.292200,12.471100,0.155809,0.480614,1.016220,nan,-0.014105,0.347337,-0.021353,-2.329335,0.016213,2.676548,0.736724,0.000333,-0.000347,-0.000903,0.000957,-0.000411,0.000322,0.001150,0.169727,-34.638645,0.157272,16.613533,0.968516,2.439198,-0.254469
1750016695.306492,0.211199,0.867589,0.406179,-1.222800,1.267000,0.293884,nan,0.000000,-0.000874,-0.002515,-0.013691,0.011751,0.006396,nan,3.567250,-32.604900,12.206600,0.128520,0.528849,1.060780,nan,-0.014103,0.347335,-0.021356,-2.329336,0.016219,2.676546,0.736719,0.000567,0.001247,-0.000025,-0.000153,0.001948,-0.000593,-0.000612,0.169727,-34.610874,0.157272,16.613533,0.949290,2.445607,-0.247145
1750016695.339755,0.211187,0.867577,0.406155,-1.222900,1.267100,0.293932,nan,0.000000,-0.000791,-0.002695,-0.013990,0.012278,0.006085,nan,3.866650,-32.411300,12.312900,0.066900,0.539303,1.084020,nan,-0.014105,0.347336,-0.021358,-2.329339,0.016220,2.676548,0.736726,-0.000506,-0.000280,-0.001758,0.000664,0.001539,0.000494,0.002107,0.169727,-34.610874,0.208846,16.637337,0.949290,2.432790,-0.260878
1750016695.374181,0.211199,0.867541,0.406059,-1.223420,1.267540,0.294171,nan,0.000000,-0.000922,-0.002479,-0.012817,0.011140,0.006121,nan,3.590970,-32.375100,12.132200,0.042323,0.593641,1.103780,nan,-0.014106,0.347336,-0.021351,-2.329339,0.016214,2.676547,0.736722,0.000995,-0.000066,0.000206,-0.001075,0.000912,0.000270,0.000720,0.169727,-34.587070,0.129501,16.665108,0.955699,2.432790,-0.260878
1750016695.407998,0.211199,0.867517,0.405951,-1.223940,1.268010,0.294447,nan,0.000000,-0.000910,-0.002623,-0.013200,0.011403,0.006384,nan,3.603290,-32.885600,12.306700,-0.010007,0.584040,1.019220,nan,-0.014106,0.347340,-0.021359,-2.329339,0.016214,2.676546,0.736718,0.000619,0.000906,-0.001214,-0.000211,0.000477,-0.001075,-0.001948,0.169727,-34.638645,0.232650,16.665108,0.962107,2.445607,-0.200453
1750016695.441948,0.211199,0.867470,0.405844,-1.224470,1.268470,0.294686,nan,0.000000,-0.000850,-0.002491,-0.012721,0.011367,0.006289,nan,3.626840,-32.363400,12.600800,0.002626,0.574039,1.073360,nan,-0.014103,0.347335,-0.021357,-2.329335,0.016214,2.676547,0.736721,0.001395,-0.000294,-0.000776,-0.000320,-0.000074,0.000671,-0.000542,0.141956,-34.610874,0.208846,16.613533,0.955699,2.432790,-0.227003
1750016695.475626,0.211199,0.867446,0.405748,-1.224930,1.268890,0.294914,nan,-0.000048,-0.000755,-0.002396,-0.012601,0.010924,0.006516,nan,3.653940,-32.680300,12.808000,0.008701,0.582626,1.075390,nan,-0.014107,0.347337,-0.021356,-2.329335,0.016217,2.676547,0.736720,-0.001020,0.000448,-0.000298,0.000669,0.000021,-0.000051,0.000672,0.193531,-34.638645,0.181075,16.613533,0.962107,2.432790,-0.220595
1750016695.509844,0.211211,0.867446,0.405724,-1.224990,1.268950,0.294962,nan,-0.000012,-0.000922,-0.002384,-0.012673,0.011020,0.006073,nan,3.351780,-32.863800,13.220400,-0.016357,0.590122,1.045330,nan,-0.014104,0.347336,-0.021355,-2.329337,0.016216,2.676550,0.736723,0.000357,0.000393,-0.001194,0.000612,0.001075,0.001840,0.000078,0.141956,-34.610874,0.181075,16.637337,0.941966,2.432790,-0.240736
1750016695.543919,0.211187,0.867398,0.405652,-1.225500,1.269420,0.295201,nan,0.000000,-0.000874,-0.002360,-0.011978,0.011104,0.006061,nan,3.961750,-32.238300,12.266300,-0.000240,0.541769,1.022450,nan,-0.014106,0.347339,-0.021351,-2.329335,0.016215,2.676547,0.736722,-0.000808,0.000394,0.000692,0.001165,0.000250,0.000315,-0.000567,0.169727,-34.662449,0.129501,16.589729,0.949290,2.432790,-0.260878
1750016695.577989,0.211187,0.867362,0.405544,-1.226000,1.269860,0.295441,nan,0.000000,-0.000910,-0.002324,-0.012206,0.010816,0.005881,nan,3.986000,-32.152600,12.784000,0.037876,0.544837,1.074560,nan,-0.014106,0.347335,-0.021355,-2.329331,0.016219,2.676548,0.736723,-0.000328,-0.000001,-0.000206,0.000280,-0.000263,-0.000291,0.000539,0.169727,-34.610874,0.181075,16.565926,0.949290,2.426381,-0.247145
1750016695.611706,0.211223,0.867338,0.405448,-1.226510,1.270330,0.295705,nan,0.000000,-0.000815,-0.002372,-0.012218,0.010876,0.005881,nan,3.398690,-32.713900,12.627000,0.038164,0.542517,1.047250,nan,-0.014109,0.347333,-0.021353,-2.329339,0.016217,2.676547,0.736718,-0.000987,-0.000659,0.000503,-0.000683,0.000550,0.000059,-0.000514,0.217335,-34.587070,0.157272,16.637337,0.949290,2.432790,-0.200453
1750016695.645970,0.211211,0.867314,0.405353,-1.226990,1.270760,0.295932,nan,0.000000,-0.000683,-0.002444,-0.012349,0.010804,0.005738,nan,3.422890,-33.035100,12.687300,-0.006599,0.534785,1.058740,nan,-0.014104,0.347339,-0.021355,-2.329332,0.016214,2.676546,0.736723,0.000526,0.000293,-0.000584,0.001750,-0.000564,-0.000488,0.001357,0.141956,-34.638645,0.181075,16.565926,0.955699,2.439198,-0.247145
1750016695.679703,0.211211,0.867314,0.405353,-1.226990,1.270760,0.295932,nan,0.000000,-0.000683,-0.002444,-0.012349,0.010804,0.005738,nan,3.422970,-33.035100,12.687300,-0.006624,0.534841,1.058740,nan,-0.014106,0.347338,-0.021356,-2.329337,0.016215,2.676546,0.736718,-0.000620,0.001053,-0.001052,-0.000341,-0.000561,-0.000095,-0.000526,0.169727,-34.610874,0.181075,16.637337,0.949290,2.445607,-0.200453
1750016695.713980,0.211199,0.867278,0.405257,-1.227500,1.271220,0.296184,nan,0.000000,-0.000659,-0.002491,-0.012206,0.010661,0.005761,nan,3.746170,-32.854700,12.620000,-0.002214,0.480067,1.026880,nan,-0.014104,0.347335,-0.021351,-2.329333,0.016216,2.676547,0.736722,-0.000017,0.000536,0.000726,0.000773,-0.000210,0.000787,0.000242,0.141956,-34.610874,0.129501,16.589729,0.968516,2.432790,-0.260878
1750016695.747721,0.211211,0.867242,0.405161,-1.228000,1.271650,0.296423,nan,0.000144,-0.000838,-0.002372,-0.011727,0.010253,0.005797,nan,3.448480,-32.772100,12.375900,-0.021288,0.515609,1.043770,nan,-0.014107,0.347337,-0.021355,-2.329335,0.016215,2.676546,0.736723,-0.000824,0.000881,-0.000092,-0.000063,-0.002031,-0.000484,0.000109,0.193531,-34.638645,0.181075,16.613533,0.949290,2.445607,-0.247145
1750016695.782009,0.211199,0.867182,0.405065,-1.228510,1.272090,0.296651,nan,0.000000,-0.000683,-0.002539,-0.011619,0.010505,0.005234,nan,3.781970,-31.650400,12.157500,0.062453,0.500147,1.065210,nan,-0.014107,0.347334,-0.021355,-2.329333,0.016215,2.676545,0.736723,-0.000302,-0.001204,-0.000597,0.000854,0.000096,-0.000386,0.001791,0.193531,-34.587070,0.181075,16.589729,0.955699,2.452016,-0.247145
1750016695.815762,0.211211,0.867158,0.404957,-1.228980,1.272500,0.296866,nan,0.000000,-0.000898,-0.002360,-0.011463,0.010577,0.005630,nan,3.494750,-31.970700,12.518800,0.063766,0.531117,1.059820,nan,-0.014109,0.347338,-0.021353,-2.329337,0.016215,2.676546,0.736723,-0.001595,0.000366,0.000674,-0.001299,-0.000382,0.000004,0.001181,0.193531,-34.610874,0.157272,16.637337,0.949290,2.439198,-0.247145
1750016695.850025,0.211211,0.867122,0.404873,-1.229350,1.272860,0.297082,nan,0.000240,-0.000838,-0.002240,-0.011547,0.010110,0.005594,nan,3.501910,-32.079700,12.436200,-0.023052,0.525690,0.979688,nan,-0.014107,0.347338,-0.021351,-2.329332,0.016220,2.676547,0.736723,0.000222,-0.000381,0.000409,-0.000096,0.002044,-0.000199,0.001095,0.193531,-34.610874,0.129501,16.613533,0.941966,2.432790,-0.247145
1750016695.883768,0.211199,0.867134,0.404873,-1.229430,1.272920,0.297106,nan,0.000012,-0.000743,-0.002372,-0.011164,0.010074,0.005414,nan,3.817270,-32.294900,11.963100,0.000507,0.517309,1.000170,nan,-0.014102,0.347341,-0.021356,-2.329335,0.016217,2.676550,0.736720,0.000528,0.000148,-0.001327,0.000957,0.002223,0.000996,-0.001905,0.141956,-34.662449,0.181075,16.637337,0.941966,2.439198,-0.214186
1750016695.918055,0.211211,0.867098,0.404754,-1.229900,1.273310,0.297322,nan,0.000000,-0.000635,-0.002372,-0.011403,0.009966,0.005510,nan,3.530430,-32.043100,12.807900,0.077809,0.539669,1.004960,nan,-0.014106,0.347337,-0.021353,-2.329332,0.016214,2.676547,0.736717,0.000677,-0.000143,-0.001218,0.000654,-0.001774,-0.000131,0.000481,0.169727,-34.587070,0.157272,16.613533,0.955699,2.439198,-0.194044
1750016695.951774,0.211211,0.867074,0.404658,-1.230410,1.273740,0.297525,nan,-0.000587,-0.000659,-0.002384,-0.011679,0.010217,0.005294,nan,3.583390,-32.264200,12.701400,0.130981,0.516859,1.077550,nan,-0.014107,0.347337,-0.021353,-2.329331,0.016214,2.676546,0.736712,-0.000102,-0.000726,-0.000100,0.001003,-0.000368,-0.000143,-0.002596,0.193531,-34.587070,0.157272,16.613533,0.955699,2.439198,-0.187636
1750016695.986023,0.211211,0.867038,0.404574,-1.230890,1.274130,0.297741,nan,0.000000,-0.000850,-0.002372,-0.011475,0.010062,0.005210,nan,3.566590,-31.915400,12.376900,0.182101,0.541510,1.068330,nan,-0.014106,0.347335,-0.021353,-2.329330,0.016216,2.676546,0.736722,-0.000087,-0.000375,-0.000312,-0.000673,0.001215,-0.000562,-0.000592,0.169727,-34.563267,0.157272,16.589729,0.949290,2.439198,-0.240736
1750016696.019911,0.211211,0.867014,0.404490,-1.231330,1.274510,0.297944,nan,0.000000,-0.000826,-0.002144,-0.011271,0.009954,0.005007,nan,3.578550,-32.081200,12.392500,0.223251,0.529556,1.074670,nan,-0.014107,0.347337,-0.021355,-2.329332,0.016217,2.676548,0.736724,-0.000707,-0.000029,-0.000909,0.000846,0.000544,0.000666,0.000544,0.193531,-34.587070,0.181075,16.613533,0.962107,2.426381,-0.254469
1750016696.054044,0.211223,0.867002,0.404490,-1.231350,1.274530,0.297944,nan,0.000084,-0.000779,-0.002180,-0.011020,0.009702,0.005139,nan,3.285400,-31.659300,12.180000,0.200592,0.537879,1.116480,nan,-0.014107,0.347337,-0.021351,-2.329331,0.016216,2.676548,0.736723,-0.000090,-0.001133,0.001367,0.000427,0.000107,0.000473,-0.000273,0.169727,-34.587070,0.129501,16.637337,0.955699,2.426381,-0.240736
1750016696.087766,0.211199,0.866978,0.404418,-1.231810,1.274940,0.298184,nan,0.000000,-0.000850,-0.001905,-0.010481,0.009475,0.005342,nan,3.902570,-31.895000,11.687900,0.248280,0.501565,1.028200,nan,-0.014103,0.347341,-0.021353,-2.329332,0.016216,2.676548,0.736724,-0.000595,0.000732,-0.000535,0.000392,-0.000617,-0.000037,0.001637,0.169727,-34.610874,0.157272,16.613533,0.941966,2.426381,-0.254469
1750016696.122028,0.211223,0.866954,0.404322,-1.232240,1.275310,0.298412,nan,0.000000,-0.000862,-0.002024,-0.010289,0.009319,0.005246,nan,3.316270,-32.158300,12.201400,0.246210,0.559503,1.009030,nan,-0.014107,0.347342,-0.021354,-2.329332,0.016216,2.676548,0.736724,-0.000859,0.001085,0.000422,-0.000373,-0.000464,0.000780,0.000261,0.193531,-34.610874,0.157272,16.613533,0.941966,2.439198,-0.254469
1750016696.155748,0.211211,0.866931,0.404251,-1.232610,1.275680,0.298627,nan,0.000000,-0.000719,-0.002036,-0.010469,0.009475,0.005654,nan,3.640110,-32.338500,11.950800,0.095635,0.569492,1.002090,nan,-0.014106,0.347342,-0.021353,-2.329328,0.016218,2.676547,0.736720,-0.000606,0.000572,0.000318,0.000352,0.000042,0.000349,-0.000229,0.169727,-34.610874,0.157272,16.637337,0.949290,2.445607,-0.227003
1750016696.190036,0.211223,0.866895,0.404167,-1.233030,1.276070,0.298843,nan,0.000000,-0.000611,-0.002048,-0.010229,0.009475,0.005785,nan,3.353140,-32.005200,12.041400,0.097408,0.552537,1.033830,nan,-0.014106,0.347345,-0.021353,-2.329326,0.016214,2.676547,0.736717,0.000507,0.000844,-0.000379,0.001408,0.000568,0.000099,-0.001527,0.193531,-34.610874,0.157272,16.613533,0.955699,2.432790,-0.200453
1750016696.223762,0.211223,0.866895,0.404167,-1.233030,1.276070,0.298843,nan,0.000000,-0.000611,-0.002048,-0.010229,0.009475,0.005785,nan,3.353140,-32.005200,12.041400,0.097408,0.552537,1.033830,nan,-0.014106,0.347345,-0.021353,-2.329326,0.016214,2.676546,0.736723,0.001158,0.001114,-0.000381,-0.000099,-0.000781,-0.000464,0.001128,0.193531,-34.610874,0.157272,16.613533,0.962107,2.445607,-0.254469
1750016696.258025,0.211211,0.866859,0.404083,-1.233490,1.276460,0.299046,nan,0.000000,-0.000623,-0.002072,-0.010086,0.009523,0.005546,nan,3.677090,-31.779800,12.115100,0.133201,0.588268,1.079350,nan,-0.014105,0.347347,-0.021353,-2.329324,0.016214,2.676548,0.736719,0.000096,0.000181,0.000522,0.000302,-0.000320,-0.000017,-0.000846,0.193531,-34.638645,0.157272,16.589729,0.955699,2.432790,-0.207777
1750016696.291758,0.211223,0.866835,0.404011,-1.233890,1.276860,0.299262,nan,0.000000,-0.000707,-0.001605,-0.010074,0.009487,0.004983,nan,3.390240,-31.953000,11.875000,0.094113,0.544389,1.050480,nan,-0.014107,0.347345,-0.021359,-2.329326,0.016211,2.676544,0.736724,-0.001266,-0.000591,-0.000948,0.000712,-0.000250,-0.001924,0.000563,0.193531,-34.563267,0.208846,16.613533,0.955699,2.459340,-0.254469
1750016696.326017,0.211223,0.866823,0.403939,-1.234290,1.277190,0.299454,nan,0.000000,-0.000623,-0.001665,-0.010349,0.009535,0.005031,nan,3.402920,-32.594300,12.005700,0.085176,0.619032,1.047130,nan,-0.014109,0.347348,-0.021353,-2.329325,0.016216,2.676550,0.736722,-0.000511,-0.000379,-0.000671,0.000220,0.000729,-0.000448,-0.000636,0.217335,-34.610874,0.157272,16.613533,0.941966,2.445607,-0.234328
1750016696.372839,0.211211,0.866751,0.403795,-1.235040,1.277910,0.299813,nan,0.000000,-0.000743,-0.001785,-0.010157,0.008576,0.005007,nan,3.738980,-31.724700,12.195700,-0.000317,0.548529,1.074670,nan,-0.014104,0.347350,-0.021357,-2.329324,0.016214,2.676552,0.736720,0.000473,0.000136,-0.000887,-0.000226,0.000132,0.001275,0.000570,0.169727,-34.638645,0.181075,16.637337,0.949290,2.432790,-0.220595
1750016696.405989,0.211223,0.866763,0.403795,-1.235100,1.277960,0.299849,nan,0.000000,-0.000683,-0.001917,-0.010086,0.008720,0.004743,nan,3.440010,-32.424200,11.847900,0.013228,0.550192,1.048560,nan,-0.014106,0.347351,-0.021351,-2.329319,0.016213,2.676550,0.736725,0.000877,0.000342,0.000549,0.000648,-0.001132,-0.000265,0.001629,0.169727,-34.610874,0.129501,16.565926,0.941966,2.452016,-0.260878
1750016696.439653,0.211211,0.866715,0.403712,-1.235530,1.278340,0.300041,nan,0.000000,-0.000515,-0.002024,-0.009750,0.009163,0.004731,nan,3.752370,-31.568700,12.126500,0.038418,0.521742,1.070240,nan,-0.014107,0.347354,-0.021353,-2.329326,0.016214,2.676551,0.736723,-0.000814,0.002091,-0.000145,0.000157,0.000264,-0.000160,0.001563,0.193531,-34.610874,0.157272,16.665108,0.955699,2.439198,-0.240736
1750016696.472814,0.211211,0.866703,0.403652,-1.235920,1.278680,0.300232,nan,-0.000012,-0.000599,-0.001665,-0.010086,0.008660,0.004935,nan,3.778100,-32.088100,11.698200,0.028620,0.551645,1.052400,nan,-0.014107,0.347348,-0.021351,-2.329320,0.016215,2.676554,0.736717,-0.000509,-0.001715,-0.000234,0.000263,-0.000721,0.000827,-0.000351,0.193531,-34.563267,0.129501,16.613533,0.949290,2.439198,-0.194044
1750016696.505973,0.211223,0.866679,0.403556,-1.236350,1.279040,0.300424,nan,0.000000,-0.000683,-0.001893,-0.009523,0.008972,0.004659,nan,3.490580,-32.200200,12.454800,0.083172,0.577653,1.068090,nan,-0.014103,0.347355,-0.021353,-2.329318,0.016215,2.676549,0.736720,0.000936,0.001318,-0.000105,0.001113,-0.000849,-0.000761,-0.000370,0.141956,-34.610874,0.157272,16.565926,0.962107,2.459340,-0.247145
1750016696.539736,0.211211,0.866643,0.403496,-1.236700,1.279360,0.300604,nan,0.000000,-0.000647,-0.001785,-0.009451,0.008516,0.004731,nan,3.502780,-31.736200,12.157500,0.013404,0.573688,1.064490,nan,-0.014107,0.347357,-0.021355,-2.329315,0.016218,2.676551,0.736725,-0.000686,0.001177,-0.000111,0.002070,-0.000297,0.000139,-0.000257,0.193531,-34.638645,0.181075,16.565926,0.955699,2.439198,-0.260878
1750016696.572881,0.211211,0.866643,0.403496,-1.236730,1.279370,0.300604,nan,0.000000,-0.000719,-0.001881,-0.009487,0.008013,0.004719,nan,3.802320,-31.809000,11.986400,0.042498,0.610369,1.103420,nan,-0.014106,0.347354,-0.021353,-2.329323,0.016216,2.676551,0.736722,0.000180,-0.001060,0.000451,-0.001287,0.000586,0.000462,-0.000674,0.169727,-34.587070,0.157272,16.665108,0.941966,2.439198,-0.234328
1750016696.606004,0.211223,0.866619,0.403436,-1.237090,1.279710,0.300819,nan,-0.000012,-0.000874,-0.001725,-0.009475,0.008696,0.004540,nan,3.528120,-31.892200,11.612700,-0.015178,0.602237,1.046290,nan,-0.014105,0.347356,-0.021355,-2.329317,0.016215,2.676551,0.736722,0.000434,0.000679,-0.001040,0.000301,-0.000532,-0.000244,-0.000569,0.193531,-34.587070,0.181075,16.589729,0.949290,2.439198,-0.234328
1750016696.639730,0.211223,0.866595,0.403352,-1.237460,1.280060,0.300975,nan,0.000000,-0.000719,-0.001785,-0.009235,0.008445,0.004755,nan,3.539650,-31.971900,12.084900,-0.033511,0.586322,1.077190,nan,-0.014106,0.347356,-0.021353,-2.329318,0.016218,2.676551,0.736723,0.000393,-0.000225,0.000285,0.000894,0.001140,0.000683,-0.000043,0.193531,-34.587070,0.157272,16.613533,0.955699,2.439198,-0.247145
1750016696.672882,0.211223,0.866583,0.403268,-1.237830,1.280400,0.301155,nan,0.000000,-0.000575,-0.001976,-0.009475,0.008349,0.004624,nan,3.564150,-32.600100,12.371300,-0.087334,0.591896,1.098630,nan,-0.014105,0.347358,-0.021355,-2.329315,0.016217,2.676551,0.736722,0.000380,0.001122,-0.000895,0.001514,0.000708,-0.000177,0.001729,0.169727,-34.610874,0.181075,16.565926,0.935557,2.439198,-0.260878
1750016696.706033,0.211235,0.866559,0.403196,-1.238250,1.280740,0.301346,nan,0.000000,-0.000635,-0.001964,-0.009918,0.008493,0.004288,nan,3.265620,-32.674300,12.082100,-0.011266,0.622540,1.089050,nan,-0.014104,0.347356,-0.021353,-2.329318,0.016216,2.676549,0.736718,0.000978,-0.000385,-0.000333,-0.000647,0.000516,-0.000634,-0.001629,0.141956,-34.587070,0.157272,16.637337,0.941966,2.459340,-0.200453
1750016696.739742,0.211235,0.866559,0.403196,-1.238250,1.280740,0.301346,nan,0.000000,-0.000635,-0.001964,-0.009918,0.008493,0.004288,nan,3.265620,-32.674300,12.082100,-0.011266,0.622540,1.089050,nan,-0.014106,0.347359,-0.021353,-2.329319,0.016217,2.676550,0.736724,0.000522,0.000488,0.000290,-0.000406,-0.000272,-0.000501,0.002236,0.169727,-34.610874,0.157272,16.637337,0.935557,2.445607,-0.254469
1750016696.772905,0.211211,0.866511,0.403113,-1.238640,1.281090,0.301538,nan,0.000000,-0.000623,-0.001905,-0.009403,0.007870,0.004516,nan,3.900970,-31.698400,12.399800,-0.013699,0.590266,1.045090,nan,-0.014107,0.347357,-0.021351,-2.329320,0.016215,2.676552,0.736718,0.000244,-0.001355,-0.000354,-0.000660,0.001341,-0.000272,-0.001048,0.193531,-34.563267,0.129501,16.665108,0.949290,2.432790,-0.200453
1750016696.806051,0.211211,0.866499,0.403041,-1.239010,1.281410,0.301706,nan,0.000000,-0.000587,-0.001785,-0.009223,0.008157,0.004216,nan,3.913600,-32.232100,12.298700,-0.011377,0.600686,1.050960,nan,-0.014106,0.347359,-0.021351,-2.329318,0.016214,2.676551,0.736723,0.000605,-0.000398,-0.000003,-0.002076,0.000002,0.000069,-0.000864,0.169727,-34.587070,0.157272,16.637337,0.955699,2.445607,-0.247145
1750016696.839748,0.211223,0.866475,0.402981,-1.239390,1.281750,0.301873,nan,0.000000,-0.000659,-0.001809,-0.008840,0.007894,0.004216,nan,3.626520,-32.243800,11.779500,0.009098,0.583437,1.073960,nan,-0.014107,0.347362,-0.021359,-2.329321,0.016213,2.676552,0.736723,-0.000317,-0.000025,-0.000983,-0.001206,-0.000629,-0.000073,0.000088,0.193531,-34.587070,0.208846,16.688911,0.935557,2.432790,-0.214186
1750016696.873062,0.211223,0.866451,0.402897,-1.239750,1.282070,0.302041,nan,0.000000,-0.000563,-0.001821,-0.008576,0.007726,0.004324,nan,3.650850,-32.194200,11.762300,0.007775,0.568099,1.080070,nan,-0.014104,0.347361,-0.021351,-2.329314,0.016215,2.676551,0.736718,-0.000005,-0.000741,0.000501,-0.000078,0.000015,0.000157,-0.002173,0.141956,-34.563267,0.129501,16.613533,0.949290,2.452016,-0.200453
1750016696.906407,0.211223,0.866427,0.402825,-1.240060,1.282340,0.302197,nan,0.000000,-0.000563,-0.001857,-0.008768,0.008061,0.004204,nan,3.662920,-32.072100,12.430300,-0.033463,0.610807,1.087010,nan,-0.014107,0.347366,-0.021357,-2.329322,0.016214,2.676552,0.736726,0.000293,0.001585,0.000143,-0.000102,-0.001158,0.000116,0.002542,0.193531,-34.638645,0.208846,16.712715,0.955699,2.432790,-0.267287
1750016696.939574,0.211223,0.866415,0.402825,-1.240110,1.282390,0.302233,nan,0.000000,-0.000611,-0.001857,-0.008684,0.007738,0.004444,nan,3.663220,-31.679400,12.070700,-0.035847,0.601306,1.050120,nan,-0.014102,0.347379,-0.021348,-2.329332,0.016220,2.676551,0.736719,0.000527,0.001069,0.001011,-0.000966,-0.000238,-0.000025,-0.000987,0.118152,-34.741795,0.081893,16.788094,0.909922,2.439198,-0.207777
1750016696.972784,0.211223,0.866404,0.402753,-1.240460,1.282720,0.302388,nan,0.000000,-0.000479,-0.001737,-0.008696,0.008061,0.004144,nan,3.687940,-32.163600,12.239000,-0.053202,0.561126,1.120670,nan,-0.014105,0.347376,-0.021347,-2.329318,0.016221,2.676551,0.736721,0.000472,0.000776,0.002412,0.000371,0.000084,0.000185,-0.000129,0.169727,-34.638645,0.105697,16.637337,0.903514,2.439198,-0.227003
1750016697.006051,0.211235,0.866392,0.402681,-1.240830,1.283030,0.302580,nan,0.000012,-0.000455,-0.001569,-0.008756,0.007654,0.004025,nan,3.388390,-32.655200,12.295200,-0.001092,0.571396,1.084500,nan,-0.014107,0.347369,-0.021354,-2.329310,0.016219,2.676553,0.736723,-0.000350,-0.000794,-0.000215,-0.000499,-0.001020,-0.000920,0.001136,0.193531,-34.563267,0.181075,16.613533,0.916331,2.426381,-0.240736
1750016697.039768,0.211235,0.866356,0.402622,-1.241160,1.283310,0.302748,nan,0.000000,-0.000587,-0.001785,-0.008696,0.007726,0.004420,nan,3.413580,-32.008100,11.972900,-0.013318,0.606859,1.096360,nan,-0.014109,0.347372,-0.021359,-2.329304,0.016218,2.676556,0.736723,-0.000798,-0.001189,-0.001244,0.001835,-0.001760,0.001290,-0.000096,0.217335,-34.587070,0.208846,16.538155,0.922740,2.426381,-0.240736
1750016697.074119,0.211223,0.866344,0.402550,-1.241510,1.283600,0.302903,nan,0.000551,-0.000599,-0.001701,-0.008277,0.007462,0.004001,nan,3.710730,-32.434300,12.288500,0.005378,0.624077,1.119230,nan,-0.014107,0.347377,-0.021355,-2.329307,0.016219,2.676552,0.736720,-0.000307,0.000342,-0.000010,0.000651,0.000023,-0.001183,-0.000434,0.193531,-34.638645,0.181075,16.613533,0.916331,2.445607,-0.220595
1750016697.107892,0.211223,0.866332,0.402550,-1.241540,1.283610,0.302927,nan,0.000000,-0.000599,-0.001689,-0.008301,0.007247,0.003641,nan,3.749390,-31.986300,12.125700,0.045838,0.649280,1.081140,nan,-0.014109,0.347379,-0.021354,-2.329327,0.016220,2.676555,0.736720,-0.000321,0.000279,0.000534,-0.000390,-0.000630,0.001075,-0.001274,0.217335,-34.638645,0.157272,16.811897,0.909922,2.445607,-0.254469
1750016697.141688,0.211211,0.866320,0.402478,-1.241860,1.283910,0.303095,nan,0.000000,-0.000479,-0.001605,-0.008157,0.007151,0.004300,nan,4.061650,-31.878500,12.261200,-0.004731,0.663662,1.081740,nan,-0.014107,0.347377,-0.021353,-2.329307,0.016222,2.676554,0.736715,-0.000440,-0.000650,-0.001372,-0.000247,0.000191,-0.000495,-0.003563,0.193531,-34.610874,0.157272,16.589729,0.896189,2.445607,-0.180312
1750016697.175982,0.211223,0.866296,0.402406,-1.242180,1.284230,0.303287,nan,0.000000,-0.000467,-0.001557,-0.008229,0.007079,0.004180,nan,3.786770,-32.307600,12.597700,-0.031482,0.638810,1.021130,nan,-0.014102,0.347377,-0.021355,-2.329319,0.016219,2.676556,0.736723,0.001232,-0.000413,-0.000809,-0.001679,-0.001165,0.000265,0.001570,0.118152,-34.610874,0.181075,16.736519,0.916331,2.439198,-0.240736
1750016697.209689,0.211235,0.866284,0.402358,-1.242530,1.284520,0.303430,nan,0.000611,-0.000587,-0.001521,-0.008229,0.007271,0.004037,nan,3.457050,-32.639400,11.875400,-0.011536,0.658785,1.088690,nan,-0.014106,0.347377,-0.021355,-2.329309,0.016223,2.676555,0.736723,0.000768,-0.000738,0.000826,0.000788,-0.000283,0.000019,-0.000107,0.169727,-34.610874,0.181075,16.613533,0.909922,2.445607,-0.240736
1750016697.243951,0.211235,0.866248,0.402298,-1.242860,1.284820,0.303586,nan,0.000216,-0.000515,-0.001497,-0.008792,0.007426,0.004240,nan,3.509580,-32.057500,11.836600,-0.019106,0.666340,1.112530,nan,-0.014106,0.347385,-0.021349,-2.329320,0.016220,2.676554,0.736719,-0.000563,0.000062,0.000516,-0.000642,0.000278,-0.000170,0.000163,0.169727,-34.714024,0.105697,16.736519,0.909922,2.452016,-0.207777
1750016697.277661,0.211235,0.866248,0.402298,-1.242860,1.284820,0.303586,nan,0.000216,-0.000515,-0.001497,-0.008792,0.007426,0.004240,nan,3.509620,-32.057500,11.836500,-0.019113,0.666354,1.112530,nan,-0.014107,0.347385,-0.021361,-2.329331,0.016220,2.676554,0.736719,0.000202,-0.001300,-0.000481,-0.000701,-0.000309,0.000423,-0.000258,0.193531,-34.638645,0.256454,16.859505,0.909922,2.452016,-0.207777
1750016697.311918,0.211223,0.866212,0.402238,-1.243210,1.285140,0.303754,nan,0.000000,-0.000407,-0.001425,-0.008576,0.007151,0.004120,nan,3.848720,-31.418800,11.596000,-0.027207,0.668032,1.083540,nan,-0.014107,0.347382,-0.021360,-2.329309,0.016222,2.676555,0.736722,0.000874,-0.000753,-0.000152,0.001380,-0.000455,0.001261,-0.000153,0.193531,-34.638645,0.208846,16.589729,0.916331,2.445607,-0.240736
1750016697.345639,0.211235,0.866200,0.402166,-1.243540,1.285440,0.303910,nan,0.000000,-0.000587,-0.001389,-0.008205,0.007283,0.004276,nan,3.562020,-31.845200,12.113200,-0.045546,0.622627,1.100670,nan,-0.014115,0.347386,-0.021369,-2.329328,0.016219,2.676548,0.736716,-0.000888,0.002021,-0.001368,-0.001392,-0.000972,-0.001282,0.000089,0.292713,-34.690220,0.335799,16.835701,0.916331,2.465749,-0.194044
1750016697.379952,0.211235,0.866188,0.402106,-1.243850,1.285720,0.304053,nan,0.000000,-0.000264,-0.001485,-0.008157,0.006971,0.003725,nan,3.574870,-32.230200,12.192900,-0.083661,0.621937,1.146420,nan,-0.014141,0.347384,-0.021384,-2.329344,0.016221,2.676547,0.736723,0.000070,-0.001950,0.000782,-0.000077,0.000125,0.001796,0.002082,0.443470,-34.662449,0.359603,16.911079,0.896189,2.472157,-0.240736
1750016697.413809,0.211235,0.866140,0.402047,-1.244160,1.286020,0.304209,nan,0.000000,-0.000539,-0.001389,-0.007953,0.007283,0.003689,nan,3.599410,-31.138300,12.345500,-0.108868,0.581783,1.139600,nan,-0.014130,0.347391,-0.021368,-2.329341,0.016218,2.676551,0.736722,0.001068,0.000355,0.001298,0.001476,-0.000943,0.001461,0.001644,0.241138,-34.741795,0.181075,16.911079,0.909922,2.472157,-0.234328
1750016697.448000,0.211235,0.866152,0.401999,-1.244430,1.286260,0.304353,nan,0.000000,-0.000611,-0.001497,-0.007726,0.006935,0.003797,nan,3.611700,-32.290300,12.175200,-0.115552,0.608436,1.096830,nan,-0.014120,0.347379,-0.021351,-2.329314,0.016219,2.676552,0.736720,0.000881,-0.001184,-0.001034,0.001931,0.001135,-0.000046,0.000522,0.141956,-34.587070,0.129501,16.589729,0.916331,2.439198,-0.220595
1750016697.481736,0.211235,0.866140,0.401987,-1.244460,1.286320,0.304353,nan,0.000000,-0.000395,-0.001425,-0.007642,0.006875,0.003797,nan,3.612220,-31.908900,12.330000,-0.172608,0.541778,1.160080,nan,-0.014123,0.347380,-0.021351,-2.329303,0.016220,2.676556,0.736721,-0.000968,-0.000104,-0.000825,-0.001312,-0.001157,0.000382,0.000489,0.193531,-34.610874,0.129501,16.613533,0.909922,2.439198,-0.227003
1750016697.515670,0.211235,0.866104,0.401951,-1.244790,1.286600,0.304520,nan,0.000000,-0.000551,-0.001282,-0.007738,0.006863,0.003354,nan,3.636830,-31.279400,11.687700,-0.114365,0.556671,1.118520,nan,-0.014125,0.347382,-0.021355,-2.329310,0.016219,2.676556,0.736724,-0.000446,-0.000380,-0.000362,-0.000103,0.000208,0.000453,0.002488,0.217335,-34.610874,0.181075,16.637337,0.922740,2.439198,-0.254469
1750016697.550019,0.211223,0.866092,0.401879,-1.245130,1.286880,0.304664,nan,0.000000,-0.000503,-0.001222,-0.007630,0.006899,0.003869,nan,3.972990,-31.590500,12.148700,-0.079775,0.553937,1.130610,nan,-0.014121,0.347384,-0.021349,-2.329306,0.016220,2.676557,0.736724,0.001876,0.001544,0.000931,0.000073,-0.000673,0.000247,0.001356,0.169727,-34.662449,0.105697,16.637337,0.903514,2.432790,-0.254469
1750016697.583956,0.211235,0.866068,0.401831,-1.245420,1.287150,0.304796,nan,0.000000,-0.000335,-0.001401,-0.007462,0.006468,0.003605,nan,3.674130,-31.447800,11.912900,-0.130495,0.551380,1.166310,nan,-0.014123,0.347378,-0.021352,-2.329308,0.016221,2.676557,0.736722,0.000887,0.000576,0.000459,0.000627,-0.000027,0.000750,0.000569,0.193531,-34.587070,0.157272,16.637337,0.922740,2.432790,-0.234328
1750016697.617945,0.211247,0.866044,0.401771,-1.245730,1.287420,0.304940,nan,0.000000,-0.000599,-0.001270,-0.007750,0.006804,0.003845,nan,3.399330,-31.151400,12.008200,-0.094792,0.508206,1.172540,nan,-0.014088,0.347368,-0.021291,-2.329299,0.016220,2.676555,0.736721,0.000026,0.000366,0.001342,-0.000014,0.000775,-0.000855,-0.000459,-0.207165,-34.483921,-0.298966,16.565926,0.903514,2.445607,-0.227003
1750016697.651596,0.211247,0.866044,0.401759,-1.245740,1.287420,0.304952,nan,0.000000,-0.000527,-0.001377,-0.007426,0.006768,0.003593,nan,3.399450,-31.221100,12.323300,-0.123931,0.561807,1.169300,nan,-0.014093,0.347386,-0.021272,-2.329330,0.016219,2.676553,0.736720,-0.002713,-0.000320,-0.000278,0.000677,-0.001772,-0.000243,-0.001197,-0.056408,-34.741795,-0.148209,16.887276,0.909922,2.465749,-0.194044
1750016697.685886,0.211235,0.866044,0.401699,-1.246050,1.287700,0.305083,nan,-0.000264,-0.000527,-0.001330,-0.007846,0.006612,0.003390,nan,3.729870,-31.994900,12.426300,-0.089718,0.555054,1.197210,nan,-0.014100,0.347407,-0.021281,-2.329333,0.016219,2.676552,0.736719,-0.000531,0.001278,-0.001373,-0.000026,-0.000618,-0.000290,-0.000522,0.018970,-34.892551,-0.072831,16.887276,0.916331,2.472157,-0.194044
1750016697.719581,0.211235,0.866008,0.401639,-1.246370,1.287960,0.305227,nan,0.000000,-0.000072,-0.001545,-0.007486,0.006444,0.003294,nan,3.735850,-31.316500,12.445300,-0.081982,0.555606,1.215420,nan,-0.014080,0.347396,-0.021268,-2.329360,0.016221,2.676547,0.736720,-0.001451,0.000211,-0.001769,-0.000610,0.000535,-0.000094,-0.000491,-0.230969,-34.714024,-0.172013,17.109444,0.929148,2.511525,-0.187636
1750016697.754122,0.211247,0.865984,0.401591,-1.246700,1.288240,0.305383,nan,-0.000311,-0.000551,-0.001497,-0.007534,0.006612,0.003833,nan,3.482590,-30.953500,12.027400,-0.025618,0.531254,1.168340,nan,-0.014128,0.347419,-0.021328,-2.329393,0.016220,2.676535,0.736726,-0.001591,0.002811,-0.002812,-0.000940,0.000264,-0.000225,0.000940,0.344288,-35.047276,0.411178,17.331612,0.916331,2.577443,-0.267287
1750016697.787601,0.211259,0.865984,0.401532,-1.247000,1.288500,0.305527,nan,0.000000,-0.000252,-0.001533,-0.007582,0.006672,0.003138,nan,3.173600,-31.783600,12.048300,-0.019491,0.522221,1.168100,nan,-0.014130,0.347439,-0.021343,-2.329446,0.016216,2.676528,0.736724,0.001594,-0.000240,0.000411,-0.000851,-0.000846,0.000353,0.001121,0.292713,-35.075047,0.359603,17.577583,0.903514,2.596669,-0.214186
1750016697.821846,0.211235,0.865972,0.401472,-1.247270,1.288730,0.305646,nan,0.000000,-0.000587,-0.001342,-0.007367,0.006336,0.003773,nan,3.784500,-31.845200,12.426300,0.038714,0.518404,1.190500,nan,-0.014122,0.347434,-0.021329,-2.329424,0.016217,2.676531,0.736731,-0.000119,-0.001005,-0.001123,0.000388,-0.000087,-0.000029,-0.000843,0.217335,-34.995701,0.208846,17.280037,0.922740,2.571034,-0.281020
1750016697.855751,0.211247,0.865960,0.401472,-1.247320,1.288750,0.305658,nan,0.000060,-0.000515,-0.001318,-0.007259,0.006205,0.003522,nan,3.481120,-31.466900,12.136500,0.057654,0.560157,1.223200,nan,-0.014147,0.347444,-0.021381,-2.329438,0.016219,2.676530,0.736740,-0.001260,0.001307,-0.002434,-0.000676,-0.001088,-0.000788,-0.000306,0.518848,-35.150425,0.716659,17.430794,0.909922,2.577443,-0.307570
1750016697.890034,0.211247,0.865936,0.401412,-1.247610,1.289040,0.305802,nan,0.000000,-0.000299,-0.001354,-0.006995,0.005893,0.003558,nan,3.509970,-31.309500,12.175000,0.025999,0.489026,1.225720,nan,-0.014196,0.347451,-0.021465,-2.329457,0.016220,2.676529,0.736741,-0.001337,0.000506,-0.002136,-0.000873,0.001420,0.000415,-0.001496,0.689442,-35.202000,0.918990,17.526009,0.903514,2.583852,-0.313979
1750016697.924019,0.211247,0.865936,0.401352,-1.247920,1.289320,0.305946,nan,0.000000,-0.000527,-0.001389,-0.007151,0.006312,0.003210,nan,3.522460,-32.096700,12.159800,0.053214,0.459351,1.253630,nan,-0.014214,0.347458,-0.021492,-2.329473,0.016214,2.676529,0.736747,-0.000986,0.000929,-0.000186,-0.000288,-0.001414,0.000678,0.001877,0.641834,-35.328953,0.815841,17.577583,0.929148,2.610402,-0.340529
1750016697.957659,0.211235,0.865900,0.401292,-1.248220,1.289540,0.306114,nan,0.000000,-0.000479,-0.001425,-0.006744,0.005965,0.003581,nan,3.846470,-31.369400,12.324200,0.092010,0.532286,1.196730,nan,-0.014216,0.347469,-0.021491,-2.329520,0.016219,2.676526,0.736743,-0.000011,-0.000806,0.000899,-0.000435,-0.000475,0.000022,-0.001043,0.641834,-35.483677,0.764266,17.601387,0.916331,2.610402,-0.327711
1750016697.992024,0.211247,0.865888,0.401232,-1.248470,1.289760,0.306233,nan,0.000000,-0.000180,-0.001282,-0.006959,0.005941,0.003593,nan,3.559140,-31.527500,12.796300,0.119968,0.531221,1.208110,nan,-0.014223,0.347467,-0.021505,-2.329571,0.016215,2.676527,0.736756,0.000032,-0.001163,-0.002032,-0.001608,0.001014,0.000357,0.002700,0.689442,-35.455906,0.994369,17.724373,0.909922,2.603993,-0.407362
1750016698.025794,0.211247,0.865876,0.401244,-1.248510,1.289800,0.306257,nan,0.000000,-0.000395,-0.001294,-0.006780,0.005989,0.003905,nan,3.559340,-31.094400,12.060500,0.112334,0.522280,1.193500,nan,-0.014265,0.347463,-0.021546,-2.329558,0.016215,2.676535,0.736758,-0.001567,-0.000166,-0.000939,-0.000089,-0.001202,-0.000095,0.000641,1.014759,-35.432102,1.248275,17.454597,0.909922,2.564626,-0.414687
1750016698.072817,0.211247,0.865841,0.401136,-1.249050,1.290260,0.306521,nan,0.000144,-0.000407,-0.001186,-0.006875,0.006049,0.003342,nan,3.574570,-30.991200,12.624600,0.118483,0.598894,1.243690,nan,-0.014316,0.347444,-0.021586,-2.329530,0.016218,2.676539,0.736760,-0.001360,-0.000460,-0.001841,0.000916,-0.001752,0.000502,0.000509,1.141712,-35.277378,1.426803,17.256233,0.916331,2.544484,-0.427504
1750016698.106015,0.211235,0.865841,0.401088,-1.249340,1.290540,0.306677,nan,-0.000096,-0.000311,-0.001342,-0.006971,0.006253,0.003605,nan,3.903100,-31.695000,11.955600,0.202649,0.512337,1.253990,nan,-0.014316,0.347451,-0.021579,-2.329566,0.016216,2.676535,0.736761,0.000624,-0.000749,-0.000006,-0.003393,0.000402,-0.000381,0.000610,0.990955,-35.455906,1.299850,17.652962,0.916331,2.577443,-0.441237
1750016698.139789,0.211259,0.865829,0.401040,-1.249620,1.290780,0.306808,nan,0.000407,-0.000443,-0.001318,-0.006540,0.005917,0.003258,nan,3.281190,-31.842100,11.827500,0.221208,0.511610,1.237340,nan,-0.014336,0.347502,-0.021596,-2.329663,0.016217,2.676517,0.736773,-0.000890,0.001039,-0.000253,-0.001963,-0.000122,-0.000518,0.001038,1.240894,-36.047031,1.525985,18.144905,0.896189,2.689137,-0.508070
1750016698.172987,0.211259,0.865829,0.401040,-1.249620,1.290780,0.306808,nan,0.000407,-0.000443,-0.001318,-0.006540,0.005917,0.003258,nan,3.281240,-31.842100,11.827400,0.221183,0.511655,1.237340,nan,-0.014356,0.347530,-0.021593,-2.329797,0.016224,2.676503,0.736774,0.001676,0.000682,0.000478,-0.001472,0.000921,0.001247,0.000489,1.165516,-36.300938,1.399032,18.490059,0.870555,2.734914,-0.508070
1750016698.206455,0.211259,0.865805,0.400981,-1.249880,1.291020,0.306952,nan,0.000192,-0.000479,-0.001330,-0.006444,0.005905,0.003198,nan,3.308410,-31.532300,12.026000,0.162669,0.547815,1.223560,nan,-0.014303,0.347470,-0.021509,-2.329731,0.016222,2.676511,0.736775,0.001233,-0.002714,0.001469,0.000016,0.000133,0.000422,-0.000785,0.566456,-35.610630,0.764266,17.748177,0.889781,2.701955,-0.548354
1750016698.239350,0.211235,0.865781,0.400909,-1.250170,1.291280,0.307084,nan,0.000000,-0.000371,-0.001258,-0.006516,0.005869,0.002947,nan,3.932830,-31.260200,12.756100,0.230862,0.469260,1.250510,nan,-0.014294,0.347444,-0.021469,-2.329707,0.016220,2.676522,0.736776,-0.000799,-0.001842,0.000215,-0.001989,0.000029,0.000191,0.002066,0.665638,-35.535252,0.792037,17.625191,0.909922,2.649770,-0.567580
1750016698.273168,0.211259,0.865781,0.400849,-1.250460,1.291510,0.307192,nan,0.000000,-0.000431,-0.001174,-0.006840,0.005821,0.003414,nan,3.345970,-32.006400,12.982100,0.275710,0.512988,1.278900,nan,-0.014320,0.347462,-0.021504,-2.329743,0.016222,2.676510,0.736775,-0.000368,0.000602,-0.000264,-0.002446,-0.000719,-0.000441,0.001891,0.967151,-35.840733,1.145126,18.097298,0.889781,2.748646,-0.561171
1750016698.306441,0.211247,0.865757,0.400801,-1.250720,1.291750,0.307323,nan,0.000000,-0.000575,-0.001258,-0.006792,0.005690,0.003150,nan,3.657520,-31.724500,12.899600,0.253548,0.513087,1.272910,nan,-0.014312,0.347498,-0.021478,-2.329833,0.016224,2.676485,0.736765,-0.000755,-0.000095,0.000548,-0.002070,0.001592,0.000562,-0.001054,0.816395,-36.249363,0.843612,18.739998,0.876963,2.879567,-0.514479
1750016698.339480,0.211247,0.865733,0.400777,-1.250960,1.291950,0.307443,nan,0.000000,-0.000479,-0.001186,-0.006564,0.005845,0.002959,nan,3.669520,-31.389800,12.300200,0.282874,0.511566,1.231710,nan,-0.014293,0.347509,-0.021443,-2.329840,0.016223,2.676478,0.736773,0.001093,-0.000437,0.001040,0.000981,-0.000207,-0.000733,0.000541,0.665638,-36.352512,0.792037,18.541634,0.883372,2.899709,-0.554762
1750016698.373140,0.211247,0.865733,0.400765,-1.251000,1.291990,0.307467,nan,0.000000,-0.000347,-0.001270,-0.006612,0.005857,0.003150,nan,3.669610,-31.507400,12.487300,0.276098,0.502948,1.211110,nan,-0.014314,0.347476,-0.021451,-2.329828,0.016222,2.676482,0.736766,-0.001764,-0.001687,-0.001349,-0.000598,-0.000529,-0.000657,0.001953,0.891773,-35.995457,0.994369,18.442451,0.889781,2.899709,-0.561171
1750016698.406415,0.211259,0.865721,0.400705,-1.251290,1.292230,0.307599,nan,0.000000,-0.000551,-0.000970,-0.006312,0.005606,0.003150,nan,3.382280,-31.747700,12.693800,0.317580,0.530052,1.224040,nan,-0.014295,0.347476,-0.021419,-2.329793,0.016223,2.676485,0.736762,0.000764,0.000229,0.000366,0.002235,0.000207,0.000169,0.002118,0.665638,-36.094639,0.716659,18.121101,0.883372,2.879567,-0.574904
1750016698.439615,0.211247,0.865721,0.400657,-1.251540,1.292450,0.307719,nan,0.000000,-0.000036,-0.001198,-0.006408,0.005582,0.003090,nan,3.993240,-32.583300,12.786100,0.325662,0.482973,1.224640,nan,-0.014287,0.347456,-0.021371,-2.329785,0.016223,2.676492,0.736746,0.000284,-0.001734,0.001250,0.000677,0.000410,0.000114,0.000667,0.618030,-35.943882,0.613509,18.144905,0.876963,2.860341,-0.508070
1750016698.472923,0.211259,0.865685,0.400621,-1.251790,1.292680,0.307850,nan,0.000000,-0.000180,-0.001150,-0.006277,0.005642,0.003354,nan,3.406360,-31.771900,12.350600,0.292663,0.557222,1.173140,nan,-0.014295,0.347438,-0.021385,-2.329784,0.016221,2.676495,0.736743,0.000422,0.001076,-0.000572,-0.002446,0.000252,0.001024,-0.000163,0.764820,-35.995457,0.918990,18.168709,0.856822,2.873158,-0.534621
1750016698.506282,0.211247,0.865661,0.400597,-1.252000,1.292900,0.307946,nan,0.000000,-0.000180,-0.001054,-0.006121,0.005702,0.002947,nan,3.717840,-31.385000,11.767000,0.280998,0.520772,1.257700,nan,-0.014314,0.347456,-0.021404,-2.329790,0.016223,2.676491,0.736730,-0.000668,-0.001202,-0.000548,-0.001946,-0.001254,-0.001127,-0.000051,0.967151,-36.249363,1.045943,18.267891,0.870555,2.906117,-0.501662
1750016698.539696,0.211271,0.865685,0.400585,-1.252030,1.292930,0.307982,nan,0.000000,-0.000335,-0.001042,-0.005953,0.005678,0.003114,nan,3.118950,-32.465900,11.999400,0.250548,0.506683,1.197090,nan,-0.014299,0.347438,-0.021380,-2.329773,0.016223,2.676501,0.736724,0.000971,-0.001424,0.000877,0.001336,-0.000049,0.000572,-0.000053,0.764820,-36.094639,0.764266,18.069527,0.844004,2.860341,-0.481520
1750016698.572940,0.211271,0.865649,0.400537,-1.252290,1.293160,0.308102,nan,0.000000,-0.000072,-0.001042,-0.005989,0.005210,0.002995,nan,3.430450,-31.601600,12.143100,0.295377,0.498578,1.219850,nan,-0.014284,0.347417,-0.021352,-2.329741,0.016221,2.676523,0.736704,0.000307,-0.000483,0.000184,0.002594,0.000904,0.001194,-0.001764,0.641834,-36.047031,0.613509,17.823555,0.856822,2.833791,-0.441237
1750016698.606402,0.211247,0.865637,0.400489,-1.252530,1.293380,0.308222,nan,0.000000,-0.000252,-0.001030,-0.005905,0.005342,0.002947,nan,3.741910,-32.252000,12.375600,0.313165,0.475808,1.226080,nan,-0.014263,0.347360,-0.021289,-2.329694,0.016227,2.676572,0.736686,-0.000089,-0.002050,0.001193,0.001547,0.000871,0.001256,0.000448,0.491077,-35.864536,0.308028,17.601387,0.837596,2.774281,-0.481520
1750016698.639447,0.211247,0.865625,0.400442,-1.252770,1.293590,0.308342,nan,0.000431,-0.000587,-0.001030,-0.005690,0.005678,0.002947,nan,3.723750,-31.906300,12.519300,0.283622,0.501339,1.227520,nan,-0.014245,0.347284,-0.021241,-2.329540,0.016224,2.676639,0.736670,-0.000341,-0.002967,0.000525,0.006009,-0.000897,0.001628,0.001274,0.415699,-35.713779,0.284225,17.208626,0.831187,2.668996,-0.441237
1750016698.672690,0.211259,0.865613,0.400406,-1.253000,1.293810,0.308461,nan,0.000000,-0.000264,-0.000970,-0.006049,0.005510,0.003090,nan,3.454510,-32.128400,12.370100,0.268482,0.491604,1.224640,nan,-0.014249,0.347184,-0.021249,-2.329421,0.016223,2.676682,0.736638,0.001116,-0.002654,-0.000053,0.003367,-0.000851,0.000569,-0.000025,0.518848,-35.150425,0.434981,17.057869,0.844004,2.590260,-0.374403
1750016698.706526,0.211271,0.865613,0.400406,-1.253020,1.293810,0.308473,nan,0.000000,-0.000252,-0.001090,-0.006289,0.005210,0.002947,nan,3.155060,-32.170500,12.291100,0.295302,0.536304,1.213140,nan,-0.014231,0.347110,-0.021219,-2.329303,0.016223,2.676739,0.736585,0.002041,-0.001556,0.002096,0.003327,-0.000487,0.000996,-0.002447,0.316517,-34.944126,0.105697,16.589729,0.831187,2.498708,-0.247145
1750016698.740067,0.211259,0.865589,0.400358,-1.253250,1.294040,0.308581,nan,0.000000,-0.000443,-0.000994,-0.005905,0.005390,0.002671,nan,3.466520,-31.740300,12.516000,0.238223,0.511620,1.217330,nan,-0.014199,0.347064,-0.021192,-2.329218,0.016224,2.676763,0.736571,-0.000455,-0.002615,-0.000168,0.000810,0.001082,-0.000957,-0.000530,0.217335,-34.741795,0.054122,16.490547,0.831187,2.439198,-0.287428
1750016698.773872,0.211247,0.865565,0.400334,-1.253500,1.294260,0.308713,nan,0.000000,-0.000347,-0.001198,-0.006097,0.005139,0.002743,nan,3.777980,-30.937300,11.851600,0.244399,0.501293,1.193620,nan,-0.014212,0.347044,-0.021219,-2.329226,0.016224,2.676764,0.736569,-0.000460,-0.000054,0.000041,0.000997,0.001570,-0.000108,-0.000068,0.467274,-34.741795,0.383407,16.688911,0.818370,2.426381,-0.267287
1750016698.808002,0.211247,0.865553,0.400274,-1.253730,1.294470,0.308809,nan,0.000000,-0.000635,-0.000994,-0.006049,0.005330,0.002899,nan,3.778010,-31.574700,12.623800,0.220844,0.519641,1.248120,nan,-0.014219,0.347044,-0.021239,-2.329201,0.016225,2.676768,0.736568,0.000040,-0.000765,0.000297,0.000799,0.003523,-0.000354,-0.000359,0.542652,-34.817173,0.462752,16.438972,0.818370,2.393422,-0.260878
1750016698.842087,0.211259,0.865529,0.400238,-1.253980,1.294680,0.308928,nan,0.000000,-0.000252,-0.000958,-0.005905,0.005246,0.002707,nan,3.490550,-31.335700,12.404900,0.189185,0.582355,1.260100,nan,-0.014205,0.347017,-0.021223,-2.329210,0.016220,2.676765,0.736563,0.000143,-0.001558,0.000775,0.000421,-0.001315,-0.000624,-0.001327,0.391895,-34.483921,0.284225,16.565926,0.824778,2.379689,-0.187636
1750016698.875871,0.211259,0.865517,0.400202,-1.254180,1.294830,0.309012,nan,0.000000,-0.000575,-0.001042,-0.006001,0.005079,0.002719,nan,3.502520,-31.276500,12.502300,0.217448,0.601291,1.272910,nan,-0.014203,0.347029,-0.021224,-2.329199,0.016216,2.676762,0.736567,0.001161,0.001958,0.000071,-0.000546,-0.001624,-0.000640,0.000236,0.391895,-34.690220,0.284225,16.538155,0.824778,2.360463,-0.194044
1750016698.909688,0.211259,0.865529,0.400190,-1.254240,1.294890,0.309060,nan,0.000000,-0.000383,-0.000970,-0.006169,0.005139,0.002779,nan,3.502530,-31.462400,12.621600,0.237753,0.556235,1.204760,nan,-0.014200,0.347049,-0.021218,-2.329216,0.016223,2.676758,0.736566,-0.000484,0.001352,-0.001314,-0.000658,0.000356,0.000494,0.000059,0.368091,-34.892551,0.232650,16.688911,0.824778,2.347646,-0.173903
1750016698.944101,0.211259,0.865505,0.400154,-1.254450,1.295090,0.309168,nan,0.000395,-0.000180,-0.001102,-0.005797,0.004791,0.002815,nan,3.486850,-31.527500,12.489700,0.162121,0.538241,1.217330,nan,-0.014202,0.347025,-0.021222,-2.329189,0.016222,2.676752,0.736568,0.000316,-0.001526,0.001266,0.002290,-0.001985,0.000221,0.000043,0.415699,-34.563267,0.284225,16.343758,0.811045,2.321095,-0.214186
1750016698.977790,0.211259,0.865493,0.400118,-1.254700,1.295310,0.309276,nan,0.000000,-0.000264,-0.001066,-0.005654,0.005043,0.002695,nan,3.514530,-31.660000,12.324800,0.182223,0.544389,1.253030,nan,-0.014197,0.346995,-0.021222,-2.329177,0.016221,2.676754,0.736567,0.000665,-0.000682,0.000082,-0.000152,0.000334,0.000125,0.000426,0.415699,-34.230015,0.284225,16.415169,0.818370,2.267995,-0.180312
1750016699.011496,0.211259,0.865481,0.400082,-1.254910,1.295500,0.309384,nan,0.000000,-0.000383,-0.000922,-0.005761,0.004863,0.002779,nan,3.526520,-31.706700,12.204000,0.158825,0.569257,1.236380,nan,-0.014183,0.347005,-0.021208,-2.329158,0.016221,2.676754,0.736568,0.000228,0.000315,0.000504,-0.001091,0.001814,0.000089,0.001436,0.316517,-34.408543,0.129501,16.244576,0.791819,2.222218,-0.187636
1750016699.045653,0.211247,0.865469,0.400046,-1.255110,1.295690,0.309491,nan,0.000000,0.000000,-0.000970,-0.005678,0.005103,0.002719,nan,3.825980,-31.793500,12.226300,0.111967,0.551092,1.212540,nan,-0.014142,0.347008,-0.021194,-2.329167,0.016220,2.676733,0.736565,0.002931,0.000520,0.000870,0.000040,0.001089,-0.000156,0.001120,0.169727,-34.408543,-0.045060,16.367561,0.785411,2.242360,-0.161086
1750016699.080010,0.211259,0.865469,0.400046,-1.255140,1.295710,0.309491,nan,0.000000,-0.000048,-0.000946,-0.005654,0.005007,0.002779,nan,3.526530,-31.889500,12.008600,0.121758,0.569356,1.259380,nan,-0.014077,0.347000,-0.021199,-2.329163,0.016217,2.676725,0.736570,0.001434,-0.000495,-0.000735,0.000571,-0.000849,-0.000668,0.000783,0.193531,-34.305393,0.030318,16.315987,0.785411,2.215810,-0.161086
1750016699.113766,0.211247,0.865457,0.399986,-1.255380,1.295900,0.309635,nan,0.000192,-0.000623,-0.000910,-0.005438,0.004719,0.002731,nan,3.824550,-31.861300,12.706000,0.168457,0.595258,1.150620,nan,-0.014041,0.346996,-0.021182,-2.329149,0.016215,2.676719,0.736566,0.000282,0.000096,-0.000487,-0.000018,-0.000642,-0.000587,-0.000507,0.066578,-34.253819,-0.124406,16.169197,0.798228,2.189259,-0.094252
1750016699.147614,0.211247,0.865433,0.399962,-1.255590,1.296120,0.309719,nan,0.000000,-0.000611,-0.001054,-0.005594,0.004839,0.002396,nan,3.837980,-31.435100,12.180000,0.103866,0.552428,1.222960,nan,-0.014041,0.346993,-0.021190,-2.329152,0.016222,2.676706,0.736569,0.000685,0.000750,0.000227,0.000293,0.000188,-0.000034,-0.002336,0.118152,-34.202244,-0.021256,16.216805,0.771678,2.182851,-0.113478
1750016699.181858,0.211259,0.865433,0.399926,-1.255830,1.296310,0.309827,nan,0.000000,-0.000479,-0.000862,-0.005546,0.004923,0.002959,nan,3.251060,-32.041400,11.983000,0.153679,0.580371,1.223080,nan,-0.014037,0.346995,-0.021181,-2.329146,0.016220,2.676699,0.736574,-0.000611,0.000510,0.000320,0.000657,-0.000052,0.000688,-0.001508,0.094349,-34.230015,-0.148209,16.169197,0.779002,2.162709,-0.080519
1750016699.215538,0.211259,0.865409,0.399879,-1.256030,1.296540,0.309947,nan,0.000000,-0.000599,-0.001018,-0.005510,0.004935,0.002479,nan,3.562490,-31.619800,12.392300,0.107314,0.502651,1.183320,nan,-0.014027,0.347010,-0.021176,-2.329168,0.016219,2.676670,0.736585,0.000687,0.000335,0.000512,-0.000306,0.000678,-0.002193,-0.000037,0.018970,-34.356968,-0.199784,16.415169,0.771678,2.222218,-0.127211
1750016699.249836,0.211247,0.865409,0.399867,-1.256040,1.296550,0.309947,nan,0.000000,-0.000204,-0.001066,-0.005546,0.004959,0.002587,nan,3.562490,-31.707900,12.738000,0.099044,0.506733,1.203800,nan,-0.014033,0.347018,-0.021196,-2.329156,0.016218,2.676655,0.736586,0.000440,0.001367,0.000115,0.002454,-0.001421,0.000138,-0.001031,0.094349,-34.380772,-0.021256,16.193001,0.765269,2.170033,-0.060377
1750016699.283780,0.211259,0.865397,0.399843,-1.256260,1.296740,0.310078,nan,0.000000,-0.000479,-0.000982,-0.005270,0.004683,0.003042,nan,3.562500,-31.736000,12.083700,0.097705,0.510965,1.141750,nan,-0.014040,0.347027,-0.021207,-2.329177,0.016217,2.676643,0.736594,-0.000696,0.000620,-0.001004,-0.001767,-0.000361,-0.000582,-0.002008,0.193531,-34.432346,0.054122,16.466743,0.771678,2.195668,-0.080519
1750016699.317576,0.211271,0.865385,0.399807,-1.256470,1.296930,0.310174,nan,0.000000,-0.000647,-0.001030,-0.005270,0.004468,0.002563,nan,3.275040,-31.308600,11.944300,0.090470,0.497390,1.169540,nan,-0.014051,0.347041,-0.021226,-2.329180,0.016217,2.676602,0.736597,-0.000464,0.000339,0.000016,-0.001031,0.000197,-0.000546,-0.000337,0.292713,-34.511692,0.157272,16.415169,0.771678,2.215810,-0.027419
1750016699.351956,0.211271,0.865361,0.399759,-1.256690,1.297110,0.310270,nan,0.000000,-0.000647,-0.000826,-0.005139,0.004731,0.002503,nan,3.287020,-31.369700,12.249400,0.080498,0.530743,1.203200,nan,-0.014054,0.347053,-0.021242,-2.329198,0.016217,2.676520,0.736606,0.000175,0.001446,0.001170,0.000085,0.000065,-0.003928,-0.000044,0.344288,-34.563267,0.208846,16.613533,0.771678,2.275319,-0.066786
1750016699.385840,0.211259,0.865349,0.399711,-1.256890,1.297320,0.310378,nan,-0.000024,-0.000587,-0.000970,-0.005390,0.004731,0.002515,nan,3.600130,-31.458300,12.567700,0.041316,0.522143,1.198770,nan,-0.014051,0.347049,-0.021238,-2.329202,0.016217,2.676479,0.736610,-0.000860,0.002131,-0.001434,0.000554,0.001641,0.000516,-0.000236,0.292713,-34.460117,0.157272,16.589729,0.771678,2.281728,-0.053969
1750016699.419834,0.211259,0.865337,0.399687,-1.257090,1.297450,0.310474,nan,0.000000,-0.000635,-0.000946,-0.005318,0.004731,0.002611,nan,3.598450,-31.452600,12.260100,0.135460,0.535086,1.182000,nan,-0.014039,0.347043,-0.021222,-2.329193,0.016215,2.676476,0.736612,0.000141,-0.001199,0.000976,0.001246,0.001092,-0.000475,-0.000270,0.169727,-34.356968,-0.045060,16.466743,0.785411,2.267995,-0.027419
1750016699.453633,0.211247,0.865337,0.399663,-1.257130,1.297490,0.310474,nan,0.000132,-0.000635,-0.000958,-0.005222,0.004492,0.002515,nan,3.888680,-31.534000,12.979900,0.117242,0.544691,1.227520,nan,-0.014043,0.347014,-0.021229,-2.329173,0.016215,2.676479,0.736618,-0.000395,-0.000302,0.000534,0.000995,0.000129,-0.000390,-0.001833,0.193531,-33.999912,0.030318,16.244576,0.771678,2.242360,-0.020094
1750016699.487917,0.211259,0.865325,0.399639,-1.257360,1.297660,0.310581,nan,0.000000,-0.000431,-0.000791,-0.005522,0.004755,0.002360,nan,3.610440,-31.578800,12.425800,0.161894,0.559352,1.206080,nan,-0.014065,0.347001,-0.021263,-2.329171,0.016213,2.676481,0.736630,-0.001301,-0.000760,-0.001084,-0.000983,-0.000370,-0.000453,0.000922,0.443470,-33.868992,0.359603,16.343758,0.765269,2.222218,-0.066786
1750016699.521605,0.211259,0.865302,0.399615,-1.257560,1.297860,0.310677,nan,0.000000,-0.000623,-0.000791,-0.005246,0.004695,0.002539,nan,3.622420,-31.046700,11.940700,0.138966,0.545664,1.178410,nan,-0.014075,0.347022,-0.021329,-2.329170,0.016211,2.676477,0.736634,0.000066,0.000378,-0.003279,0.000203,-0.000901,0.000370,0.000444,0.542652,-34.103062,0.462752,16.292183,0.771678,2.215810,-0.020094
1750016699.555552,0.211259,0.865302,0.399579,-1.257790,1.298050,0.310785,nan,0.000000,-0.000611,-0.000755,-0.005151,0.004659,0.002360,nan,3.634400,-31.577600,11.901500,0.159537,0.548954,1.217570,nan,-0.014105,0.347032,-0.021435,-2.329192,0.016210,2.676469,0.736644,-0.001379,0.000168,-0.001623,-0.000433,0.000213,-0.001280,0.002041,0.840198,-34.178440,0.740462,16.514351,0.785411,2.248769,-0.060377
1750016699.589799,0.211259,0.865302,0.399543,-1.257970,1.298240,0.310881,nan,0.000000,-0.000587,-0.000850,-0.005067,0.004528,0.002623,nan,3.646380,-32.069200,12.035900,0.157243,0.484184,1.196250,nan,-0.014131,0.347065,-0.021509,-2.329197,0.016207,2.676454,0.736641,-0.000805,0.000634,-0.001472,0.002971,0.000796,-0.001166,-0.001374,1.014759,-34.408543,0.918990,16.490547,0.779002,2.248769,0.006456
1750016699.623641,0.211271,0.865302,0.399543,-1.257980,1.298240,0.310881,nan,0.000024,0.000024,-0.000934,-0.005318,0.004492,0.002575,nan,3.345250,-32.162900,11.953700,0.119496,0.521943,1.216860,nan,-0.014124,0.347061,-0.021498,-2.329193,0.016205,2.676448,0.736646,-0.001261,0.000911,0.000671,0.001128,-0.001631,-0.000694,0.000997,0.864002,-34.230015,0.688888,16.466743,0.804637,2.261586,-0.027419
1750016699.657995,0.211259,0.865278,0.399495,-1.258220,1.298420,0.310989,nan,0.000000,-0.000180,-0.000826,-0.005187,0.004132,0.002515,nan,3.646380,-31.649700,12.321300,0.190014,0.542843,1.223200,nan,-0.014117,0.347081,-0.021490,-2.329225,0.016209,2.676417,0.736650,0.000622,0.000844,0.000472,0.000865,0.001197,0.000581,0.001146,0.816395,-34.408543,0.665084,16.760323,0.798228,2.281728,-0.066786
1750016699.691816,0.211271,0.865278,0.399459,-1.258420,1.298600,0.311096,nan,0.000000,0.000012,-0.001006,-0.004971,0.004492,0.002360,nan,3.358900,-32.202200,12.319500,0.156217,0.539283,1.207510,nan,-0.014109,0.347092,-0.021464,-2.329197,0.016207,2.676414,0.736650,0.001454,0.000346,0.001927,0.001616,0.000213,0.000495,-0.000836,0.665638,-34.202244,0.383407,16.391365,0.818370,2.261586,-0.033827
1750016699.725683,0.211259,0.865242,0.399399,-1.258630,1.298770,0.311180,nan,0.000000,0.000048,-0.000815,-0.005103,0.004432,0.002360,nan,3.670330,-31.208700,13.146700,0.140262,0.535613,1.243450,nan,-0.014039,0.347061,-0.021347,-2.329185,0.016209,2.676417,0.736649,0.002824,0.000419,0.004099,-0.001674,0.000957,0.000317,-0.002618,-0.004833,-33.821384,-0.172013,16.315987,0.798228,2.261586,-0.020094
1750016699.773048,0.211259,0.865230,0.399375,-1.258840,1.298950,0.311288,nan,0.000000,-0.000180,-0.000910,-0.004947,0.004408,0.002252,nan,3.682320,-31.222100,12.652300,0.163110,0.576152,1.221530,nan,-0.014023,0.347094,-0.021290,-2.329202,0.016207,2.676412,0.736651,-0.001366,0.001017,-0.002186,-0.001479,0.000675,-0.000406,-0.001480,0.066578,-34.253819,0.002547,16.514351,0.818370,2.275319,-0.033827
1750016699.806274,0.211271,0.865230,0.399363,-1.259050,1.299130,0.311372,nan,-0.000012,-0.000180,-0.000934,-0.005043,0.004444,0.002432,nan,3.395670,-31.792300,12.313100,0.181279,0.561490,1.248480,nan,-0.014109,0.347142,-0.021418,-2.329215,0.016208,2.676412,0.736661,-0.000536,0.000658,-0.003934,0.000388,-0.000466,0.000456,0.001409,0.990955,-34.253819,0.970565,16.589729,0.804637,2.281728,-0.080519
1750016699.839386,0.211271,0.865218,0.399316,-1.259260,1.299310,0.311468,nan,0.000000,0.000036,-0.000826,-0.005031,0.004336,0.002432,nan,3.394830,-31.838500,12.195600,0.206999,0.579880,1.259980,nan,-0.014162,0.347118,-0.021562,-2.329186,0.016207,2.676415,0.736656,-0.001891,0.000849,-0.002438,0.000363,-0.001051,0.000703,-0.001555,1.264698,-33.821384,1.248275,16.292183,0.811045,2.255177,-0.040236
1750016699.872777,0.211259,0.865206,0.399268,-1.259440,1.299490,0.311576,nan,0.000000,-0.000587,-0.000838,-0.004636,0.004252,0.002360,nan,3.706260,-31.763800,12.717700,0.188645,0.556331,1.221890,nan,-0.014183,0.347178,-0.021574,-2.329227,0.016204,2.676410,0.736665,-0.000471,0.004983,0.001168,-0.003108,-0.000207,-0.000964,0.000707,1.165516,-34.535496,1.097518,16.788094,0.804637,2.294545,-0.066786
1750016699.906028,0.211259,0.865182,0.399232,-1.259650,1.299670,0.311659,nan,0.000000,-0.000659,-0.001030,-0.004731,0.004120,0.002348,nan,3.718240,-31.246100,12.573300,0.218333,0.556243,1.262250,nan,-0.014173,0.347274,-0.021550,-2.329206,0.016207,2.676415,0.736668,0.001461,0.000894,0.001220,0.000961,0.000022,-0.000410,-0.000308,0.967151,-34.662449,0.843612,16.415169,0.811045,2.255177,-0.100661
1750016699.939825,0.211259,0.865182,0.399196,-1.259800,1.299820,0.311743,nan,0.000240,-0.000024,-0.000958,-0.004743,0.004384,0.002384,nan,3.701470,-31.790600,12.692600,0.175326,0.556492,1.266210,nan,-0.014180,0.347245,-0.021560,-2.329192,0.016206,2.676417,0.736658,-0.001659,-0.001735,-0.001681,0.002112,-0.000432,0.000189,-0.002167,1.066334,-34.075291,1.097518,16.315987,0.818370,2.235036,-0.013686
1750016699.972990,0.211259,0.865170,0.399196,-1.259840,1.299860,0.311779,nan,-0.000012,0.000036,-0.001090,-0.004935,0.004192,0.002216,nan,3.731060,-31.329400,12.506800,0.207414,0.519626,1.197450,nan,-0.014160,0.347174,-0.021506,-2.329121,0.016206,2.676438,0.736666,0.000582,-0.001548,0.000933,0.003781,0.000938,-0.000119,0.001437,0.840198,-33.436558,0.561935,15.673286,0.824778,2.104115,-0.080519
1750016700.006141,0.211271,0.865158,0.399172,-1.260020,1.300020,0.311851,nan,0.000539,-0.000275,-0.000826,-0.004743,0.004276,0.002228,nan,3.393050,-31.292100,12.087800,0.185342,0.523157,1.251950,nan,-0.014079,0.347120,-0.021380,-2.329029,0.016206,2.676469,0.736664,0.000648,-0.001985,0.005265,0.004626,-0.000412,0.001437,-0.001024,0.241138,-33.127110,0.030318,15.379707,0.824778,1.998830,-0.066786
1750016700.039639,0.211271,0.865158,0.399124,-1.260210,1.300190,0.311935,nan,0.000000,-0.000611,-0.000791,-0.005103,0.004276,0.002120,nan,3.442760,-31.740500,12.443900,0.167349,0.553387,1.284650,nan,-0.014059,0.347025,-0.021310,-2.328914,0.016208,2.676503,0.736661,0.000473,-0.002071,0.001903,0.003778,0.001084,0.002084,-0.001194,0.268909,-32.619297,0.054122,14.982979,0.804637,1.887135,-0.040236
1750016700.072864,0.211271,0.865134,0.399088,-1.260400,1.300360,0.312043,nan,0.000000,-0.000048,-0.000910,-0.004468,0.004144,0.002276,nan,3.454730,-31.319400,12.364900,0.191159,0.577753,1.232790,nan,-0.014071,0.346891,-0.021337,-2.328799,0.016206,2.676521,0.736667,-0.000455,-0.002795,-0.002210,0.002445,0.000142,-0.000087,0.001085,0.415699,-32.234470,0.411178,14.685432,0.824778,1.840443,-0.094252
1750016700.106086,0.211283,0.865134,0.399064,-1.260560,1.300530,0.312127,nan,0.000000,-0.000659,-0.000850,-0.004444,0.004132,0.002156,nan,3.155290,-31.694000,11.982200,0.100348,0.549156,1.232550,nan,-0.014056,0.346811,-0.021311,-2.328726,0.016205,2.676556,0.736666,-0.000804,-0.002843,-0.001791,0.003933,0.001105,0.000493,0.000828,0.241138,-31.798069,0.054122,14.268867,0.831187,1.670155,-0.053969
1750016700.139430,0.211271,0.865134,0.399064,-1.260570,1.300530,0.312115,nan,0.000000,0.000012,-0.001006,-0.004576,0.004132,0.002096,nan,3.466720,-31.815300,11.906400,0.101655,0.585111,1.286330,nan,-0.014062,0.346785,-0.021314,-2.328665,0.016209,2.676558,0.736669,-0.000484,-0.000221,0.000461,0.000855,0.001221,0.000087,-0.000438,0.316517,-31.901218,0.105697,14.368050,0.811045,1.736073,-0.074110
1750016700.172691,0.211259,0.865110,0.399016,-1.260750,1.300710,0.312210,nan,0.000000,-0.000623,-0.000803,-0.004456,0.003929,0.002240,nan,3.766180,-31.270700,12.247400,0.081752,0.546937,1.259020,nan,-0.014062,0.346834,-0.021320,-2.328756,0.016213,2.676537,0.736666,0.000721,0.000196,0.000174,-0.002274,0.000487,0.000769,-0.001119,0.316517,-32.436802,0.181075,15.034554,0.804637,1.827626,-0.047560
1750016700.206568,0.211271,0.865098,0.398956,-1.260920,1.300860,0.312282,nan,0.000000,-0.000838,-0.001377,-0.004731,0.003785,0.002228,nan,3.478720,-31.713200,12.335100,0.008313,0.575708,1.313760,nan,-0.014030,0.346848,-0.021266,-2.328748,0.016207,2.676531,0.736669,-0.000165,0.000244,0.000574,-0.001674,-0.000230,0.000520,0.001655,0.042774,-32.412998,-0.251359,14.760811,0.818370,1.775441,-0.074110
1750016700.239735,0.211271,0.865062,0.398896,-1.261080,1.301010,0.312390,nan,0.000000,-0.001078,-0.001485,-0.004683,0.003917,0.002084,nan,3.478720,-31.623400,12.290900,-0.000798,0.581590,1.244760,nan,-0.014035,0.346820,-0.021274,-2.328732,0.016207,2.676537,0.736669,-0.001366,0.001056,0.000541,0.000012,-0.000097,0.001053,-0.000148,0.169727,-32.055943,-0.045060,14.538643,0.818370,1.703114,-0.066786
1750016700.272964,0.211259,0.865026,0.398836,-1.261290,1.301170,0.312474,nan,0.000000,-0.000910,-0.000922,-0.004564,0.003893,0.002312,nan,3.790150,-31.704600,13.210500,0.059803,0.554534,1.226680,nan,-0.014056,0.346859,-0.021319,-2.328762,0.016207,2.676527,0.736669,-0.001798,0.001642,-0.002856,-0.000205,-0.000470,0.000519,0.000209,0.415699,-32.488377,0.359603,14.737007,0.818370,1.703114,-0.033827
1750016700.306115,0.211271,0.865014,0.398836,-1.261290,1.301200,0.312498,nan,0.000000,-0.000779,-0.000970,-0.004731,0.003989,0.002144,nan,3.490700,-31.333500,13.107000,0.024108,0.513330,1.208230,nan,-0.014096,0.346870,-0.021372,-2.328789,0.016209,2.676498,0.736681,-0.003228,0.000380,-0.002345,-0.003183,0.000823,-0.002256,0.000209,0.840198,-32.412998,0.665084,14.836189,0.824778,1.761708,-0.053969
1750016700.339804,0.211271,0.865002,0.398812,-1.261470,1.301340,0.312582,nan,0.000000,-0.000659,-0.001006,-0.004671,0.003821,0.002288,nan,3.490700,-31.958800,12.301700,0.017749,0.543775,1.236980,nan,-0.014117,0.346855,-0.021441,-2.328855,0.016207,2.676461,0.736685,0.000810,0.000073,-0.001675,-0.000856,-0.001177,-0.001151,0.001942,0.915577,-32.206699,0.867416,14.859993,0.818370,1.788258,-0.040236
1750016700.372993,0.211283,0.864978,0.398765,-1.261670,1.301500,0.312666,nan,-0.000048,-0.000359,-0.000707,-0.004396,0.003785,0.001905,nan,3.194600,-31.587400,13.334800,0.062419,0.557085,1.243690,nan,-0.014118,0.346903,-0.021468,-2.328951,0.016208,2.676399,0.736686,0.000116,0.001350,0.000642,-0.003363,-0.000161,-0.001858,0.000192,0.891773,-32.567722,0.716659,15.256721,0.811045,1.920094,-0.013686
1750016700.406434,0.211271,0.864966,0.398741,-1.261860,1.301690,0.312761,nan,0.000000,-0.000539,-0.000958,-0.004588,0.003785,0.002156,nan,3.502680,-31.565900,12.674700,0.029823,0.499615,1.225360,nan,-0.014101,0.346944,-0.021460,-2.329089,0.016204,2.676307,0.736691,0.000508,-0.000541,-0.001383,-0.004602,-0.001160,-0.002457,0.001431,0.717212,-32.770054,0.637313,15.625679,0.844004,2.011647,-0.053969
1750016700.440008,0.211271,0.864954,0.398717,-1.262040,1.301830,0.312833,nan,0.000000,-0.000120,-0.000551,-0.004779,0.003701,0.002168,nan,3.502680,-31.453300,12.476300,0.044659,0.517731,1.255430,nan,-0.014156,0.347133,-0.021544,-2.329211,0.016205,2.676228,0.736698,-0.003356,0.009302,-0.001963,-0.003562,0.000553,-0.003206,0.002233,1.316272,-33.539707,1.224471,16.046211,0.837596,2.176442,-0.080519
1750016700.473871,0.211271,0.864954,0.398693,-1.262190,1.301980,0.312917,nan,0.000000,0.000012,-0.000683,-0.004252,0.003881,0.002024,nan,3.514660,-31.754200,12.434300,-0.003736,0.503003,1.266920,nan,-0.014235,0.347456,-0.021625,-2.329492,0.016207,2.676120,0.736701,-0.000896,0.010557,0.000744,-0.007948,0.000186,-0.004334,0.001255,1.316272,-35.075047,1.375228,17.157051,0.818370,2.399831,-0.094252
1750016700.507591,0.211271,0.864966,0.398681,-1.262230,1.302000,0.312941,nan,0.000000,0.000048,-0.000647,-0.004504,0.003941,0.002000,nan,3.514660,-32.308300,12.736500,0.066329,0.498106,1.193860,nan,-0.014288,0.347669,-0.021635,-2.329712,0.016205,2.676053,0.736694,-0.001384,0.003807,0.000158,-0.003804,-0.000085,-0.000989,-0.000882,1.463062,-35.352757,1.399032,17.379219,0.831187,2.478566,-0.040236
1750016700.542042,0.211271,0.864954,0.398645,-1.262430,1.302160,0.313025,nan,0.000000,0.000000,-0.000635,-0.004312,0.003737,0.002204,nan,3.514660,-32.119300,12.969000,0.068712,0.534660,1.214820,nan,-0.014287,0.347616,-0.021623,-2.329668,0.016204,2.676080,0.736694,0.001716,-0.003741,0.002690,0.004572,-0.001970,0.002221,-0.000456,1.340076,-34.460117,1.224471,16.613533,0.837596,2.354054,-0.047560
1750016700.575721,0.211259,0.864942,0.398621,-1.262590,1.302320,0.313109,nan,0.000000,0.000000,-0.000647,-0.004276,0.003773,0.002048,nan,3.526640,-31.895300,12.772400,0.041031,0.494076,1.230750,nan,-0.014260,0.347585,-0.021578,-2.329649,0.016206,2.676101,0.736696,0.000257,0.001471,0.002144,-0.004277,-0.000499,0.000820,-0.000342,1.038563,-34.432346,0.970565,16.736519,0.831187,2.360463,-0.060377
1750016700.609998,0.211283,0.864942,0.398609,-1.262770,1.302480,0.313193,nan,-0.000048,0.000000,-0.000755,-0.004288,0.003665,0.002000,nan,3.218570,-32.200700,12.153300,0.056957,0.493727,1.231230,nan,-0.014200,0.347625,-0.021424,-2.329617,0.016206,2.676152,0.736699,0.000851,-0.000477,0.003521,0.001813,-0.001111,0.000508,0.002672,0.566456,-34.920322,0.434981,16.367561,0.850413,2.275319,-0.107069
1750016700.643925,0.211271,0.864930,0.398573,-1.262940,1.302610,0.313265,nan,0.000000,-0.000623,-0.000587,-0.004300,0.003534,0.001905,nan,3.538630,-31.922300,12.587400,0.091558,0.513758,1.250870,nan,-0.014190,0.347527,-0.021415,-2.329522,0.016204,2.676222,0.736697,0.001588,-0.003018,0.000009,0.004912,-0.000930,0.001378,-0.000484,0.590259,-34.023716,0.561935,16.145393,0.870555,2.209401,-0.100661
1750016700.678091,0.211259,0.864930,0.398573,-1.262940,1.302620,0.313277,nan,0.000000,0.000000,-0.000623,-0.004360,0.003617,0.001881,nan,3.838080,-31.997100,12.536700,0.057654,0.507181,1.230990,nan,-0.014225,0.347411,-0.021461,-2.329397,0.016208,2.676281,0.736694,-0.000539,-0.003631,-0.000739,0.003911,0.000110,0.002751,-0.001523,0.990955,-33.563511,1.045943,15.772469,0.850413,2.130666,-0.074110
1750016700.711789,0.211271,0.864918,0.398549,-1.263110,1.302770,0.313348,nan,-0.000228,0.000000,-0.000671,-0.004156,0.003773,0.002216,nan,3.554560,-31.752700,12.253600,0.049852,0.508527,1.260700,nan,-0.014168,0.347305,-0.021339,-2.329254,0.016207,2.676367,0.736692,0.001171,-0.003997,0.004038,0.002089,-0.000215,-0.000017,-0.001836,0.368091,-33.281834,0.054122,15.379707,0.856822,2.083974,-0.060377
1750016700.745553,0.211283,0.864918,0.398525,-1.263280,1.302910,0.313456,nan,0.000000,-0.000012,-0.000683,-0.004132,0.003677,0.002108,nan,3.239170,-32.117800,12.128900,0.045285,0.533945,1.201400,nan,-0.014055,0.347197,-0.021285,-2.329265,0.016208,2.676367,0.736696,0.004395,-0.001502,0.004908,-0.000437,-0.000303,0.000264,0.000285,0.292713,-32.976353,-0.045060,15.601875,0.850413,2.130666,-0.094252
1750016700.779890,0.211283,0.864906,0.398501,-1.263440,1.303080,0.313516,nan,0.000395,0.000048,-0.000719,-0.004420,0.003773,0.001761,nan,3.223480,-31.901000,11.952400,0.042407,0.482687,1.256620,nan,-0.013986,0.347257,-0.021182,-2.329308,0.016208,2.676357,0.736697,0.001140,0.004657,0.002124,-0.002985,0.001745,-0.000579,0.000158,-0.080212,-33.845188,-0.275163,16.093819,0.844004,2.215810,-0.107069
1750016700.813918,0.211271,0.864906,0.398453,-1.263650,1.303220,0.313612,nan,0.000000,-0.000479,-0.000779,-0.004276,0.003845,0.002132,nan,3.562590,-32.183900,12.604700,0.105657,0.536579,1.224160,nan,-0.013937,0.347276,-0.021119,-2.329319,0.016207,2.676352,0.736697,-0.001014,0.000125,0.000189,0.001753,-0.000922,-0.001799,-0.000032,-0.179394,-33.868992,-0.505265,16.022408,0.856822,2.222218,-0.094252
1750016700.848003,0.211271,0.864894,0.398441,-1.263770,1.303340,0.313684,nan,0.000060,0.000000,-0.000731,-0.004037,0.003665,0.001905,nan,3.570370,-31.976700,12.276900,0.073075,0.531190,1.207750,nan,-0.013954,0.347254,-0.021165,-2.329286,0.016208,2.676366,0.736698,-0.000746,0.000923,-0.000575,-0.000961,-0.000276,0.002946,0.000987,0.066578,-33.563511,-0.045060,15.701057,0.850413,2.182851,-0.107069
1750016700.881785,0.211283,0.864894,0.398429,-1.263810,1.303370,0.313696,nan,0.000000,-0.000120,-0.000683,-0.004061,0.003641,0.001881,nan,3.263130,-32.043800,12.488200,0.115003,0.552983,1.220930,nan,-0.013963,0.347332,-0.021182,-2.329373,0.016203,2.676343,0.736696,0.000287,0.003283,-0.000533,-0.000585,-0.001982,-0.001100,-0.000267,0.141956,-34.356968,0.030318,16.538155,0.850413,2.340321,-0.053969
1750016700.915576,0.211271,0.864882,0.398405,-1.263960,1.303520,0.313768,nan,0.000000,0.000000,-0.000779,-0.003953,0.003605,0.001881,nan,3.574560,-31.895300,12.371100,0.066487,0.523166,1.242490,nan,-0.013943,0.347407,-0.021147,-2.329389,0.016209,2.676341,0.736696,0.001007,0.002998,0.000504,-0.000443,0.001486,-0.000939,0.000808,-0.107983,-34.483921,-0.425919,16.490547,0.831187,2.354054,-0.047560
1750016700.949916,0.211271,0.864870,0.398369,-1.264140,1.303680,0.313863,nan,0.000000,-0.000252,-0.000551,-0.004037,0.003486,0.002024,nan,3.586540,-31.763300,12.170900,0.091750,0.521510,1.193620,nan,-0.013935,0.347421,-0.021150,-2.329368,0.016210,2.676351,0.736696,0.000958,-0.000182,-0.000376,0.003426,0.000219,0.000718,-0.001058,-0.155590,-34.281590,-0.326737,16.244576,0.831187,2.281728,-0.013686
1750016700.983897,0.211283,0.864858,0.398345,-1.264310,1.303810,0.313947,nan,0.000000,-0.000371,-0.000635,-0.004073,0.003629,0.001797,nan,3.275110,-31.647100,12.448000,0.110781,0.557467,1.172900,nan,-0.013995,0.347386,-0.021232,-2.329330,0.016211,2.676384,0.736709,-0.001087,0.000017,-0.004929,0.001771,0.001183,0.002765,0.002958,0.491077,-33.845188,0.411178,15.970833,0.850413,2.235036,-0.074110
1750016701.018028,0.211283,0.864846,0.398309,-1.264440,1.303940,0.314019,nan,0.000000,0.000048,-0.000719,-0.004132,0.003617,0.001976,nan,3.287080,-32.104600,12.922700,0.059632,0.564778,1.181160,nan,-0.014009,0.347380,-0.021292,-2.329310,0.016208,2.676430,0.736723,-0.000397,-0.001657,-0.002087,0.000662,-0.000012,0.002023,0.001183,0.518848,-33.845188,0.335799,15.847847,0.844004,2.170033,-0.000868
1750016701.051996,0.211271,0.864858,0.398321,-1.264460,1.303970,0.314043,nan,0.000000,-0.000647,-0.000719,-0.004037,0.003581,0.001821,nan,3.598510,-32.082400,12.329800,0.065857,0.552205,1.141030,nan,-0.014018,0.347356,-0.021343,-2.329285,0.016208,2.676467,0.736752,-0.000057,-0.003317,-0.002491,0.001163,0.000023,0.000536,0.001984,0.641834,-33.563511,0.538131,15.649483,0.837596,2.137074,-0.053969
1750016701.085581,0.211271,0.864846,0.398285,-1.264630,1.304110,0.314103,nan,-0.000012,-0.000647,-0.000695,-0.004085,0.003246,0.001928,nan,3.611330,-32.062000,12.669000,0.096516,0.551256,1.188830,nan,-0.014029,0.347343,-0.021365,-2.329269,0.016207,2.676486,0.736752,0.001234,0.000747,0.000073,-0.000131,-0.001105,-0.000304,-0.001743,0.665638,-33.539707,0.486556,15.649483,0.844004,2.137074,0.006456
1750016701.119884,0.211271,0.864834,0.398261,-1.264780,1.304240,0.314175,nan,0.000000,-0.000204,-0.000551,-0.003989,0.003498,0.001893,nan,3.909950,-32.033700,12.476400,0.088357,0.578950,1.217930,nan,-0.014004,0.347358,-0.021336,-2.329268,0.016206,2.676495,0.736765,0.000312,0.001023,-0.000221,-0.000295,-0.000359,0.000840,-0.000076,0.344288,-33.742039,0.181075,15.673286,0.837596,2.104115,-0.040236
1750016701.153799,0.211271,0.864822,0.398250,-1.264950,1.304370,0.314247,nan,0.000000,-0.000407,-0.000575,-0.004073,0.003390,0.001881,nan,3.622470,-31.479900,11.939500,0.119369,0.604482,1.184990,nan,-0.014017,0.347348,-0.021347,-2.329255,0.016208,2.676510,0.736760,-0.000969,-0.001100,-0.000762,0.000957,0.000480,0.000217,-0.003314,0.518848,-33.591282,0.383407,15.502693,0.850413,2.057423,-0.000868
1750016701.188009,0.211283,0.864798,0.398202,-1.265120,1.304500,0.314343,nan,0.000000,-0.000647,-0.000683,-0.004156,0.003450,0.001988,nan,3.311040,-31.430800,12.757800,0.156134,0.613959,1.159480,nan,-0.014026,0.347359,-0.021363,-2.329236,0.016208,2.676532,0.736772,-0.000293,0.001163,0.000360,-0.001759,0.001531,0.001832,0.001783,0.618030,-33.742039,0.462752,15.625679,0.844004,2.077565,-0.053969
1750016701.221814,0.211259,0.864810,0.398202,-1.265120,1.304520,0.314343,nan,0.000000,-0.000431,-0.000647,-0.003989,0.003150,0.001881,nan,3.921930,-32.006400,12.664700,0.121394,0.642834,1.176370,nan,-0.014014,0.347419,-0.021352,-2.329274,0.016207,2.676520,0.736768,0.002105,0.002570,0.000183,-0.000221,-0.000585,-0.000667,-0.000902,0.443470,-34.281590,0.308028,15.970833,0.850413,2.137074,-0.013686
1750016701.255565,0.211271,0.864798,0.398190,-1.265280,1.304650,0.314426,nan,0.000000,-0.000551,-0.000695,-0.003953,0.003486,0.001833,nan,3.634450,-31.992100,12.112000,0.122467,0.617928,1.153850,nan,-0.014017,0.347396,-0.021346,-2.329277,0.016207,2.676519,0.736768,-0.000833,-0.002368,0.000615,-0.000232,0.000040,-0.000082,0.000375,0.491077,-33.896763,0.308028,15.923225,0.844004,2.143483,-0.013686
1750016701.289899,0.211283,0.864798,0.398166,-1.265410,1.304800,0.314486,nan,0.000000,0.000012,-0.000683,-0.003665,0.003462,0.002048,nan,3.323010,-32.548300,11.931300,0.029041,0.585100,1.242250,nan,-0.014012,0.347397,-0.021344,-2.329279,0.016207,2.676516,0.736773,-0.000610,0.002237,-0.000508,-0.000872,0.000817,0.000085,0.000954,0.443470,-33.920567,0.256454,15.947029,0.850413,2.170033,-0.060377
1750016701.323737,0.211271,0.864774,0.398130,-1.265560,1.304950,0.314546,nan,0.000000,-0.000120,-0.000850,-0.003917,0.003330,0.002012,nan,3.646430,-31.942000,12.305700,0.034428,0.569176,1.242610,nan,-0.014000,0.347448,-0.021316,-2.329335,0.016206,2.676493,0.736772,-0.000520,0.000131,0.001418,-0.001617,-0.000646,-0.000197,-0.001228,0.292713,-34.460117,0.030318,16.438972,0.850413,2.281728,-0.020094
1750016701.358014,0.211271,0.864762,0.398106,-1.265730,1.305080,0.314642,nan,0.000000,-0.000240,-0.000767,-0.003749,0.003438,0.002084,nan,3.646420,-31.846200,12.136500,0.048560,0.596850,1.204520,nan,-0.014013,0.347461,-0.021336,-2.329391,0.016209,2.676463,0.736773,-0.002247,-0.001792,-0.000771,-0.000083,-0.000023,-0.001180,-0.001971,0.443470,-34.356968,0.308028,16.760323,0.837596,2.419972,-0.013686
1750016701.391809,0.211271,0.864762,0.398106,-1.265730,1.305080,0.314642,nan,0.000000,-0.000240,-0.000767,-0.003749,0.003438,0.002084,nan,3.646430,-31.846200,12.136500,0.048559,0.596850,1.204520,nan,-0.014037,0.347510,-0.021372,-2.329597,0.016236,2.676385,0.736914,-0.000062,0.004533,-0.000955,-0.017915,0.000548,-0.003433,0.008953,0.689442,-34.817173,0.486556,17.823555,0.660899,2.715688,-0.321303
1750016701.425579,0.211271,0.864751,0.398070,-1.265890,1.305220,0.314714,nan,0.000000,-0.000647,-0.000647,-0.003845,0.003414,0.001581,nan,3.658410,-31.695500,12.449100,0.053818,0.569798,1.195180,nan,-0.014032,0.347619,-0.021380,-2.329992,0.016231,2.676305,0.736946,-0.000285,0.006808,0.001930,-0.002127,-0.000191,-0.000397,0.001146,0.566456,-35.559055,0.383407,18.490059,0.733225,2.813649,-0.260878
1750016701.472983,0.211283,0.864715,0.398022,-1.266200,1.305490,0.314834,nan,0.000000,-0.000587,-0.000180,-0.003629,0.003126,0.001761,nan,3.358940,-30.908500,12.137600,0.060275,0.601441,1.260940,nan,-0.014058,0.347763,-0.021442,-2.329897,0.016228,2.676325,0.736932,-0.000864,0.001279,-0.001884,0.001503,-0.000084,0.001130,-0.001980,0.891773,-36.019260,0.942794,17.454597,0.758860,2.689137,-0.200453
1750016701.506530,0.211271,0.864739,0.397974,-1.266340,1.305620,0.314930,nan,0.000000,0.000000,-0.000791,-0.003869,0.003438,0.001833,nan,3.682360,-32.241400,12.857300,0.031036,0.644341,1.198410,nan,-0.014137,0.347690,-0.021539,-2.329875,0.016218,2.676358,0.736927,-0.002655,-0.005108,-0.003764,0.002127,-0.000802,0.003165,-0.000378,1.240894,-34.944126,1.248275,17.502205,0.804637,2.603993,-0.194044
1750016701.539603,0.211283,0.864715,0.397962,-1.266460,1.305730,0.314989,nan,0.000000,0.000000,-0.000371,-0.003797,0.003198,0.001773,nan,3.370920,-31.080800,12.568100,-0.004180,0.638112,1.199010,nan,-0.014258,0.347611,-0.021613,-2.329608,0.016219,2.676455,0.736917,-0.001616,-0.001394,-0.000575,0.007650,-0.000096,0.002906,-0.001123,1.316272,-34.662449,1.323653,16.268379,0.791819,2.393422,-0.180312
1750016701.573016,0.211271,0.864715,0.397950,-1.266500,1.305760,0.315001,nan,0.000623,0.000000,-0.000791,-0.003653,0.003150,0.001881,nan,3.650740,-31.630600,12.929200,0.041818,0.583966,1.190740,nan,-0.014246,0.347632,-0.021576,-2.329558,0.016219,2.676488,0.736916,0.002765,0.000347,0.002497,-0.002886,-0.000334,-0.000847,0.001773,1.014759,-35.047276,0.891219,17.057869,0.798228,2.478566,-0.214186
1750016701.606528,0.211271,0.864715,0.397926,-1.266680,1.305880,0.315061,nan,0.000000,-0.000323,-0.000575,-0.003737,0.003246,0.001737,nan,3.694340,-31.815700,12.730100,0.121708,0.633324,1.202240,nan,-0.014167,0.347698,-0.021414,-2.329643,0.016220,2.676452,0.736913,0.001948,0.002492,0.003545,-0.006106,0.000782,-0.000973,0.001166,0.316517,-35.840733,0.208846,17.748177,0.824778,2.709279,-0.267287
1750016701.639575,0.211283,0.864715,0.397914,-1.266810,1.306010,0.315145,nan,0.000000,0.000000,-0.000743,-0.003486,0.003138,0.001893,nan,3.394890,-32.200700,12.314000,0.067447,0.624339,1.190620,nan,-0.014125,0.347752,-0.021329,-2.329900,0.016212,2.676388,0.736908,0.000483,-0.000858,0.001117,-0.009462,0.000702,-0.002403,-0.000317,0.217335,-36.225559,0.081893,18.811409,0.850413,2.945485,-0.267287
1750016701.672810,0.211271,0.864691,0.397878,-1.266940,1.306160,0.315217,nan,0.000000,0.000024,-0.000647,-0.003558,0.003150,0.001665,nan,3.718300,-31.389100,12.628800,0.007790,0.588295,1.198650,nan,-0.014133,0.347788,-0.021356,-2.330018,0.016213,2.676373,0.736907,0.001076,0.001082,-0.000146,0.000419,-0.001505,0.001449,-0.000343,0.467274,-36.455662,0.510360,18.739998,0.844004,2.945485,-0.260878
1750016701.706055,0.211283,0.864691,0.397854,-1.267100,1.306300,0.315301,nan,0.000000,-0.000443,-0.000395,-0.003629,0.003246,0.001665,nan,3.406860,-31.638500,12.678000,0.070308,0.509731,1.136840,nan,-0.014157,0.347757,-0.021391,-2.329938,0.016213,2.676414,0.736907,-0.000531,-0.001898,-0.000638,0.001904,0.000883,0.000822,0.000440,0.665638,-36.070835,0.740462,17.922737,0.844004,2.748646,-0.260878
1750016701.739311,0.211283,0.864679,0.397842,-1.267110,1.306300,0.315313,nan,0.000000,0.000000,-0.000587,-0.003534,0.003342,0.001545,nan,3.406860,-31.182600,13.090500,0.079412,0.534645,1.116480,nan,-0.014154,0.347704,-0.021390,-2.329839,0.016209,2.676468,0.736908,0.000497,-0.001498,-0.000701,0.002289,-0.000941,0.002167,0.001738,0.618030,-35.662205,0.688888,17.502205,0.844004,2.656178,-0.307570
1750016701.773101,0.211283,0.864691,0.397818,-1.267240,1.306410,0.315361,nan,0.000000,0.000000,-0.000539,-0.003522,0.002947,0.001821,nan,3.418840,-31.895300,13.032300,0.060604,0.580286,1.175530,nan,-0.014173,0.347722,-0.021421,-2.329776,0.016209,2.676472,0.736907,-0.000452,0.000815,-0.002091,-0.000656,-0.000646,-0.000606,0.000538,0.840198,-36.019260,0.994369,17.676765,0.844004,2.748646,-0.340529
1750016701.805985,0.211295,0.864679,0.397806,-1.267380,1.306540,0.315445,nan,0.000000,-0.000479,-0.000563,-0.003402,0.003150,0.001761,nan,3.131360,-31.654500,12.495500,0.049334,0.571088,1.143070,nan,-0.014200,0.347735,-0.021439,-2.329819,0.016210,2.676466,0.736910,0.000319,-0.000098,-0.001228,-0.000076,-0.001181,-0.001132,0.001743,0.967151,-36.173985,1.045943,18.168709,0.831187,2.827382,-0.360670
1750016701.839494,0.211283,0.864667,0.397782,-1.267550,1.306670,0.315504,nan,0.000000,-0.000228,-0.000719,-0.003486,0.003042,0.001701,nan,3.430820,-31.582900,12.401700,0.109095,0.565000,1.178170,nan,-0.014188,0.347781,-0.021423,-2.329872,0.016211,2.676448,0.736910,0.002208,0.002944,0.000642,-0.002269,0.001191,0.000536,0.001028,0.792591,-36.737339,0.867416,18.613045,0.824778,2.951894,-0.380812
1750016701.872735,0.211271,0.864667,0.397746,-1.267670,1.306790,0.315576,nan,0.000000,0.000024,-0.000683,-0.003629,0.002887,0.001701,nan,3.754230,-31.898100,12.865600,0.040097,0.586686,1.178170,nan,-0.014186,0.347824,-0.021412,-2.329994,0.016209,2.676430,0.736905,0.000473,0.000675,-0.000367,-0.004574,-0.000863,0.000211,0.001568,0.792591,-37.145969,0.815841,18.934395,0.837596,3.063588,-0.374403
1750016701.905997,0.211283,0.864655,0.397734,-1.267790,1.306890,0.315636,nan,0.000000,-0.000623,-0.000587,-0.003462,0.003162,0.001725,nan,3.442800,-31.515100,12.533600,0.065729,0.550872,1.162120,nan,-0.014193,0.347836,-0.021428,-2.330041,0.016211,2.676414,0.736896,-0.000799,-0.000780,-0.001566,0.000058,0.000816,-0.001010,-0.000893,0.891773,-37.197544,1.018172,19.132759,0.818370,3.156056,-0.367995
1750016701.939319,0.211295,0.864667,0.397722,-1.267820,1.306900,0.315636,nan,0.000000,-0.000599,-0.000791,-0.003402,0.002887,0.001581,nan,3.143350,-32.067800,12.803400,0.045004,0.632688,1.203800,nan,-0.014224,0.347863,-0.021458,-2.330087,0.016211,2.676403,0.736889,-0.000723,0.000198,0.001361,-0.002012,0.001156,-0.000226,-0.002636,1.141712,-37.554600,1.172897,19.454109,0.824778,3.247609,-0.360670
1750016701.972674,0.211295,0.864655,0.397699,-1.267960,1.307040,0.315708,nan,0.000000,-0.000647,-0.000407,-0.003330,0.003138,0.001581,nan,3.155330,-31.858400,12.751000,0.057220,0.572683,1.172180,nan,-0.014218,0.347869,-0.021460,-2.330077,0.016208,2.676407,0.736889,-0.000057,-0.001025,-0.000079,-0.000464,-0.000213,0.001893,0.001528,1.014759,-37.503025,1.224471,19.279549,0.844004,3.247609,-0.461378
1750016702.005991,0.211283,0.864643,0.397675,-1.268100,1.307160,0.315804,nan,-0.000036,-0.000275,-0.000551,-0.003438,0.003018,0.001773,nan,3.469280,-31.740000,12.692100,0.059722,0.563840,1.153010,nan,-0.014249,0.347852,-0.021494,-2.330078,0.016212,2.676406,0.736882,0.000596,-0.000425,-0.001298,-0.000021,0.000820,-0.000096,-0.000890,1.316272,-37.348301,1.450606,19.331123,0.844004,3.267751,-0.421095
1750016702.039322,0.211283,0.864643,0.397663,-1.268230,1.307300,0.315864,nan,0.000000,0.000000,-0.000467,-0.003450,0.003150,0.001653,nan,3.466770,-32.221100,12.217400,0.041142,0.581237,1.132650,nan,-0.014238,0.347872,-0.021472,-2.330070,0.016210,2.676413,0.736853,0.000887,0.000820,0.002486,0.000786,0.000962,0.000063,-0.000671,1.038563,-37.629978,1.069747,19.307320,0.831187,3.287892,-0.447646
1750016702.072730,0.211283,0.864631,0.397627,-1.268350,1.307420,0.315912,nan,0.000000,0.000000,-0.000755,-0.003330,0.002995,0.001701,nan,3.466770,-31.976700,12.836200,0.039937,0.545436,1.168100,nan,-0.014213,0.347842,-0.021424,-2.330045,0.016207,2.676449,0.736811,0.001780,-0.001870,0.001164,0.000587,-0.000220,0.000124,-0.001249,0.864002,-37.324497,0.891219,19.132759,0.856822,3.261342,-0.400954
1750016702.106039,0.211283,0.864631,0.397639,-1.268370,1.307420,0.315924,nan,0.000323,-0.000252,-0.000647,-0.003198,0.003294,0.001665,nan,3.444130,-32.028000,12.215600,0.021372,0.594188,1.159840,nan,-0.014208,0.347823,-0.021402,-2.330014,0.016207,2.676511,0.736718,0.000446,0.000229,0.001223,-0.000699,-0.000510,0.001383,0.000251,0.792591,-37.296726,0.716659,19.009773,0.856822,3.261342,-0.388136
1750016702.139781,0.211283,0.864607,0.397603,-1.268520,1.307550,0.315996,nan,0.000000,-0.000599,-0.000647,-0.003306,0.002971,0.001653,nan,3.478740,-31.456900,12.664800,0.084260,0.564357,1.136960,nan,-0.014156,0.347837,-0.021305,-2.330045,0.016209,2.676518,0.736690,0.000835,-0.000414,0.005106,-0.002477,0.000073,-0.000563,-0.000316,0.316517,-37.503025,0.157272,19.430305,0.837596,3.340077,-0.281020
1750016702.173642,0.211295,0.864607,0.397579,-1.268650,1.307650,0.316055,nan,0.000000,-0.000024,-0.000826,-0.003486,0.002959,0.001653,nan,3.179280,-32.096000,12.645000,0.063054,0.609045,1.159960,nan,-0.014100,0.347816,-0.021188,-2.329996,0.016208,2.676549,0.736672,0.001302,-0.002343,-0.000905,0.003080,0.001394,0.003234,-0.001473,0.193531,-37.296726,0.002547,18.862984,0.844004,3.215565,-0.254469
1750016702.207859,0.211271,0.864595,0.397555,-1.268790,1.307790,0.316127,nan,0.000000,-0.000096,-0.000587,-0.003653,0.002983,0.001593,nan,3.802140,-31.619100,12.605500,0.050353,0.574316,1.147620,nan,-0.014076,0.347664,-0.021222,-2.329666,0.016203,2.676791,0.736653,-0.001053,-0.008263,-0.001448,0.013773,-0.001147,0.009168,-0.001536,0.467274,-36.277134,0.411178,17.379219,0.850413,2.709279,-0.214186
1750016702.241601,0.211283,0.864571,0.397543,-1.268910,1.307910,0.316175,nan,0.000000,0.000048,-0.000587,-0.003438,0.002959,0.001605,nan,3.490710,-31.656700,12.174300,0.013695,0.553002,1.182000,nan,-0.014129,0.347180,-0.021302,-2.329021,0.016205,2.677116,0.736646,-0.000726,-0.017115,-0.001743,0.018992,-0.001485,0.008169,0.000009,1.014759,-33.821384,1.018172,15.355904,0.837596,2.130666,-0.200453
1750016702.275913,0.211283,0.864583,0.397543,-1.268920,1.307920,0.316187,nan,0.000000,-0.000323,-0.000407,-0.003186,0.003090,0.001521,nan,3.490710,-32.161900,12.086200,0.019799,0.540193,1.158400,nan,-0.014101,0.346761,-0.021246,-2.328775,0.016208,2.677144,0.736645,0.000693,-0.005046,0.002601,0.000371,-0.000757,0.002513,0.000899,0.542652,-32.976353,0.284225,15.526497,0.804637,2.170033,-0.194044
1750016702.309646,0.211283,0.864559,0.397495,-1.269050,1.308030,0.316259,nan,0.000000,-0.000611,-0.000443,-0.003354,0.002767,0.001509,nan,3.502700,-31.598000,12.556600,0.015713,0.577947,1.125460,nan,-0.014034,0.346837,-0.021178,-2.328830,0.016210,2.677137,0.736645,0.000568,0.006986,0.003587,-0.001899,0.000263,0.000364,0.001042,0.094349,-34.765598,-0.223588,16.169197,0.831187,2.182851,-0.194044
1750016702.344011,0.211283,0.864559,0.397483,-1.269180,1.308160,0.316295,nan,0.000000,-0.000240,-0.000731,-0.003282,0.002947,0.001593,nan,3.502710,-31.601800,12.564500,0.002047,0.538795,1.210870,nan,-0.013940,0.346880,-0.021080,-2.328859,0.016204,2.677108,0.736645,0.001238,-0.002508,0.001330,-0.000818,0.001471,-0.001261,0.000864,-0.353955,-34.587070,-0.604447,16.292183,0.850413,2.228627,-0.194044
1750016702.377828,0.211295,0.864547,0.397459,-1.269310,1.308250,0.316367,nan,0.000000,-0.000647,-0.000455,-0.003342,0.002959,0.001665,nan,3.215230,-31.899100,12.485800,-0.005993,0.607693,1.185710,nan,-0.013917,0.346815,-0.021059,-2.328872,0.016206,2.677084,0.736645,-0.002040,0.000589,-0.000209,0.001151,-0.000308,-0.001132,-0.000699,-0.230969,-33.868992,-0.402116,16.022408,0.824778,2.156300,-0.187636
1750016702.411627,0.211283,0.864535,0.397435,-1.269470,1.308370,0.316439,nan,0.000000,-0.000060,-0.000755,-0.003246,0.002815,0.001581,nan,3.514680,-32.051000,12.261200,0.059164,0.597639,1.160680,nan,-0.013963,0.346882,-0.021127,-2.328895,0.016207,2.677041,0.736641,0.000278,0.002972,0.000068,-0.002910,0.000499,-0.001520,-0.002655,0.217335,-34.714024,0.054122,16.292183,0.824778,2.202992,-0.127211
1750016702.445974,0.211295,0.864523,0.397387,-1.269580,1.308480,0.316487,nan,0.000000,0.000024,-0.000934,-0.003354,0.002839,0.001557,nan,3.215230,-31.857400,13.103900,0.044430,0.565778,1.175290,nan,-0.013949,0.346932,-0.021107,-2.329029,0.016209,2.676929,0.736641,0.001231,0.001216,0.002077,-0.002792,-0.000674,-0.002140,-0.000000,-0.004833,-34.868748,-0.350541,16.665108,0.798228,2.248769,-0.113478
1750016702.479727,0.211283,0.864511,0.397399,-1.269600,1.308510,0.316511,nan,0.000000,0.000012,-0.000587,-0.003402,0.002767,0.001449,nan,3.526660,-31.408000,12.371900,0.034843,0.562192,1.143310,nan,-0.013930,0.346952,-0.021109,-2.329031,0.016207,2.676904,0.736648,-0.001908,-0.001768,-0.002375,-0.000289,-0.001417,-0.000673,0.001248,-0.179394,-34.714024,-0.199784,16.315987,0.818370,2.215810,-0.133620
1750016702.514035,0.211295,0.864511,0.397363,-1.269720,1.308600,0.316559,nan,0.000000,-0.000228,-0.000587,-0.003018,0.002767,0.001569,nan,3.227200,-31.827200,12.857000,0.000822,0.619693,1.179480,nan,-0.013967,0.346937,-0.021143,-2.329039,0.016208,2.676873,0.736643,-0.001263,0.001057,-0.003174,0.000289,0.000248,-0.000647,-0.001198,0.241138,-34.535496,0.054122,16.391365,0.804637,2.189259,-0.094252
1750016702.548051,0.211271,0.864511,0.397351,-1.269850,1.308730,0.316630,nan,0.000431,0.000000,-0.000455,-0.003162,0.002779,0.001593,nan,3.819880,-32.098900,12.396000,0.010879,0.563524,1.130370,nan,-0.013984,0.346957,-0.021225,-2.329045,0.016208,2.676832,0.736646,0.000020,0.000738,-0.000092,-0.001713,0.000996,-0.000370,-0.000537,0.344288,-34.765598,0.105697,16.415169,0.804637,2.215810,-0.080519
1750016702.581894,0.211295,0.864499,0.397339,-1.269980,1.308830,0.316690,nan,0.000000,0.000036,-0.000443,-0.003150,0.002659,0.001377,nan,3.239180,-31.858900,12.017600,0.035191,0.593476,1.155530,nan,-0.014010,0.346999,-0.021294,-2.329096,0.016209,2.676786,0.736651,-0.000138,-0.001433,-0.003757,0.000052,0.001402,-0.000847,0.000656,0.618030,-34.741795,0.637313,16.589729,0.791819,2.215810,-0.080519
1750016702.615621,0.211283,0.864499,0.397315,-1.270120,1.308920,0.316738,nan,0.000000,0.000000,-0.000599,-0.003162,0.002911,0.001557,nan,3.538630,-32.058200,12.103500,0.068368,0.621149,1.189670,nan,-0.014028,0.347052,-0.021354,-2.329130,0.016208,2.676731,0.736656,-0.001370,0.002353,-0.002055,-0.001042,-0.000791,-0.000947,0.000862,0.717212,-35.047276,0.561935,16.736519,0.798228,2.228627,-0.094252
1750016702.649913,0.211271,0.864499,0.397327,-1.270120,1.308950,0.316762,nan,0.000000,-0.000491,-0.000347,-0.003294,0.002827,0.001461,nan,3.850070,-32.040000,11.505900,0.016502,0.634926,1.144630,nan,-0.014051,0.347065,-0.021412,-2.329139,0.016207,2.676710,0.736659,-0.000493,-0.000455,-0.000329,-0.000329,-0.000990,-0.000606,-0.001105,0.792591,-34.944126,0.764266,16.613533,0.804637,2.235036,-0.074110
1750016702.683597,0.211295,0.864487,0.397279,-1.270250,1.309040,0.316834,nan,0.000000,0.000000,-0.000695,-0.003102,0.002827,0.001485,nan,3.251160,-31.793500,12.489400,0.027512,0.649318,1.107020,nan,-0.014087,0.347059,-0.021443,-2.329150,0.016210,2.676685,0.736659,-0.002880,-0.000606,0.000922,0.001941,0.000733,-0.000217,-0.002101,0.990955,-34.793369,0.942794,16.613533,0.791819,2.242360,-0.066786
1750016702.717864,0.211283,0.864487,0.397255,-1.270370,1.309160,0.316882,nan,0.000000,0.000000,-0.000635,-0.003078,0.002779,0.001377,nan,3.550610,-32.037800,12.573900,0.001389,0.641192,1.146900,nan,-0.014146,0.347063,-0.021469,-2.329153,0.016208,2.676663,0.736664,-0.002515,-0.000806,-0.001016,-0.001223,0.000755,-0.001505,-0.001246,1.014759,-34.817173,1.018172,16.665108,0.804637,2.267995,-0.074110
1750016702.751683,0.211295,0.864475,0.397255,-1.270510,1.309260,0.316942,nan,0.000000,0.000024,-0.000587,-0.003090,0.002887,0.001521,nan,3.263140,-32.264700,11.689200,0.060439,0.688990,1.135400,nan,-0.014242,0.347054,-0.021575,-2.329151,0.016207,2.676629,0.736670,-0.001906,-0.001290,-0.004640,0.003622,-0.000485,-0.000126,0.001083,1.264698,-34.662449,1.351424,16.415169,0.818370,2.202992,-0.120802
1750016702.785647,0.211295,0.864475,0.397219,-1.270620,1.309390,0.317002,nan,0.000000,0.000000,-0.000323,-0.003042,0.002671,0.001557,nan,3.263140,-31.936000,12.204500,0.034085,0.612095,1.126420,nan,-0.014308,0.347015,-0.021637,-2.329127,0.016208,2.676631,0.736667,-0.000534,-0.000604,-0.000217,0.000567,-0.000404,-0.000173,-0.000139,1.538440,-34.202244,1.478377,16.216805,0.804637,2.170033,-0.094252
1750016702.819579,0.211295,0.864475,0.397219,-1.270620,1.309420,0.317026,nan,0.000000,0.000024,-0.000539,-0.003102,0.002707,0.001354,nan,3.263140,-31.959200,12.188000,0.010249,0.562864,1.069520,nan,-0.014298,0.347029,-0.021623,-2.329182,0.016205,2.676575,0.736667,0.000584,0.001674,-0.000254,-0.002592,-0.000630,-0.004335,0.000995,1.288502,-34.408543,1.248275,16.835701,0.831187,2.333913,-0.094252
1750016702.853990,0.211295,0.864475,0.397195,-1.270740,1.309510,0.317074,nan,0.000108,0.000000,-0.000395,-0.002959,0.002683,0.001342,nan,3.267580,-32.119300,12.282800,0.001623,0.578919,1.104140,nan,-0.014316,0.347019,-0.021636,-2.329164,0.016205,2.676529,0.736673,-0.001740,-0.001010,0.001228,0.000984,-0.001735,0.000277,-0.000453,1.490833,-34.253819,1.450606,16.466743,0.818370,2.267995,-0.140944
1750016702.887831,0.211283,0.864463,0.397160,-1.270870,1.309620,0.317110,nan,0.000000,0.000000,-0.000395,-0.002995,0.002779,0.001258,nan,3.574580,-31.834200,12.408600,0.029291,0.625398,1.166790,nan,-0.014298,0.346943,-0.021607,-2.329145,0.016209,2.676531,0.736673,0.000966,-0.002428,0.003318,0.000753,-0.000472,-0.000307,-0.001473,1.288502,-33.460361,1.145126,16.292183,0.798228,2.248769,-0.147353
1750016702.921775,0.211283,0.864475,0.397148,-1.270990,1.309730,0.317169,nan,0.000000,0.000000,-0.000431,-0.002971,0.002791,0.001473,nan,3.574580,-32.506200,12.483700,0.027611,0.622407,1.147380,nan,-0.014269,0.346942,-0.021552,-2.329131,0.016206,2.676536,0.736677,-0.001075,0.000368,0.001852,-0.000067,0.000222,0.000744,0.000296,1.014759,-33.638889,0.843612,16.193001,0.811045,2.195668,-0.180312
1750016702.955579,0.211295,0.864451,0.397124,-1.271110,1.309830,0.317241,nan,0.000000,0.000000,-0.000575,-0.002995,0.002959,0.001389,nan,3.287110,-31.691600,12.550500,0.045095,0.630799,1.107970,nan,-0.014245,0.346974,-0.021487,-2.329105,0.016207,2.676544,0.736679,0.000930,0.000931,0.002796,-0.000540,-0.000859,0.000369,-0.000304,0.816395,-33.948338,0.688888,16.022408,0.818370,2.137074,-0.194044
1750016702.989952,0.211283,0.864451,0.397100,-1.271190,1.309920,0.317277,nan,0.000000,-0.000180,-0.000551,-0.003030,0.002599,0.001342,nan,3.586560,-31.812600,12.853800,0.016706,0.627208,1.127140,nan,-0.014205,0.347011,-0.021352,-2.329161,0.016209,2.676519,0.736681,0.000905,0.002423,0.003943,-0.002948,-0.000389,-0.002406,0.001628,0.467274,-34.281590,0.157272,16.613533,0.804637,2.275319,-0.214186
1750016703.023744,0.211283,0.864451,0.397112,-1.271230,1.309940,0.317301,nan,0.000000,-0.000323,-0.000563,-0.002959,0.002743,0.001354,nan,3.586560,-31.836100,12.244000,0.011669,0.625784,1.088210,nan,-0.014070,0.347092,-0.021207,-2.329210,0.016208,2.676471,0.736678,0.006771,0.001552,0.003136,-0.000213,-0.000344,-0.000752,0.000241,0.066578,-34.714024,-0.148209,16.736519,0.804637,2.267995,-0.187636
1750016703.057521,0.211295,0.864451,0.397088,-1.271360,1.310040,0.317349,nan,0.000000,-0.000192,-0.000563,-0.002827,0.002491,0.001425,nan,3.287110,-32.116600,12.333900,0.036221,0.661365,1.126300,nan,-0.013905,0.347197,-0.021057,-2.329251,0.016207,2.676427,0.736675,0.003498,0.002506,0.003215,-0.002297,-0.000239,-0.001701,0.001118,-0.528515,-34.868748,-0.782975,17.034065,0.818370,2.399831,-0.194044
1750016703.091745,0.211283,0.864439,0.397064,-1.271480,1.310160,0.317397,nan,0.000000,0.000036,-0.000587,-0.002827,0.002611,0.001258,nan,3.598540,-31.838500,12.371900,0.037656,0.621363,1.149540,nan,-0.013874,0.347288,-0.021040,-2.329363,0.016204,2.676361,0.736673,-0.000253,0.002526,-0.002470,-0.003571,-0.000406,-0.002952,-0.001073,-0.429333,-35.202000,-0.477494,17.232430,0.818370,2.478566,-0.140944
1750016703.125991,0.211283,0.864439,0.397040,-1.271590,1.310270,0.317457,nan,0.000000,-0.000635,-0.000347,-0.002935,0.002575,0.001330,nan,3.598540,-32.022700,12.943300,0.007117,0.610216,1.131570,nan,-0.013974,0.347391,-0.021182,-2.329459,0.016208,2.676321,0.736676,-0.004230,0.001922,-0.006085,-0.002594,0.000180,-0.000705,0.000536,0.618030,-35.634434,0.510360,17.676765,0.818370,2.564626,-0.167494
1750016703.172833,0.211283,0.864439,0.397004,-1.271730,1.310360,0.317517,nan,0.000000,0.000000,-0.000587,-0.002959,0.002491,0.001401,nan,3.598540,-32.302500,13.108600,0.090722,0.634056,1.122230,nan,-0.014007,0.347435,-0.021291,-2.329464,0.016206,2.676337,0.736677,-0.000400,-0.000624,-0.000227,0.002938,-0.000601,0.002253,0.001496,0.665638,-35.507481,0.434981,17.232430,0.804637,2.459340,-0.140944
1750016703.205969,0.211295,0.864427,0.397004,-1.271830,1.310470,0.317577,nan,0.000000,-0.000048,-0.000180,-0.002863,0.002503,0.001318,nan,3.311070,-32.052400,12.353300,0.025070,0.606646,1.107260,nan,-0.013930,0.347345,-0.021186,-2.329368,0.016206,2.676360,0.736675,0.002284,-0.001460,0.004345,-0.000057,-0.001374,0.000041,0.000081,-0.230969,-34.511692,-0.477494,16.665108,0.811045,2.393422,-0.120802
1750016703.239684,0.211283,0.864427,0.396968,-1.271960,1.310580,0.317637,nan,0.000000,0.000000,-0.000323,-0.002791,0.002491,0.001318,nan,3.610520,-32.302500,12.923200,0.051656,0.609647,1.101510,nan,-0.013894,0.347365,-0.021069,-2.329381,0.016208,2.676363,0.736673,0.000400,0.001541,0.002627,-0.000648,0.000277,-0.000351,-0.001107,-0.457104,-34.971897,-0.782975,16.934883,0.804637,2.452016,-0.107069
1750016703.272815,0.211283,0.864415,0.396968,-1.272070,1.310660,0.317673,nan,0.000000,-0.000455,-0.000252,-0.002803,0.002671,0.001342,nan,3.610520,-32.044300,12.305800,0.033086,0.672540,1.165950,nan,-0.013901,0.347398,-0.021101,-2.329424,0.016209,2.676366,0.736676,-0.000049,-0.001881,-0.002005,-0.000275,0.000244,0.003328,-0.000157,-0.230969,-35.225803,-0.251359,17.331612,0.804637,2.452016,-0.086928
1750016703.305960,0.211283,0.864403,0.396932,-1.272180,1.310770,0.317744,nan,0.000000,-0.000228,-0.000635,-0.002731,0.002599,0.001198,nan,3.622500,-31.786500,13.005100,0.020866,0.648826,1.104140,nan,-0.013961,0.347264,-0.021184,-2.329359,0.016208,2.676372,0.736677,-0.001089,-0.004905,-0.005172,0.002147,-0.000941,-0.000440,-0.000682,0.391895,-33.769810,0.308028,16.665108,0.804637,2.452016,-0.060377
1750016703.339641,0.211283,0.864415,0.396932,-1.272190,1.310780,0.317768,nan,0.000000,0.000000,-0.000647,-0.002647,0.002743,0.001174,nan,3.622500,-32.343300,12.970300,0.035838,0.633016,1.041140,nan,-0.013945,0.347225,-0.021216,-2.329295,0.016207,2.676411,0.736692,0.000949,0.002311,0.001242,-0.000030,0.000406,-0.001870,0.002259,0.066578,-34.126865,-0.275163,16.565926,0.811045,2.393422,-0.107069
1750016703.372912,0.211283,0.864391,0.396920,-1.272310,1.310880,0.317792,nan,0.000000,0.000024,-0.000587,-0.002683,0.002503,0.001437,nan,3.323040,-31.592700,12.713300,0.057747,0.656992,1.131930,nan,-0.013933,0.347262,-0.021215,-2.329291,0.016207,2.676419,0.736696,0.000685,0.000700,0.001818,0.001417,-0.000526,-0.000400,0.000276,-0.032604,-34.432346,-0.275163,16.712715,0.818370,2.426381,-0.094252
1750016703.406082,0.211283,0.864403,0.396896,-1.272430,1.311000,0.317864,nan,0.000599,-0.000539,-0.000323,-0.002911,0.002599,0.001282,nan,3.592540,-32.319300,12.959100,0.085886,0.608619,1.086050,nan,-0.013961,0.347226,-0.021247,-2.329284,0.016206,2.676417,0.736699,-0.001489,-0.000478,-0.001095,-0.000423,-0.001204,-0.002196,-0.000601,0.292713,-34.023716,0.105697,16.788094,0.824778,2.439198,-0.047560
1750016703.439794,0.211295,0.864379,0.396896,-1.272520,1.311100,0.317912,nan,0.000000,0.000024,-0.000515,-0.003066,0.002527,0.001342,nan,3.335020,-31.694500,12.293600,0.037132,0.594970,1.104140,nan,-0.013985,0.347283,-0.021319,-2.329296,0.016208,2.676415,0.736709,-0.001644,0.001714,-0.001206,-0.002112,-0.000148,-0.001459,0.000873,0.542652,-34.690220,0.335799,16.911079,0.811045,2.492299,-0.086928
1750016703.472969,0.211307,0.864379,0.396860,-1.272650,1.311190,0.317960,nan,0.000000,0.000012,-0.000587,-0.002803,0.002360,0.001665,nan,3.035570,-32.059600,12.982900,0.093420,0.652723,1.136840,nan,-0.014017,0.347324,-0.021404,-2.329341,0.016207,2.676405,0.736720,-0.000491,-0.000712,-0.000988,0.001447,-0.001248,-0.001326,0.001475,0.717212,-34.765598,0.637313,17.133247,0.811045,2.511525,-0.094252
1750016703.506132,0.211295,0.864379,0.396848,-1.272740,1.311270,0.318020,nan,0.000000,-0.000647,-0.000467,-0.002635,0.002216,0.001258,nan,3.347000,-32.286000,12.828300,0.031371,0.648414,1.139480,nan,-0.014056,0.347263,-0.021456,-2.329289,0.016210,2.676415,0.736726,-0.001269,-0.001873,-0.003113,0.000661,0.001148,-0.000275,-0.000537,0.864002,-34.051487,0.891219,16.637337,0.798228,2.465749,-0.066786
1750016703.539290,0.211271,0.864367,0.396860,-1.272760,1.311310,0.318032,nan,0.000000,-0.000479,-0.000132,-0.002839,0.002503,0.001174,nan,3.957880,-31.898900,12.223200,0.072212,0.639799,1.101510,nan,-0.014157,0.347236,-0.021536,-2.329279,0.016209,2.676420,0.736741,-0.003318,-0.000588,-0.002730,0.000564,0.001704,0.000933,0.001705,1.165516,-33.868992,1.121322,16.637337,0.811045,2.459340,-0.113478
1750016703.573163,0.211283,0.864367,0.396836,-1.272860,1.311390,0.318068,nan,0.000024,-0.000443,-0.000539,-0.002875,0.002503,0.001330,nan,3.644770,-32.290100,12.475500,0.035197,0.638367,1.112890,nan,-0.014265,0.347182,-0.021640,-2.329219,0.016206,2.676456,0.736745,-0.003523,-0.001177,-0.001625,0.004328,-0.001066,0.001948,0.000496,1.415455,-33.361179,1.426803,16.216805,0.824778,2.347646,-0.107069
1750016703.606877,0.211283,0.864367,0.396824,-1.272970,1.311480,0.318128,nan,0.000000,-0.000635,-0.000335,-0.002575,0.002360,0.001401,nan,3.658430,-32.735400,12.259500,0.033637,0.684367,1.125100,nan,-0.014278,0.347085,-0.021621,-2.329081,0.016204,2.676544,0.736745,0.001653,-0.005133,0.002112,0.003982,-0.000615,0.002363,-0.000126,1.213123,-32.849400,1.045943,15.800240,0.837596,2.215810,-0.107069
1750016703.639689,0.211295,0.864343,0.396788,-1.273100,1.311580,0.318200,nan,0.000000,-0.000359,-0.000479,-0.002647,0.002276,0.001413,nan,3.658430,-32.239000,12.901300,0.087537,0.666524,1.086170,nan,-0.014228,0.346983,-0.021553,-2.328973,0.016206,2.676601,0.736745,0.000100,-0.001333,0.001520,0.000954,-0.000096,-0.000147,-0.000408,0.717212,-32.643101,0.637313,15.478889,0.824778,2.143483,-0.107069
1750016703.672944,0.211283,0.864319,0.396776,-1.273180,1.311680,0.318235,nan,0.000000,-0.000443,-0.000599,-0.002623,0.002360,0.001330,nan,3.670410,-31.577400,12.714400,0.058548,0.632628,1.121510,nan,-0.014273,0.346973,-0.021605,-2.329008,0.016206,2.676582,0.736751,-0.004151,0.002395,-0.004639,-0.000992,0.000811,0.000524,0.002328,1.316272,-32.873203,1.351424,16.093819,0.831187,2.248769,-0.153761
1750016703.706644,0.211283,0.864331,0.396776,-1.273190,1.311690,0.318235,nan,0.000000,-0.000395,-0.000216,-0.002599,0.002611,0.001354,nan,3.370950,-32.153300,12.572100,0.051121,0.632988,1.144270,nan,-0.014334,0.346998,-0.021684,-2.329024,0.016207,2.676567,0.736742,-0.000351,-0.000441,-0.001266,0.001777,-0.001439,0.000552,-0.001630,1.689197,-33.127110,1.779891,16.046211,0.818370,2.261586,-0.120802
1750016703.739625,0.211283,0.864319,0.396752,-1.273290,1.311780,0.318295,nan,0.000000,0.000048,-0.000527,-0.002527,0.002252,0.001366,nan,3.670410,-32.267600,12.761900,0.027402,0.672519,1.111090,nan,-0.014321,0.346932,-0.021654,-2.328995,0.016205,2.676573,0.736750,0.000542,-0.002217,0.000008,0.002261,0.000091,0.000139,-0.000215,1.387684,-32.286045,1.272079,15.701057,0.831187,2.176442,-0.187636
1750016703.772979,0.211283,0.864319,0.396740,-1.273400,1.311880,0.318355,nan,0.000000,-0.000443,-0.000599,-0.002611,0.002479,0.001342,nan,3.682390,-32.127200,12.427000,0.008115,0.651562,1.102700,nan,-0.014269,0.346866,-0.021574,-2.328989,0.016206,2.676567,0.736751,0.000846,-0.001331,0.000933,-0.001967,0.000238,-0.000181,-0.000538,0.915577,-32.182896,0.843612,15.748665,0.831187,2.182851,-0.200453
1750016703.806458,0.211283,0.864295,0.396716,-1.273500,1.311970,0.318403,nan,0.000000,0.000000,-0.000623,-0.002815,0.002180,0.001354,nan,3.682390,-32.098900,12.195500,0.010147,0.690498,1.134210,nan,-0.014275,0.346893,-0.021554,-2.329021,0.016207,2.676533,0.736749,-0.000421,0.000963,-0.001583,-0.000587,-0.000564,-0.000903,-0.000671,1.066334,-32.516148,1.045943,16.046211,0.811045,2.275319,-0.214186
1750016703.839748,0.211295,0.864271,0.396704,-1.273600,1.312060,0.318451,nan,0.000000,-0.000479,-0.000323,-0.002647,0.002120,0.001306,nan,3.394910,-31.328700,12.456100,-0.001599,0.663800,1.140440,nan,-0.014308,0.346862,-0.021605,-2.329016,0.016209,2.676509,0.736752,-0.000393,-0.002585,-0.000629,0.001867,-0.000579,-0.000423,0.000542,1.439258,-32.107517,1.478377,15.847847,0.837596,2.242360,-0.240736
1750016703.873574,0.211283,0.864283,0.396704,-1.273600,1.312070,0.318475,nan,0.000000,0.000048,-0.000180,-0.002695,0.002527,0.001222,nan,3.694360,-31.921400,12.407200,-0.024120,0.642483,1.079470,nan,-0.014310,0.346815,-0.021604,-2.328996,0.016208,2.676515,0.736753,-0.000676,-0.003039,0.001689,-0.000802,-0.000164,0.000416,0.000726,1.415455,-31.647312,1.375228,15.625679,0.837596,2.176442,-0.267287
1750016703.907773,0.211271,0.864271,0.396668,-1.273720,1.312160,0.318511,nan,0.000000,-0.000060,-0.000719,-0.002551,0.002372,0.001174,nan,4.005790,-31.888100,12.886900,0.024745,0.661299,1.113010,nan,-0.014289,0.346805,-0.021570,-2.328972,0.016208,2.676521,0.736750,-0.000919,0.000523,0.000526,0.001155,0.000290,0.001374,-0.002068,1.213123,-31.647312,1.172897,15.427315,0.844004,2.130666,-0.267287
1750016703.941475,0.211283,0.864283,0.396644,-1.273820,1.312250,0.318547,nan,0.000000,-0.000395,-0.000599,-0.002863,0.002372,0.001485,nan,3.694360,-32.723400,12.858200,-0.023893,0.648374,1.157320,nan,-0.014301,0.346778,-0.021582,-2.328949,0.016206,2.676527,0.736752,-0.001008,-0.001297,0.000581,0.000848,0.000151,-0.000125,0.001027,1.363880,-31.389439,1.375228,15.205147,0.850413,2.038197,-0.281020
1750016703.975725,0.211283,0.864259,0.396632,-1.273920,1.312340,0.318607,nan,0.000000,-0.000623,-0.000743,-0.002683,0.002204,0.001354,nan,3.706340,-32.126000,12.242300,-0.041511,0.677381,1.157200,nan,-0.014305,0.346672,-0.021585,-2.328866,0.016205,2.676551,0.736744,0.000371,-0.004436,0.000467,0.004300,0.000057,0.000345,-0.000668,1.415455,-30.647556,1.375228,14.637825,0.844004,1.912770,-0.260878
1750016704.009462,0.211295,0.864247,0.396597,-1.274030,1.312450,0.318679,nan,0.000000,0.000048,-0.000635,-0.002647,0.002276,0.001318,nan,3.406890,-32.593400,12.645800,-0.031811,0.623481,1.095760,nan,-0.014288,0.346496,-0.021569,-2.328769,0.016203,2.676546,0.736739,-0.000586,-0.003273,-0.002989,-0.001731,-0.000482,-0.000151,-0.002145,1.240894,-29.881870,1.375228,14.514839,0.856822,1.932912,-0.281020
1750016704.043907,0.211283,0.864247,0.396585,-1.274100,1.312520,0.318715,nan,0.000000,-0.000611,-0.000635,-0.002527,0.002192,0.001545,nan,3.706340,-32.432900,12.196600,-0.074694,0.624323,1.127980,nan,-0.014358,0.346507,-0.021658,-2.328862,0.016208,2.676474,0.736740,-0.002297,0.005105,-0.003528,-0.004480,0.000771,-0.006305,-0.001609,2.038318,-30.520603,2.113143,15.427315,0.844004,2.176442,-0.267287
1750016704.077668,0.211283,0.864223,0.396561,-1.274130,1.312530,0.318715,nan,0.000335,-0.000647,-0.000803,-0.002491,0.002240,0.001449,nan,3.682870,-31.491800,12.984300,-0.047750,0.626729,1.154810,nan,-0.014437,0.346587,-0.021754,-2.329062,0.016211,2.676356,0.736740,-0.001727,0.000587,-0.000879,-0.004392,-0.000323,-0.000341,-0.000339,2.387439,-31.056187,2.442428,15.970833,0.824778,2.222218,-0.307570
1750016704.111548,0.211283,0.864223,0.396525,-1.274220,1.312610,0.318774,nan,-0.000527,-0.000803,-0.001246,-0.002288,0.001940,0.001306,nan,3.743250,-32.511700,12.611000,-0.067039,0.641230,1.149060,nan,-0.014340,0.346443,-0.021611,-2.329016,0.016205,2.676363,0.736736,0.004044,-0.002418,0.003817,0.001624,-0.000440,-0.000693,-0.000646,1.240894,-29.393894,1.272079,15.082161,0.870555,2.156300,-0.313979
1750016704.145540,0.211283,0.864188,0.396477,-1.274320,1.312700,0.318822,nan,0.000000,-0.000946,-0.001114,-0.002372,0.002192,0.001258,nan,3.706350,-31.863200,12.437400,-0.069077,0.630093,1.116480,nan,-0.014247,0.346523,-0.021380,-2.329003,0.016204,2.676374,0.736725,0.001247,0.005388,0.006172,-0.000857,-0.000698,0.000584,-0.002019,0.689442,-30.520603,0.561935,15.105965,0.870555,2.077565,-0.281020
1750016704.179987,0.211295,0.864152,0.396453,-1.274420,1.312780,0.318870,nan,0.000000,-0.000707,-0.000803,-0.002372,0.002084,0.001377,nan,3.406900,-32.278800,11.906300,-0.084895,0.635497,1.171340,nan,-0.014164,0.346542,-0.021349,-2.329002,0.016201,2.676390,0.736724,0.003979,-0.003520,-0.000103,0.005344,-0.000546,0.002455,-0.000551,0.840198,-30.290501,0.918990,14.982979,0.876963,1.965871,-0.327711
1750016704.213888,0.211283,0.864116,0.396393,-1.274520,1.312850,0.318930,nan,0.000000,-0.000838,-0.001150,-0.002372,0.001928,0.001354,nan,3.706350,-31.916800,12.476600,-0.025966,0.642810,1.142830,nan,-0.014138,0.346369,-0.021306,-2.328795,0.016204,2.676448,0.736713,0.000068,-0.005943,-0.000318,0.009526,-0.000374,-0.000246,0.000063,0.792591,-28.525059,0.665084,13.872139,0.864146,1.676564,-0.307570
1750016704.247561,0.211271,0.864104,0.396393,-1.274520,1.312870,0.318942,nan,0.000000,-0.000946,-0.000970,-0.002372,0.002000,0.001258,nan,4.017780,-31.496600,12.352600,-0.046088,0.621965,1.119350,nan,-0.014050,0.346237,-0.021178,-2.328605,0.016207,2.676478,0.736704,0.003489,-0.002858,0.006408,0.002864,-0.000467,0.000117,-0.002858,0.193531,-28.140232,-0.021256,13.427803,0.856822,1.643605,-0.247145
1750016704.281835,0.211295,0.864080,0.396345,-1.274620,1.312950,0.318990,nan,0.000000,-0.000563,-0.000958,-0.002515,0.001893,0.001222,nan,3.406890,-31.603700,12.962400,-0.051844,0.628804,1.138400,nan,-0.013906,0.346134,-0.021084,-2.328666,0.016193,2.676437,0.736700,0.000483,-0.002574,-0.000205,-0.003659,-0.000060,-0.000314,-0.000781,-0.179394,-27.628452,-0.096635,14.169685,0.909922,1.866994,-0.247145
1750016704.315583,0.211283,0.864080,0.396321,-1.274710,1.313040,0.319050,nan,0.000000,-0.000563,-0.000803,-0.002515,0.002276,0.001270,nan,3.706350,-32.479300,12.625000,-0.053285,0.597666,1.104860,nan,-0.013978,0.346147,-0.021149,-2.328708,0.016195,2.676392,0.736705,-0.005446,0.004669,-0.003104,-0.001879,-0.000491,-0.002013,0.001901,0.717212,-28.088657,0.589706,14.217293,0.883372,1.926503,-0.287428
1750016704.349928,0.211295,0.864032,0.396273,-1.274810,1.313120,0.319098,nan,0.000000,-0.000850,-0.000779,-0.002240,0.001869,0.001162,nan,3.406890,-31.589600,12.461200,-0.053173,0.636247,1.113120,nan,-0.014021,0.346223,-0.021288,-2.328790,0.016192,2.676353,0.736705,-0.000137,0.002056,-0.005248,-0.003852,-0.001053,-0.002212,-0.000532,0.990955,-28.628208,1.196700,14.391853,0.916331,1.972279,-0.287428
1750016704.383751,0.211295,0.864020,0.396237,-1.274910,1.313200,0.319146,nan,0.000000,-0.000922,-0.000970,-0.002372,0.002036,0.001294,nan,3.706350,-32.395500,12.514300,-0.050420,0.630262,1.131930,nan,-0.014113,0.346217,-0.021464,-2.328962,0.016190,2.676296,0.736696,-0.003632,-0.001191,-0.005084,-0.001131,0.000363,-0.001956,-0.001639,1.637623,-28.219578,1.756087,14.737007,0.922740,2.018056,-0.214186
1750016704.417601,0.211295,0.864020,0.396237,-1.274910,1.313200,0.319146,nan,0.000000,-0.000922,-0.000970,-0.002372,0.002036,0.001294,nan,3.706350,-32.395500,12.514300,-0.050421,0.630263,1.131930,nan,-0.014240,0.346207,-0.021542,-2.328941,0.016190,2.676290,0.736700,-0.000641,-0.002173,-0.001233,0.002048,0.000714,0.001736,-0.000900,1.689197,-27.985508,1.779891,14.217293,0.916331,1.932912,-0.207777
1750016704.451962,0.211295,0.863972,0.396189,-1.275000,1.313280,0.319206,nan,0.000000,-0.001126,-0.000922,-0.002264,0.001881,0.001246,nan,3.394910,-32.106300,12.707700,-0.044316,0.624641,1.102220,nan,-0.014230,0.346083,-0.021528,-2.328858,0.016188,2.676312,0.736702,0.000427,-0.004134,0.000614,0.003005,0.000030,0.000487,0.001394,1.463062,-26.604893,1.553756,13.503181,0.922740,1.794667,-0.254469
1750016704.485684,0.211295,0.863936,0.396153,-1.275100,1.313370,0.319254,nan,0.000000,-0.000515,-0.000815,-0.002300,0.002120,0.001174,nan,3.394910,-31.853800,12.805800,-0.056896,0.636624,1.117320,nan,-0.014230,0.345945,-0.021533,-2.328711,0.016183,2.676334,0.736701,-0.001048,-0.002422,-0.000991,0.006310,-0.001685,-0.000447,-0.001131,1.490833,-25.811436,1.629134,12.931892,0.941966,1.689381,-0.227003
1750016704.519472,0.211283,0.863912,0.396129,-1.275180,1.313450,0.319302,nan,0.000000,-0.000527,-0.000431,-0.002360,0.001893,0.001210,nan,3.694370,-31.770900,12.681400,-0.089361,0.640345,1.114080,nan,-0.014277,0.345875,-0.021577,-2.328597,0.016190,2.676343,0.736706,-0.000953,0.000478,0.000266,-0.000463,0.000054,-0.002581,0.000425,1.863758,-25.632908,1.958419,12.737495,0.909922,1.643605,-0.260878
1750016704.553594,0.211283,0.863888,0.396093,-1.275290,1.313540,0.319349,nan,0.000000,-0.000299,-0.000707,-0.002372,0.002012,0.001066,nan,3.694370,-31.553900,13.047600,-0.048999,0.639155,1.111210,nan,-0.014298,0.345939,-0.021603,-2.328735,0.016188,2.676293,0.736701,-0.001808,0.004117,-0.001574,-0.007834,0.001013,-0.005098,0.000239,1.911365,-26.350986,2.212325,13.919746,0.935557,1.906361,-0.220595
1750016704.587860,0.211295,0.863888,0.396069,-1.275360,1.313610,0.319385,nan,0.000000,0.000012,-0.000431,-0.002515,0.002096,0.001174,nan,3.394910,-32.120700,13.238400,-0.077747,0.636880,1.118750,nan,-0.014388,0.346092,-0.021665,-2.328960,0.016191,2.676219,0.736708,-0.002720,0.005525,-0.002306,-0.004701,0.001990,-0.001380,0.000865,2.236683,-27.065098,2.367049,14.217293,0.909922,1.887135,-0.281020
1750016704.621499,0.211307,0.863888,0.396081,-1.275370,1.313620,0.319385,nan,0.000000,-0.000108,-0.000407,-0.002360,0.002048,0.001102,nan,3.095460,-32.187800,12.679300,-0.082180,0.637362,1.138160,nan,-0.014409,0.346191,-0.021727,-2.328991,0.016189,2.676218,0.736710,0.000006,0.001751,-0.002099,-0.000045,0.000039,-0.000049,0.001232,2.260486,-26.886570,2.541610,13.872139,0.929148,1.854176,-0.293837
1750016704.655764,0.211283,0.863876,0.396058,-1.275480,1.313700,0.319445,nan,-0.000240,0.000036,-0.000563,-0.002348,0.001881,0.001174,nan,3.699160,-32.286500,12.747200,-0.060742,0.649104,1.100070,nan,-0.014400,0.346162,-0.021704,-2.328981,0.016187,2.676223,0.736708,-0.000536,-0.002686,0.000970,0.000672,-0.000412,0.000610,0.003125,2.113697,-26.271641,2.188522,13.725349,0.941966,1.808400,-0.287428
1750016704.689719,0.211283,0.863852,0.396046,-1.275550,1.313790,0.319481,nan,0.000000,-0.000012,-0.000587,-0.002228,0.002012,0.001090,nan,3.382940,-31.812400,12.479900,-0.123749,0.629104,1.098030,nan,-0.014386,0.346091,-0.021701,-2.328899,0.016178,2.676243,0.736706,-0.000593,-0.002088,-0.000446,0.002270,0.000104,0.002545,0.001939,2.014515,-25.482151,2.367049,12.931892,0.981333,1.676564,-0.301161
1750016704.723987,0.211295,0.863864,0.396022,-1.275650,1.313860,0.319517,nan,0.000000,0.000000,-0.000647,-0.002240,0.002084,0.001114,nan,3.382940,-32.689400,12.736800,-0.117887,0.657145,1.161040,nan,-0.014449,0.346062,-0.021756,-2.328857,0.016179,2.676273,0.736699,-0.000139,-0.000217,0.001098,0.001685,0.000022,0.001600,-0.000715,2.684986,-25.252048,2.795516,12.709724,0.968516,1.505360,-0.281020
1750016704.757734,0.211295,0.863852,0.396010,-1.275730,1.313940,0.319553,nan,0.000000,0.000000,0.000024,-0.002456,0.002012,0.001042,nan,3.382940,-32.322900,12.784200,-0.138732,0.644933,1.173260,nan,-0.014384,0.346052,-0.021689,-2.328848,0.016173,2.676267,0.736703,0.001281,-0.000461,0.002888,-0.000843,-0.000427,0.000007,0.000977,1.863758,-25.121128,2.160751,12.931892,1.020701,1.558461,-0.313979
1750016704.791984,0.211283,0.863852,0.396010,-1.275740,1.313940,0.319553,nan,0.000000,0.000024,0.000000,-0.002527,0.002192,0.001054,nan,3.682400,-32.346100,12.768400,-0.122206,0.661827,1.181760,nan,-0.014384,0.346079,-0.021647,-2.328874,0.016150,2.676255,0.736680,-0.001822,0.000427,-0.004273,-0.003827,-0.000497,-0.002373,-0.002043,2.085926,-25.327427,2.668563,13.058846,1.093028,1.623463,-0.240736
1750016704.825822,0.211295,0.863852,0.395998,-1.275840,1.314050,0.319601,nan,0.000000,0.000000,-0.000551,-0.002348,0.002024,0.000982,nan,3.382940,-32.526500,12.925800,-0.124010,0.626146,1.172420,nan,-0.014494,0.346113,-0.021824,-2.328894,0.016142,2.676237,0.736659,-0.005163,-0.000168,-0.005978,0.000349,0.000507,-0.001459,-0.000787,3.184864,-25.454380,3.557235,12.983467,1.119578,1.689381,-0.187636
1750016704.873008,0.211283,0.863852,0.395986,-1.276030,1.314210,0.319697,nan,0.000000,0.000000,0.000048,-0.002360,0.002156,0.000934,nan,3.682400,-32.770900,12.440700,-0.121032,0.613359,1.125460,nan,-0.014615,0.346133,-0.021986,-2.329074,0.016141,2.676084,0.736646,-0.003108,0.000310,-0.001288,-0.008749,0.000634,-0.003957,-0.001731,3.633167,-25.275852,4.116622,13.995125,1.119578,1.992421,-0.194044
1750016704.906601,0.211283,0.863840,0.395974,-1.276120,1.314280,0.319745,nan,0.000000,0.000000,-0.000395,-0.002396,0.001689,0.001174,nan,3.682400,-32.363600,12.516500,-0.152297,0.639595,1.108690,nan,-0.014572,0.346127,-0.021877,-2.329095,0.016142,2.676094,0.736640,0.004734,0.000144,0.007022,0.005299,0.001278,0.002589,-0.002208,2.811939,-24.970371,2.898666,13.154060,1.119578,1.781850,-0.187636
1750016704.939481,0.211283,0.863840,0.395974,-1.276120,1.314280,0.319745,nan,0.000000,0.000000,-0.000395,-0.002396,0.001689,0.001174,nan,3.682400,-32.363600,12.516500,-0.152297,0.639595,1.108690,nan,-0.014371,0.346020,-0.021575,-2.328909,0.016136,2.676132,0.736649,0.005282,-0.002652,0.007521,0.002710,-0.002027,-0.000055,-0.000023,1.665394,-23.740513,1.906844,12.364571,1.132395,1.643605,-0.267287
1750016704.972751,0.211295,0.863828,0.395950,-1.276210,1.314370,0.319793,nan,0.000000,0.000000,0.000000,-0.002276,0.002012,0.001102,nan,3.382950,-31.874900,13.091800,-0.154934,0.604742,1.102220,nan,-0.014323,0.345940,-0.021499,-2.328822,0.016140,2.676153,0.736653,-0.001636,0.000143,-0.002242,-0.000287,-0.000631,0.000101,0.001108,2.038318,-23.256504,2.315475,12.094795,1.132395,1.597829,-0.307570
1750016705.006815,0.211283,0.863816,0.395962,-1.276310,1.314460,0.319817,nan,0.000000,0.000036,-0.000347,-0.002204,0.002000,0.001066,nan,3.682400,-31.451600,12.170800,-0.145595,0.589057,1.160080,nan,-0.014458,0.346027,-0.021674,-2.328881,0.016152,2.676142,0.736642,-0.005887,0.003838,-0.004550,-0.000656,-0.000098,0.000566,-0.002332,3.307850,-24.200718,3.458053,12.685921,1.066477,1.643605,-0.247145
1750016705.039642,0.211295,0.863840,0.395926,-1.276400,1.314520,0.319865,nan,0.000000,0.000000,-0.000275,-0.002372,0.001761,0.001090,nan,3.083500,-32.546900,12.937000,-0.120921,0.644638,1.139720,nan,-0.014507,0.345952,-0.021707,-2.328790,0.016176,2.676162,0.736644,0.004356,-0.006885,0.004058,0.004003,0.001610,0.000282,-0.001353,2.859546,-22.923252,2.950240,11.575081,0.941966,1.511769,-0.267287
1750016705.072844,0.211295,0.863828,0.395926,-1.276500,1.314610,0.319912,nan,0.000000,0.000000,-0.000575,-0.002228,0.001881,0.000886,nan,3.382950,-32.119300,12.424900,-0.125235,0.606071,1.127380,nan,-0.014314,0.345937,-0.021436,-2.328770,0.016178,2.676174,0.736651,0.006409,0.002683,0.006756,-0.001627,0.001390,-0.000723,-0.000015,1.562244,-23.050205,1.704513,11.674263,0.955699,1.498952,-0.321303
1750016705.105979,0.211295,0.863816,0.395902,-1.276560,1.314670,0.319948,nan,0.000000,0.000000,-0.000371,-0.002168,0.001881,0.001066,nan,3.382950,-31.691600,12.658100,-0.179017,0.627633,1.128460,nan,-0.014269,0.346137,-0.021436,-2.328870,0.016180,2.676156,0.736646,-0.002554,0.005001,-0.002603,-0.001105,0.000585,-0.001654,-0.001415,2.212879,-24.407017,2.414657,12.463753,0.955699,1.564870,-0.281020
1750016705.139654,0.211295,0.863828,0.395902,-1.276600,1.314670,0.319960,nan,0.000000,-0.000539,-0.000599,-0.002024,0.001976,0.000910,nan,3.382950,-31.647300,12.606700,-0.107150,0.623803,1.111330,nan,-0.014426,0.346012,-0.021618,-2.328762,0.016185,2.676195,0.736652,-0.004229,-0.009997,-0.004612,0.003018,0.000840,0.001261,0.000925,3.359424,-22.105991,3.505660,11.253731,0.903514,1.321339,-0.334120
1750016705.172861,0.211295,0.863828,0.395878,-1.276670,1.314760,0.319996,nan,0.000000,-0.000371,-0.000575,-0.002012,0.001833,0.000970,nan,3.382950,-32.319100,12.514700,-0.151833,0.636746,1.093480,nan,-0.014510,0.345687,-0.021724,-2.328594,0.016185,2.676235,0.736653,-0.001446,-0.007620,-0.002944,0.004729,-0.000198,0.001532,0.001075,3.359424,-20.622227,3.632613,10.563423,0.922740,1.222462,-0.340529
1750016705.206015,0.211271,0.863816,0.395854,-1.276760,1.314830,0.320044,nan,0.000000,0.000000,-0.000407,-0.002228,0.001797,0.000910,nan,3.993830,-31.976700,12.841000,-0.129553,0.654352,1.101270,nan,-0.014544,0.345579,-0.021736,-2.328511,0.016190,2.676278,0.736655,-0.000676,-0.001013,0.001561,-0.002110,-0.000106,0.000712,0.000821,3.458606,-20.467503,3.505660,10.587227,0.889781,1.143727,-0.360670
1750016705.239303,0.211283,0.863816,0.395842,-1.276850,1.314930,0.320068,nan,-0.000036,-0.000635,-0.000611,-0.002240,0.002024,0.000934,nan,3.672930,-32.002400,12.823400,-0.153870,0.610396,1.147020,nan,-0.014474,0.345771,-0.021665,-2.328783,0.016188,2.676222,0.736652,0.001913,0.010579,0.000361,-0.013190,-0.000345,-0.001767,-0.003131,2.760364,-22.411472,3.025619,12.166206,0.922740,1.453175,-0.327711
1750016705.272836,0.211295,0.863804,0.395818,-1.276930,1.314990,0.320116,nan,0.000000,-0.000623,-0.000910,-0.002012,0.001773,0.001018,nan,3.370960,-31.922300,12.473100,-0.140335,0.638785,1.130370,nan,-0.014563,0.346490,-0.021773,-2.329392,0.016185,2.676103,0.736662,-0.004744,0.022619,-0.002464,-0.018511,-0.000514,-0.003587,0.000353,3.906910,-25.839207,4.192000,14.340279,0.916331,1.821217,-0.380812
1750016705.305985,0.211307,0.863804,0.395806,-1.276950,1.315000,0.320128,nan,0.000000,-0.000323,-0.000934,-0.002072,0.001749,0.001090,nan,3.071500,-31.999000,12.852500,-0.085117,0.616027,1.102340,nan,-0.014661,0.347321,-0.021901,-2.330191,0.016192,2.675838,0.736661,0.000742,0.021299,0.001514,-0.022143,0.001812,-0.006426,0.001535,4.208424,-28.600437,4.370528,17.010262,0.896189,2.288136,-0.400954
1750016705.339711,0.211283,0.863804,0.395770,-1.277030,1.315060,0.320164,nan,0.000000,-0.000479,-0.000970,-0.002024,0.001773,0.000886,nan,3.670410,-32.448700,12.801900,-0.127283,0.653165,1.131690,nan,-0.014464,0.347667,-0.021541,-2.330440,0.016196,2.675809,0.736664,0.008883,0.003758,0.017057,0.003794,-0.000682,0.000626,0.001817,2.137501,-28.806736,2.009994,16.315987,0.864146,2.189259,-0.434828
1750016705.372790,0.211295,0.863780,0.395758,-1.277130,1.315140,0.320200,nan,0.000000,0.000000,0.000048,-0.002372,0.001881,0.000898,nan,3.370960,-31.752700,12.746200,-0.083566,0.646341,1.143070,nan,-0.013853,0.347692,-0.020823,-2.330131,0.016204,2.675942,0.736648,0.023599,0.000997,0.023507,0.010622,-0.002194,0.004627,-0.000181,-0.457104,-28.318760,-0.759171,14.562447,0.844004,1.761708,-0.367995
1750016705.405997,0.211283,0.863792,0.395746,-1.277230,1.315220,0.320224,nan,0.000000,0.000000,-0.000299,-0.002384,0.002036,0.000958,nan,3.670410,-32.384000,12.975100,-0.073385,0.637599,1.188470,nan,-0.013294,0.347727,-0.020197,-2.329856,0.016201,2.676071,0.736644,0.010556,0.003993,0.009140,0.004990,-0.002518,0.001363,0.000758,-2.028149,-28.830540,-2.127885,14.193489,0.864146,1.715932,-0.388136
1750016705.439684,0.211295,0.863780,0.395758,-1.277340,1.315300,0.320296,nan,0.000000,0.000000,-0.000323,-0.002384,0.001893,0.001090,nan,3.370960,-31.956400,12.384300,-0.031703,0.663475,1.128220,nan,-0.013243,0.347889,-0.020133,-2.329842,0.016208,2.676088,0.736641,-0.002523,0.006968,-0.004214,-0.002930,-0.000794,-0.000155,-0.000683,-1.302136,-30.008823,-1.620072,14.685432,0.850413,1.814809,-0.400954
1750016705.472838,0.211295,0.863780,0.395746,-1.277400,1.315340,0.320308,nan,0.000000,0.000000,-0.000228,-0.002156,0.001964,0.000826,nan,3.370950,-31.956400,12.717100,-0.082851,0.717379,1.156730,nan,-0.013438,0.348248,-0.020409,-2.329966,0.016215,2.676056,0.736637,-0.006559,0.012453,-0.004601,-0.003342,0.000226,-0.000149,0.000098,-0.032604,-32.028172,-0.552872,15.625679,0.785411,2.011647,-0.321303
1750016705.505998,0.211295,0.863780,0.395746,-1.277410,1.315380,0.320332,nan,0.000000,-0.000252,0.000000,-0.002312,0.001940,0.000850,nan,3.370950,-31.946500,12.678600,-0.099982,0.660127,1.107610,nan,-0.013448,0.348624,-0.020421,-2.330133,0.016218,2.676012,0.736636,0.002508,0.011264,0.002567,-0.008284,-0.000441,-0.002039,-0.001713,-0.754650,-33.615086,-1.187638,16.292183,0.791819,2.261586,-0.274611
1750016705.539691,0.211295,0.863780,0.395746,-1.277510,1.315460,0.320380,nan,0.000000,0.000000,0.000000,-0.002024,0.002048,0.001006,nan,3.370950,-31.997100,12.570800,-0.078424,0.650430,1.081620,nan,-0.013399,0.348921,-0.020374,-2.330379,0.016212,2.675962,0.736635,-0.000765,0.005938,-0.001593,-0.004492,0.000760,-0.000369,-0.000272,-1.254528,-34.817173,-1.568498,17.180855,0.785411,2.439198,-0.260878
1750016705.573978,0.211271,0.863780,0.395734,-1.277580,1.315520,0.320415,nan,0.000000,0.000000,0.000000,-0.002240,0.001964,0.000886,nan,3.981830,-31.997100,12.930100,-0.113642,0.705893,1.091440,nan,-0.013505,0.349042,-0.020548,-2.330389,0.016216,2.675967,0.736629,-0.003328,-0.000910,-0.006261,0.001767,0.000161,0.000115,-0.002412,-0.254772,-35.122654,-0.604447,16.859505,0.779002,2.412648,-0.180312
1750016705.607682,0.211283,0.863792,0.395734,-1.277700,1.315620,0.320439,nan,0.000000,0.000000,0.000000,-0.002144,0.001881,0.000838,nan,3.670400,-31.997100,12.840300,-0.035546,0.672237,1.142230,nan,-0.013612,0.348934,-0.020707,-2.330326,0.016214,2.675995,0.736633,-0.002719,-0.004354,-0.004973,0.002350,-0.000775,0.000450,-0.000585,-0.107983,-34.126865,-0.350541,16.438972,0.791819,2.275319,-0.173903
1750016705.641952,0.211307,0.863780,0.395734,-1.277780,1.315680,0.320475,nan,0.000000,-0.000144,0.000000,-0.002156,0.001881,0.000934,nan,3.071490,-31.959500,12.768400,0.001944,0.689489,1.132650,nan,-0.013685,0.348829,-0.020821,-2.330119,0.016214,2.676054,0.736631,-0.000279,-0.001577,-0.002136,0.008007,0.001184,0.001849,-0.000628,0.018970,-34.305393,-0.172013,15.871651,0.785411,2.143483,-0.153761
1750016705.675841,0.211283,0.863792,0.395734,-1.277780,1.315700,0.320487,nan,0.000000,0.000000,0.000000,-0.002096,0.001917,0.001030,nan,3.670400,-32.526500,12.750500,-0.036027,0.650321,1.113010,nan,-0.013788,0.348742,-0.020958,-2.330012,0.016212,2.676080,0.736632,-0.003273,-0.002291,-0.004695,-0.000828,-0.000322,0.000353,-0.001051,0.467274,-34.281590,0.284225,16.169197,0.771678,2.209401,-0.120802
1750016705.709557,0.211283,0.863780,0.395734,-1.277880,1.315780,0.320535,nan,0.000000,0.000000,0.000048,-0.002096,0.001881,0.001090,nan,3.670400,-31.976700,12.656300,-0.004407,0.670807,1.096600,nan,-0.013869,0.348671,-0.021044,-2.330019,0.016205,2.676083,0.736637,-0.001910,-0.001775,-0.001202,0.000812,-0.000794,0.001548,0.001076,0.590259,-34.460117,0.359603,16.315987,0.804637,2.255177,-0.127211
1750016705.743845,0.211283,0.863780,0.395722,-1.277950,1.315840,0.320559,nan,0.000000,0.000000,0.000000,-0.002180,0.002096,0.000862,nan,3.670400,-31.976700,13.020000,-0.040941,0.723274,1.146300,nan,-0.013848,0.348615,-0.021021,-2.329957,0.016210,2.676167,0.736639,0.002113,-0.001837,0.001476,0.003299,0.000400,0.004569,-0.000331,0.141956,-34.535496,-0.199784,15.947029,0.785411,2.156300,-0.100661
1750016705.777568,0.211295,0.863780,0.395734,-1.278030,1.315940,0.320607,nan,0.000000,0.000000,0.000000,-0.001976,0.002096,0.000970,nan,3.370950,-31.956400,12.463000,-0.064540,0.652846,1.113600,nan,-0.013815,0.348451,-0.020973,-2.329862,0.016210,2.676286,0.736642,-0.000679,-0.005345,0.000351,0.004511,-0.000259,0.001110,-0.001401,-0.179394,-34.023716,-0.529069,15.748665,0.791819,2.051015,-0.086928
1750016705.811980,0.211295,0.863780,0.395710,-1.278120,1.316000,0.320619,nan,0.000000,0.000000,0.000048,-0.002108,0.002012,0.000898,nan,3.370950,-31.956400,13.249200,-0.045975,0.695371,1.184750,nan,-0.013843,0.348274,-0.021010,-2.329718,0.016210,2.676351,0.736648,-0.002354,-0.005235,-0.000255,0.001763,0.000892,0.001505,0.001417,0.193531,-33.638889,-0.096635,15.228951,0.791819,1.972279,-0.094252
1750016705.845886,0.211295,0.863780,0.395710,-1.278130,1.316000,0.320631,nan,0.000000,0.000000,0.000000,-0.001917,0.002000,0.000862,nan,3.370950,-31.956400,13.253600,-0.027771,0.676809,1.157800,nan,-0.013853,0.348162,-0.021034,-2.329763,0.016205,2.676328,0.736646,0.001399,-0.001506,0.001458,-0.005417,-0.003410,-0.001649,-0.001614,0.241138,-33.821384,-0.172013,16.093819,0.791819,2.222218,-0.040236
1750016705.879724,0.211283,0.863780,0.395710,-1.278210,1.316090,0.320679,nan,0.000000,0.000000,0.000000,-0.002000,0.001881,0.000934,nan,3.670400,-31.956400,13.109800,-0.028374,0.688076,1.125460,nan,-0.013819,0.348172,-0.021008,-2.329845,0.016209,2.676299,0.736651,0.001752,0.000259,0.000435,-0.001148,0.001189,-0.000282,-0.000016,-0.179394,-34.432346,-0.425919,16.565926,0.791819,2.347646,-0.040236
1750016705.913580,0.211295,0.863780,0.395710,-1.278300,1.316170,0.320715,nan,0.000000,0.000000,0.000000,-0.002048,0.001761,0.001102,nan,3.370950,-31.936000,12.948100,-0.027895,0.672029,1.146780,nan,-0.013826,0.348206,-0.021016,-2.329801,0.016209,2.676330,0.736669,-0.001146,-0.000573,-0.001765,0.003472,-0.000507,0.000720,-0.000697,-0.080212,-34.840977,-0.326737,15.923225,0.798228,2.162709,-0.074110
1750016705.947930,0.211295,0.863780,0.395710,-1.278390,1.316240,0.320775,nan,0.000000,0.000000,0.000000,-0.001952,0.001749,0.000946,nan,3.370940,-31.915600,12.786400,0.028635,0.676474,1.098030,nan,-0.013822,0.348106,-0.021003,-2.329800,0.016209,2.676341,0.736675,0.000915,-0.001503,-0.000246,-0.001008,0.000045,-0.000236,-0.000549,-0.179394,-34.253819,-0.552872,16.121590,0.791819,2.235036,-0.040236
1750016705.981844,0.211295,0.863792,0.395698,-1.278480,1.316310,0.320799,nan,0.000000,0.000000,-0.000623,-0.001773,0.001761,0.000647,nan,3.370950,-32.445100,13.112000,0.039773,0.682108,1.136960,nan,-0.013795,0.348087,-0.020976,-2.329836,0.016210,2.676334,0.736683,0.001595,0.000739,0.000658,0.000956,0.001055,0.000620,-0.000880,-0.457104,-34.793369,-0.834550,16.415169,0.779002,2.294545,-0.053969
1750016706.015765,0.211295,0.863780,0.395710,-1.278540,1.316370,0.320835,nan,0.000000,0.000000,0.000000,-0.002072,0.001761,0.000803,nan,3.370950,-31.915600,12.463000,0.029830,0.673484,1.109530,nan,-0.013791,0.348089,-0.020970,-2.329838,0.016212,2.676334,0.736699,-0.000290,-0.001249,-0.000834,-0.001224,0.003290,-0.000149,0.000901,-0.457104,-34.920322,-0.834550,16.466743,0.765269,2.333913,-0.086928
1750016706.049681,0.211295,0.863792,0.395698,-1.278560,1.316400,0.320835,nan,0.000000,0.000216,0.000000,-0.001905,0.001809,0.000934,nan,3.370940,-32.450600,12.876200,0.052588,0.644259,1.129770,nan,-0.013804,0.348031,-0.020996,-2.329839,0.016207,2.676343,0.736709,-0.000329,-0.001817,0.000499,0.002627,-0.000868,0.000287,0.000856,-0.330151,-34.714024,-0.656022,16.438972,0.765269,2.333913,-0.080519
1750016706.083702,0.211283,0.863768,0.395698,-1.278630,1.316460,0.320871,nan,0.000000,0.000000,0.000000,-0.001905,0.001701,0.000970,nan,3.670400,-31.386200,12.642700,0.031026,0.675523,1.138040,nan,-0.013804,0.347957,-0.021021,-2.329820,0.016211,2.676377,0.736724,-0.000218,-0.000415,-0.000492,-0.000959,0.000524,0.002264,-0.000704,-0.330151,-34.793369,-0.552872,16.292183,0.771678,2.288136,-0.020094
1750016706.117941,0.211283,0.863804,0.395674,-1.278730,1.316540,0.320907,nan,0.000000,0.000000,0.000048,-0.001701,0.001773,0.000946,nan,3.670410,-32.913400,13.285200,0.070669,0.644627,1.161280,nan,-0.013839,0.347844,-0.021099,-2.329825,0.016206,2.676404,0.736844,-0.002195,-0.004304,-0.003371,-0.001159,-0.000357,-0.001614,0.010387,0.018970,-34.432346,-0.199784,16.367561,0.779002,2.340321,-0.027419
1750016706.151751,0.211283,0.863792,0.395686,-1.278800,1.316590,0.320955,nan,0.000000,0.000000,0.000036,-0.001833,0.001881,0.000970,nan,3.670410,-31.874900,12.567600,0.069104,0.698180,1.127980,nan,-0.013975,0.347723,-0.021347,-2.329836,0.016201,2.676402,0.736879,-0.005643,-0.003342,-0.005971,-0.001575,-0.000584,-0.000539,-0.001046,0.864002,-34.202244,0.688888,16.514351,0.798228,2.406239,-0.033827
1750016706.185912,0.211295,0.863780,0.395674,-1.278870,1.316660,0.320990,nan,0.000000,0.000000,0.000048,-0.001905,0.001845,0.001054,nan,3.370950,-31.854500,12.746200,0.066947,0.684169,1.127140,nan,-0.014105,0.347641,-0.021458,-2.329821,0.016204,2.676413,0.736883,-0.002222,-0.002229,0.000197,0.002461,-0.000373,-0.000436,0.000591,0.967151,-34.178440,0.665084,16.292183,0.765269,2.347646,-0.086928
1750016706.219595,0.211295,0.863780,0.395674,-1.278880,1.316690,0.320990,nan,0.000000,0.000000,-0.000539,-0.001905,0.001785,0.000898,nan,3.370950,-31.854500,12.745100,0.071260,0.640207,1.144510,nan,-0.014006,0.347620,-0.021307,-2.329791,0.016208,2.676501,0.736880,0.003360,0.000168,0.005843,-0.001778,0.001691,0.004506,-0.001920,-0.254772,-34.380772,-0.656022,16.093819,0.765269,2.235036,-0.074110
1750016706.253831,0.211283,0.863780,0.395650,-1.278950,1.316750,0.321026,nan,0.000000,0.000000,-0.000479,-0.001905,0.001773,0.000970,nan,3.670400,-31.854500,13.296700,0.101443,0.667640,1.148100,nan,-0.013906,0.347594,-0.021191,-2.329803,0.016200,2.676540,0.736884,0.000729,-0.000486,-0.001484,0.000095,-0.000030,0.000696,0.001067,-0.306347,-34.333164,-0.477494,16.244576,0.798228,2.255177,-0.107069
1750016706.287540,0.211295,0.863780,0.395650,-1.279050,1.316830,0.321050,nan,0.000000,-0.000228,-0.000647,-0.001928,0.001773,0.000862,nan,3.370950,-31.827200,12.862600,0.113180,0.638895,1.193740,nan,-0.014000,0.347542,-0.021299,-2.329765,0.016204,2.676567,0.736883,-0.003178,-0.002282,-0.003434,0.001573,0.000005,0.001062,0.000901,0.741016,-34.150669,0.462752,15.824043,0.791819,2.143483,-0.100661
1750016706.321808,0.211295,0.863780,0.395650,-1.279110,1.316900,0.321110,nan,0.000000,0.000000,-0.000228,-0.002036,0.001605,0.000779,nan,3.370950,-31.834200,12.267900,0.066826,0.626197,1.119830,nan,-0.014098,0.347398,-0.021455,-2.329716,0.016200,2.676596,0.736889,-0.002244,-0.002408,-0.001728,0.000906,-0.000862,0.000013,0.002151,0.891773,-33.690464,0.764266,15.800240,0.765269,2.143483,-0.147353
1750016706.355674,0.211307,0.863780,0.395626,-1.279190,1.316970,0.321134,nan,0.000000,0.000431,-0.000216,-0.001833,0.001545,0.000826,nan,3.071500,-31.885900,12.482400,0.087786,0.621049,1.158160,nan,-0.014131,0.347360,-0.021483,-2.329664,0.016199,2.676604,0.736880,-0.000040,0.000780,-0.002045,0.001118,-0.000670,0.001824,-0.001554,0.915577,-33.972141,0.792037,15.748665,0.804637,2.116933,-0.066786
1750016706.389686,0.211307,0.863780,0.395626,-1.279190,1.316970,0.321134,nan,0.000000,0.000431,-0.000216,-0.001833,0.001545,0.000826,nan,3.071500,-31.885900,12.482400,0.087786,0.621049,1.158160,nan,-0.014106,0.347430,-0.021469,-2.329737,0.016178,2.676571,0.736877,-0.003533,0.003299,-0.006488,-0.007482,-0.001445,-0.002978,-0.001568,0.618030,-34.817173,0.764266,16.637337,0.896189,2.399831,-0.047560
1750016706.423734,0.211283,0.863780,0.395614,-1.279280,1.317050,0.321170,nan,0.000000,0.000000,-0.000491,-0.001893,0.001593,0.000815,nan,3.670400,-31.813800,12.219700,0.108508,0.613386,1.164030,nan,-0.014323,0.347418,-0.021725,-2.329888,0.016187,2.676534,0.736879,-0.004843,0.000579,-0.005428,0.000788,0.001467,-0.000180,-0.001763,2.212879,-34.587070,1.906844,16.911079,0.837596,2.465749,-0.100661
1750016706.458035,0.211295,0.863792,0.395590,-1.279350,1.317110,0.321218,nan,0.000000,0.000000,-0.000515,-0.001773,0.001677,0.000958,nan,3.370950,-32.343300,12.527300,0.097247,0.638422,1.136720,nan,-0.014372,0.347415,-0.021742,-2.329883,0.016188,2.676530,0.736887,0.003693,0.001416,0.002705,0.000915,-0.000093,-0.000431,0.000755,1.562244,-34.690220,1.426803,16.811897,0.850413,2.459340,-0.167494
1750016706.491746,0.211295,0.863780,0.395566,-1.279420,1.317190,0.321254,nan,0.000000,0.000000,0.000048,-0.001821,0.001761,0.001018,nan,3.370950,-31.793500,12.907900,0.086226,0.595902,1.144750,nan,-0.014294,0.347450,-0.021606,-2.329931,0.016184,2.676523,0.736884,-0.000797,-0.001683,0.002621,-0.002649,0.000278,-0.000818,0.002086,1.014759,-35.075047,0.740462,17.232430,0.856822,2.517934,-0.161086
1750016706.526078,0.211271,0.863792,0.395566,-1.279490,1.317260,0.321290,nan,0.000000,-0.000647,-0.000539,-0.001665,0.001701,0.000743,nan,3.981840,-32.245300,12.565400,0.076046,0.582126,1.160440,nan,-0.014338,0.347392,-0.021652,-2.329907,0.016188,2.676521,0.736877,-0.002245,-0.001423,-0.000799,-0.000493,0.000069,-0.002488,-0.000276,1.590015,-34.460117,1.502181,16.835701,0.870555,2.517934,-0.161086
1750016706.572921,0.211283,0.863792,0.395554,-1.279570,1.317320,0.321326,nan,0.000000,0.000000,-0.000180,-0.001773,0.001725,0.000731,nan,3.670410,-32.302500,12.658800,0.069935,0.603452,1.163430,nan,-0.014441,0.347429,-0.021811,-2.329954,0.016185,2.676509,0.736876,-0.001914,0.002432,-0.002717,-0.000825,-0.000859,-0.000277,-0.000438,2.363636,-35.122654,2.367049,17.280037,0.876963,2.596669,-0.200453
1750016706.606352,0.211283,0.863780,0.395554,-1.279640,1.317400,0.321386,nan,0.000000,0.000048,0.000024,-0.001905,0.001689,0.000719,nan,3.670410,-31.778800,12.335100,0.055440,0.552069,1.085930,nan,-0.014451,0.347395,-0.021779,-2.329920,0.016188,2.676520,0.736866,0.001196,-0.002930,0.001751,0.000676,0.000042,0.000230,-0.001510,1.863758,-34.690220,1.859237,16.859505,0.856822,2.498708,-0.207777
1750016706.639700,0.211283,0.863792,0.395542,-1.279750,1.317460,0.321422,nan,0.000000,0.000000,0.000048,-0.001869,0.001425,0.001054,nan,3.670420,-32.282200,12.512600,0.158573,0.567639,1.075390,nan,-0.014427,0.347253,-0.021731,-2.329899,0.016186,2.676523,0.736847,-0.001132,-0.004369,-0.000531,0.000509,0.000840,0.001407,0.000391,1.713001,-34.075291,1.652938,16.712715,0.870555,2.511525,-0.240736
1750016706.672978,0.211295,0.863780,0.395530,-1.279820,1.317520,0.321446,nan,0.000000,-0.000036,0.000000,-0.001809,0.001665,0.000994,nan,3.370960,-31.748400,12.678600,0.146472,0.588246,1.124860,nan,-0.014459,0.347231,-0.021772,-2.329914,0.016187,2.676514,0.736728,-0.000986,0.002276,-0.001695,0.000777,0.000655,0.000444,-0.008993,2.113697,-34.356968,2.160751,16.982491,0.889781,2.564626,-0.240736
1750016706.706357,0.211283,0.863792,0.395518,-1.279880,1.317580,0.321482,nan,0.000000,0.000000,-0.000371,-0.001893,0.001725,0.000898,nan,3.670410,-32.261800,12.909700,0.138685,0.573276,1.120070,nan,-0.014489,0.347243,-0.021800,-2.329911,0.016184,2.676519,0.736701,-0.001104,-0.000153,-0.001432,0.000723,-0.000062,-0.001317,0.001118,2.387439,-34.432346,2.442428,16.958687,0.889781,2.550893,-0.260878
1750016706.739610,0.211283,0.863780,0.395518,-1.279880,1.317600,0.321494,nan,0.000000,-0.000551,-0.000539,-0.001773,0.001509,0.000874,nan,3.670420,-31.686600,12.888800,0.107301,0.602745,1.100190,nan,-0.014569,0.347155,-0.021896,-2.329903,0.016185,2.676503,0.736700,-0.003750,-0.002079,-0.004122,-0.004539,0.000494,-0.000527,0.000615,3.034107,-33.690464,3.152572,17.109444,0.883372,2.709279,-0.254469
1750016706.773076,0.211283,0.863792,0.395518,-1.279950,1.317670,0.321529,nan,0.000000,0.000000,0.000024,-0.001761,0.001677,0.000815,nan,3.670420,-32.261800,12.065600,0.104305,0.514828,1.109410,nan,-0.014681,0.347169,-0.022016,-2.330006,0.016186,2.676461,0.736705,-0.002583,0.001251,-0.003007,-0.001105,-0.000341,-0.000591,0.000413,3.482410,-34.126865,3.608810,17.974312,0.870555,2.879567,-0.293837
1750016706.806507,0.211283,0.863780,0.395518,-1.280020,1.317730,0.321553,nan,0.000000,0.000000,0.000048,-0.001785,0.001629,0.001006,nan,3.670410,-31.732400,12.225100,0.120352,0.558436,1.136240,nan,-0.014671,0.347107,-0.021979,-2.329922,0.016186,2.676474,0.736699,0.002047,-0.002805,0.001773,0.000981,0.000429,0.000127,0.001817,2.958729,-33.384983,3.001815,17.109444,0.909922,2.767873,-0.287428
1750016706.839733,0.211295,0.863792,0.395483,-1.280090,1.317780,0.321589,nan,0.000036,0.000000,-0.000180,-0.001593,0.001449,0.000922,nan,3.368440,-32.241400,13.215800,0.109807,0.622050,1.135640,nan,-0.014530,0.346869,-0.021710,-2.329754,0.016182,2.676534,0.736689,0.005932,-0.009649,0.009087,0.006904,-0.000813,0.000463,0.000413,1.689197,-32.079746,1.680709,16.244576,0.909922,2.531667,-0.321303
1750016706.873077,0.211283,0.863780,0.395495,-1.280160,1.317860,0.321625,nan,0.000036,0.000000,0.000048,-0.001665,0.001569,0.000719,nan,3.380420,-31.712000,12.404800,0.123459,0.548990,1.126180,nan,-0.014315,0.346687,-0.021476,-2.329594,0.016174,2.676529,0.736662,0.003480,-0.001773,0.002759,-0.001529,-0.002509,-0.000669,-0.001309,1.165516,-31.619541,1.272079,16.315987,0.968516,2.636952,-0.240736
1750016706.906623,0.211283,0.863792,0.395483,-1.280160,1.317870,0.321637,nan,-0.000527,0.000000,-0.000228,-0.001845,0.001485,0.000731,nan,3.407850,-32.241400,12.860800,0.110881,0.525394,1.095880,nan,-0.014356,0.346680,-0.021537,-2.329649,0.016175,2.676509,0.736644,-0.003821,-0.000270,-0.003611,-0.000912,0.000680,-0.001835,0.001401,2.137501,-31.849644,2.188522,16.835701,0.962107,2.767873,-0.260878
1750016706.939498,0.211295,0.863780,0.395471,-1.280240,1.317930,0.321673,nan,0.000000,0.000000,0.000024,-0.001713,0.001521,0.000910,nan,3.370960,-32.241400,12.874100,0.116749,0.533662,1.124260,nan,-0.014388,0.346716,-0.021566,-2.329704,0.016176,2.676486,0.736627,0.003014,0.000741,0.002020,0.001587,-0.001112,-0.001404,0.001467,2.189075,-32.234470,2.188522,17.280037,0.955699,2.860341,-0.227003
1750016706.973045,0.211283,0.863792,0.395447,-1.280320,1.317990,0.321709,nan,0.000108,0.000108,-0.000323,-0.001785,0.001557,0.001030,nan,3.662880,-32.234000,13.354500,0.156272,0.534748,1.092880,nan,-0.014263,0.346685,-0.021398,-2.329652,0.016177,2.676494,0.736630,0.002872,-0.001611,0.006778,0.000829,0.001634,-0.000293,0.002520,0.967151,-31.746494,0.867416,16.665108,0.949290,2.761464,-0.267287
1750016707.006485,0.211295,0.863792,0.395459,-1.280380,1.318060,0.321745,nan,0.000000,0.000000,-0.000323,-0.001785,0.001342,0.000982,nan,3.382950,-32.221100,12.474100,0.116024,0.509598,1.060300,nan,-0.013985,0.346224,-0.021609,-2.329911,0.016042,2.676170,0.736357,0.020188,-0.038677,-0.033351,-0.024895,-0.019008,-0.039466,-0.028370,-2.524060,-36.300938,-2.917374,19.354927,0.424693,3.182606,-0.421095
1750016707.039608,0.211283,0.863792,0.395435,-1.280460,1.318100,0.321769,nan,0.000000,0.000000,0.000000,-0.001689,0.001449,0.000970,nan,3.682410,-32.221100,12.858300,0.159624,0.578952,1.127980,nan,-0.013154,0.344434,-0.024168,-2.330506,0.011985,2.672326,0.735035,0.027630,-0.075471,-0.085503,-0.018510,-0.173657,-0.143047,-0.040573,-1.329907,-31.925022,-2.179459,16.613533,0.169261,2.327504,-0.260878
1750016707.073129,0.212612,0.860882,0.391973,-1.280450,1.317800,0.323170,nan,0.052249,-0.106378,-0.117302,0.009523,-0.011583,0.044020,nan,4.241310,-37.680500,18.115100,0.682829,0.644592,0.885780,nan,-0.012437,0.342152,-0.027135,-2.330873,0.006072,2.667746,0.733786,0.020440,-0.080987,-0.101228,-0.010836,-0.190601,-0.146951,-0.039991,-2.377270,-30.135777,-3.270463,15.673286,0.287364,1.992421,-0.173903
1750016707.106086,0.213055,0.859851,0.391111,-1.280280,1.317730,0.323542,nan,0.052153,-0.113733,-0.107995,0.010828,-0.011403,0.042534,nan,4.056760,-33.173300,14.636400,0.438360,0.580977,0.887696,nan,-0.011895,0.339697,-0.030872,-2.331050,-0.000704,2.662341,0.732393,0.007129,-0.064530,-0.100318,-0.005353,-0.187518,-0.148218,-0.033918,-2.226513,-30.262730,-3.726701,13.895943,0.123484,1.472401,-0.187636
1750016707.139846,0.215307,0.855108,0.386882,-1.279730,1.317260,0.325279,nan,0.047853,-0.109636,-0.105396,0.012733,-0.011858,0.042139,nan,0.908807,-28.268800,10.773300,0.238218,0.519384,0.888774,nan,-0.011441,0.337498,-0.034348,-2.331407,-0.007106,2.657241,0.731074,0.017223,-0.062571,-0.099057,-0.010958,-0.188607,-0.151495,-0.037541,-3.146923,-29.675571,-4.262284,13.328621,0.084117,1.327748,-0.161086
1750016707.173130,0.217116,0.851131,0.382618,-1.279490,1.316760,0.326944,nan,0.050033,-0.104174,-0.103072,0.012469,-0.011427,0.041648,nan,1.307800,-35.562500,13.385200,0.917869,0.575421,0.892248,nan,-0.010847,0.335476,-0.037722,-2.331923,-0.013697,2.652056,0.729703,0.014966,-0.056657,-0.103765,-0.016779,-0.191868,-0.142488,-0.041146,-3.872936,-30.441257,-5.047807,13.451607,0.215037,1.064992,-0.107069
1750016707.206513,0.219332,0.846364,0.378246,-1.278840,1.316240,0.328728,nan,0.050105,-0.114236,-0.105000,0.012110,-0.012793,0.042774,nan,-0.491166,-28.042600,11.259700,0.533423,0.616285,0.869489,nan,-0.010381,0.333408,-0.041070,-2.332150,-0.019950,2.647292,0.728364,0.016669,-0.067870,-0.095952,0.003095,-0.189365,-0.143164,-0.040880,-4.495800,-29.421665,-6.087235,11.376717,0.071299,0.321584,-0.094252
1750016707.239969,0.221009,0.842519,0.374401,-1.278550,1.315760,0.330238,nan,0.048008,-0.102150,-0.105276,0.012721,-0.013260,0.043181,nan,0.374394,-31.814300,11.769700,1.023210,0.610891,0.922912,nan,-0.009858,0.331351,-0.044403,-2.332481,-0.026364,2.641830,0.727100,0.011931,-0.053242,-0.106423,-0.028146,-0.193571,-0.171655,-0.033649,-5.118664,-29.830296,-6.241960,12.388374,0.019114,1.124501,-0.267287
1750016707.273651,0.221308,0.841968,0.373814,-1.278460,1.315680,0.330489,nan,0.048236,-0.102329,-0.111720,0.012493,-0.013463,0.043253,nan,-0.204097,-32.648000,11.810800,0.988124,0.645971,0.890571,nan,-0.009954,0.329904,-0.048402,-2.333855,-0.032729,2.636393,0.725804,-0.011809,-0.037815,-0.127047,-0.034045,-0.187895,-0.157101,-0.038792,-1.825817,-32.797825,-3.246659,15.550301,-0.033071,1.478810,-0.281020
1750016707.307413,0.223297,0.837488,0.369502,-1.277900,1.315190,0.332166,nan,0.047565,-0.113505,-0.107300,0.012901,-0.013739,0.042175,nan,-0.298121,-26.379100,11.773100,0.899303,0.570994,1.007720,nan,-0.010167,0.328646,-0.052563,-2.334586,-0.039062,2.631253,0.724424,-0.000198,-0.040178,-0.113548,-0.016994,-0.192439,-0.150341,-0.039687,-0.429333,-35.328953,-1.723222,15.379707,-0.098989,1.498952,-0.307570
1750016707.341647,0.225225,0.833080,0.365154,-1.277450,1.314660,0.333927,nan,0.048452,-0.106019,-0.106342,0.014038,-0.012613,0.043313,nan,0.215484,-29.110100,12.423800,1.166790,0.559708,0.901471,nan,-0.010123,0.326663,-0.056219,-2.334890,-0.045726,2.626196,0.722985,0.000384,-0.068283,-0.106906,-0.001621,-0.193220,-0.151378,-0.043982,-0.405529,-33.309605,-1.520890,14.292671,0.143626,1.130910,-0.247145
1750016707.375478,0.227309,0.828517,0.360626,-1.276850,1.314120,0.335712,nan,0.050620,-0.110870,-0.106007,0.013236,-0.012361,0.043828,nan,0.809392,-29.933000,12.933500,1.120260,0.545572,1.025680,nan,-0.010190,0.324404,-0.060013,-2.335043,-0.052138,2.620925,0.721539,-0.006041,-0.060645,-0.114240,-0.008670,-0.192573,-0.154144,-0.042505,1.141712,-31.976597,0.208846,13.824532,0.182994,1.288380,-0.293837
1750016707.409822,0.229274,0.824204,0.356362,-1.276310,1.313600,0.337389,nan,0.048523,-0.106606,-0.108007,0.014014,-0.012397,0.043564,nan,1.221970,-30.485400,12.611100,1.126890,0.555901,1.140440,nan,-0.010298,0.322646,-0.063825,-2.335663,-0.058429,2.615677,0.720108,-0.001542,-0.046926,-0.106980,-0.025329,-0.188240,-0.159655,-0.042303,2.411243,-33.460361,1.323653,15.478889,-0.001027,1.761708,-0.334120
1750016707.443793,0.229406,0.823929,0.356074,-1.276270,1.313570,0.337508,nan,0.048583,-0.108486,-0.107660,0.014098,-0.012493,0.041959,nan,1.122560,-30.728100,12.346400,1.127510,0.529525,1.134930,nan,-0.010177,0.321225,-0.067101,-2.336466,-0.064808,2.610496,0.718652,0.006838,-0.038535,-0.093547,-0.020809,-0.190550,-0.153137,-0.042530,1.613819,-35.634434,0.383407,16.760323,0.031931,2.051015,-0.360670
1750016707.477683,0.231310,0.819617,0.351834,-1.275700,1.313030,0.339245,nan,0.049015,-0.108582,-0.106917,0.013475,-0.013535,0.041947,nan,2.339890,-31.856900,12.064500,1.066220,0.571495,1.124980,nan,-0.009861,0.319584,-0.070252,-2.337167,-0.071284,2.605317,0.717133,0.008526,-0.053432,-0.093007,-0.015267,-0.191686,-0.150368,-0.045459,0.990955,-35.634434,-0.350541,17.625191,0.097849,2.248769,-0.340529
1750016707.511518,0.233322,0.815053,0.347474,-1.275110,1.312480,0.341018,nan,0.048991,-0.112750,-0.107528,0.013607,-0.013380,0.043181,nan,2.895090,-29.218600,10.593000,0.995955,0.538217,1.066650,nan,-0.009547,0.317613,-0.073444,-2.337375,-0.077775,2.600222,0.715538,0.007905,-0.057646,-0.094300,-0.000842,-0.184776,-0.147175,-0.044200,0.491077,-34.868748,-0.933732,16.538155,-0.040395,1.978688,-0.321303
1750016707.545773,0.235239,0.810741,0.343210,-1.274560,1.311930,0.342707,nan,0.049685,-0.105815,-0.107552,0.013751,-0.013739,0.043996,nan,4.107050,-30.417400,11.045200,1.000330,0.564689,1.159120,nan,-0.009304,0.315683,-0.076595,-2.337466,-0.084186,2.595329,0.713944,0.004202,-0.055803,-0.094472,-0.006287,-0.191688,-0.148846,-0.046321,0.268909,-34.408543,-1.290788,16.367561,0.038340,1.992421,-0.307570
1750016707.579584,0.237383,0.805926,0.338646,-1.273960,1.311340,0.344563,nan,0.049829,-0.110606,-0.107995,0.014338,-0.013595,0.042558,nan,4.686790,-25.647700,10.403100,1.007460,0.543010,1.077190,nan,-0.009144,0.313803,-0.079854,-2.337742,-0.090614,2.590343,0.712349,0.004496,-0.053032,-0.097488,-0.006528,-0.192108,-0.148159,-0.046006,0.292713,-34.356968,-1.112260,16.490547,0.084117,1.953053,-0.307570
1750016707.613569,0.238964,0.802524,0.335244,-1.273520,1.310890,0.345941,nan,0.049410,-0.106857,-0.107899,0.013811,-0.014434,0.043397,nan,4.153500,-27.299000,11.562500,1.041480,0.610316,1.011310,nan,-0.009129,0.312108,-0.083167,-2.337950,-0.096929,2.585358,0.710731,0.000315,-0.048477,-0.096554,-0.009835,-0.189437,-0.149981,-0.049145,0.864002,-34.690220,-0.656022,16.613533,0.025523,1.978688,-0.240736
1750016707.647909,0.239371,0.801614,0.334334,-1.273410,1.310760,0.346312,nan,0.050284,-0.105623,-0.108594,0.013308,-0.014458,0.041876,nan,4.765310,-26.917600,12.110800,1.066680,0.604712,0.984839,nan,-0.009107,0.310396,-0.086438,-2.338214,-0.103387,2.580301,0.709084,0.003179,-0.049588,-0.093573,-0.005730,-0.190539,-0.142999,-0.048837,0.915577,-34.610874,-0.632218,16.688911,0.012705,2.018056,-0.293837
1750016707.681576,0.241432,0.797206,0.329998,-1.272810,1.310190,0.348049,nan,0.049913,-0.110367,-0.107408,0.014757,-0.014242,0.042427,nan,3.821650,-29.240000,11.914400,1.017700,0.527792,0.993703,nan,-0.008964,0.308670,-0.089610,-2.338391,-0.109968,2.575303,0.707417,0.005940,-0.048943,-0.090449,-0.003932,-0.188828,-0.141561,-0.044648,0.590259,-34.892551,-1.060685,16.589729,0.044749,1.953053,-0.301161
1750016707.715895,0.243420,0.792965,0.325734,-1.272240,1.309620,0.349738,nan,0.051278,-0.106150,-0.107839,0.014565,-0.015344,0.041828,nan,4.711360,-30.764100,12.151700,1.041240,0.531498,0.979568,nan,-0.008854,0.306907,-0.092724,-2.338562,-0.116355,2.570450,0.705798,0.001659,-0.052308,-0.094515,-0.003300,-0.186102,-0.147176,-0.049277,0.618030,-34.408543,-1.060685,16.736519,0.052073,1.965871,-0.293837
1750016707.749629,0.245648,0.788198,0.321134,-1.271580,1.309000,0.351595,nan,0.050787,-0.108570,-0.107121,0.014829,-0.014769,0.042618,nan,2.195110,-30.066400,10.937300,0.971066,0.502720,0.941478,nan,-0.008824,0.305160,-0.095912,-2.338617,-0.122724,2.565524,0.704085,0.000095,-0.049883,-0.092440,-0.001367,-0.189357,-0.145203,-0.049540,0.792591,-34.356968,-0.886124,16.391365,0.058482,1.912770,-0.274611
1750016707.783934,0.247373,0.784401,0.317457,-1.271060,1.308480,0.353056,nan,0.050452,-0.111672,-0.108618,0.015057,-0.015045,0.042774,nan,2.183600,-27.841100,11.252000,0.965934,0.493938,0.968668,nan,-0.008818,0.303489,-0.099029,-2.338762,-0.129093,2.560621,0.702426,0.000085,-0.051016,-0.090979,-0.004286,-0.189924,-0.145008,-0.049935,0.864002,-34.150669,-0.782975,16.712715,0.084117,1.939320,-0.293837
1750016707.817404,0.247648,0.783802,0.316870,-1.270980,1.308400,0.353319,nan,0.050919,-0.112115,-0.107360,0.014709,-0.015512,0.043457,nan,2.331710,-28.439600,11.264900,0.966558,0.489932,0.897159,nan,-0.008764,0.301877,-0.102075,-2.338819,-0.135478,2.555786,0.700697,0.001684,-0.046477,-0.089622,-0.001419,-0.189937,-0.138967,-0.051810,0.590259,-34.460117,-1.060685,16.466743,0.064890,1.893544,-0.267287
1750016707.851768,0.249768,0.779322,0.312510,-1.270320,1.307760,0.355080,nan,0.050009,-0.105887,-0.107935,0.015045,-0.015536,0.041612,nan,0.731059,-27.761600,10.436400,0.884161,0.487273,0.891170,nan,-0.008695,0.300228,-0.105146,-2.338942,-0.142039,2.550867,0.698942,-0.001026,-0.047770,-0.087154,-0.001555,-0.189097,-0.142943,-0.049712,0.467274,-34.305393,-1.314591,16.859505,0.117076,1.959462,-0.293837
1750016707.885483,0.251781,0.774878,0.308246,-1.269740,1.307130,0.356781,nan,0.049949,-0.109995,-0.106438,0.015524,-0.015703,0.041768,nan,1.456850,-26.759500,10.068900,1.021740,0.497440,0.886738,nan,-0.008704,0.298631,-0.108214,-2.338934,-0.148412,2.546048,0.697187,-0.002115,-0.046164,-0.091677,0.000856,-0.187726,-0.142520,-0.054861,0.689442,-34.253819,-0.886124,16.343758,0.071299,1.854176,-0.287428
1750016707.919773,0.253841,0.770471,0.303886,-1.269050,1.306500,0.358506,nan,0.049853,-0.105611,-0.109971,0.015943,-0.016051,0.042451,nan,0.242491,-26.369300,11.608900,0.875259,0.480759,0.923032,nan,-0.008714,0.297056,-0.111280,-2.339003,-0.154789,2.541137,0.695424,-0.000432,-0.048360,-0.089638,-0.000797,-0.186135,-0.140201,-0.053672,0.741016,-34.103062,-0.834550,16.859505,0.090525,1.972279,-0.293837
1750016707.953507,0.255853,0.765943,0.299514,-1.268400,1.305850,0.360255,nan,0.049697,-0.109552,-0.108750,0.016278,-0.015512,0.042367,nan,1.260960,-26.772000,11.175900,0.907873,0.508365,0.890810,nan,-0.008696,0.295520,-0.114200,-2.338988,-0.161114,2.536454,0.693597,0.000984,-0.043636,-0.085525,0.000853,-0.189520,-0.139503,-0.053708,0.491077,-34.408543,-1.187638,16.514351,0.104258,1.887135,-0.327711
1750016707.987745,0.255853,0.765943,0.299514,-1.268400,1.305850,0.360255,nan,0.049697,-0.109552,-0.108750,0.016278,-0.015512,0.042367,nan,1.261150,-26.772000,11.176000,0.907877,0.508356,0.890810,nan,-0.008694,0.293933,-0.117124,-2.339026,-0.167542,2.531718,0.691730,-0.000206,-0.046576,-0.086195,-0.000171,-0.188475,-0.139577,-0.056285,0.415699,-34.075291,-1.290788,17.010262,0.182994,1.887135,-0.274611
1750016708.021474,0.257902,0.761667,0.295201,-1.267720,1.305210,0.362004,nan,0.051818,-0.108786,-0.108151,0.016662,-0.016362,0.043708,nan,0.921815,-29.633300,10.637200,0.849439,0.460771,0.857272,nan,-0.008727,0.292331,-0.120204,-2.338964,-0.173983,2.526872,0.689835,-0.001256,-0.043062,-0.089427,0.002923,-0.184667,-0.139994,-0.052538,0.590259,-34.075291,-0.933732,16.466743,0.097849,1.847768,-0.260878
1750016708.055740,0.260070,0.756935,0.290614,-1.267010,1.304480,0.363788,nan,0.050763,-0.106809,-0.106426,0.017117,-0.017021,0.041073,nan,2.100630,-28.363600,11.273300,0.875147,0.487331,0.977053,nan,-0.008781,0.290811,-0.123145,-2.338988,-0.180339,2.522086,0.687972,-0.002312,-0.046015,-0.085971,-0.001777,-0.186095,-0.142961,-0.055344,0.566456,-33.920567,-0.961503,17.133247,0.084117,1.959462,-0.274611
1750016708.089963,0.262142,0.752348,0.286170,-1.266280,1.303790,0.365561,nan,0.050416,-0.111241,-0.107480,0.017081,-0.017285,0.043229,nan,2.391460,-27.220900,12.069800,0.803709,0.446700,0.964117,nan,-0.008821,0.289323,-0.126016,-2.338908,-0.186759,2.517441,0.686146,0.000311,-0.042294,-0.083804,0.003237,-0.186410,-0.137436,-0.053215,0.415699,-34.051487,-1.187638,16.688911,0.077708,1.866994,-0.301161
1750016708.124015,0.264178,0.747928,0.281894,-1.265600,1.303090,0.367286,nan,0.050895,-0.104509,-0.105611,0.017009,-0.017596,0.042978,nan,2.970750,-26.623700,11.219400,0.834657,0.428165,0.976694,nan,-0.008853,0.287882,-0.128827,-2.338841,-0.193067,2.512861,0.684264,-0.002707,-0.044020,-0.083655,-0.000190,-0.182956,-0.139102,-0.053656,0.193531,-34.023716,-1.342362,17.057869,0.129893,1.860585,-0.334120
1750016708.157838,0.265879,0.744274,0.278384,-1.264960,1.302520,0.368675,nan,0.051278,-0.109756,-0.106749,0.017596,-0.017272,0.043253,nan,2.992500,-26.319900,11.142300,0.699438,0.414838,1.034310,nan,-0.008919,0.286363,-0.131681,-2.338746,-0.199433,2.508181,0.682334,-0.001616,-0.042134,-0.085332,0.005333,-0.183946,-0.139451,-0.061523,0.169727,-33.742039,-1.417741,16.760323,0.077708,1.801076,-0.267287
1750016708.191562,0.266286,0.743364,0.277534,-1.264830,1.302380,0.369023,nan,0.051746,-0.111936,-0.106845,0.017536,-0.018171,0.043684,nan,3.249700,-25.366000,10.810200,0.730280,0.399272,1.061620,nan,-0.009085,0.284968,-0.134637,-2.338590,-0.205898,2.503394,0.680381,-0.006353,-0.039532,-0.084276,0.001293,-0.185958,-0.139871,-0.058179,0.518848,-33.948338,-1.140031,16.934883,0.077708,1.854176,-0.301161
1750016708.225815,0.268287,0.739040,0.273353,-1.264100,1.301650,0.370700,nan,0.049350,-0.107480,-0.105216,0.018027,-0.018518,0.042954,nan,4.484270,-23.620000,10.681800,0.654958,0.453014,1.060300,nan,-0.009265,0.283577,-0.137494,-2.338517,-0.212229,2.498811,0.678468,-0.004595,-0.040651,-0.083141,0.004583,-0.186392,-0.134836,-0.055579,0.618030,-33.896763,-0.985307,16.982491,0.129893,1.854176,-0.281020
1750016708.272900,0.272587,0.730116,0.264525,-1.262560,1.300080,0.374233,nan,0.052488,-0.112535,-0.107336,0.018854,-0.018698,0.041181,nan,3.659490,-28.267100,12.167800,0.638217,0.477508,1.042090,nan,-0.009352,0.282210,-0.140255,-2.338351,-0.218597,2.494305,0.676479,-0.002542,-0.041253,-0.081561,0.003222,-0.186200,-0.131186,-0.058531,0.292713,-33.999912,-1.314591,17.109444,0.143626,1.834035,-0.240736
1750016708.306032,0.274527,0.726056,0.260621,-1.261860,1.299390,0.375790,nan,0.053315,-0.106534,-0.108282,0.018482,-0.018638,0.042499,nan,3.590530,-28.498500,11.822000,0.670700,0.435181,0.982922,nan,-0.009435,0.280779,-0.142971,-2.338176,-0.224903,2.489794,0.674517,-0.001616,-0.040530,-0.080488,0.006606,-0.186792,-0.130904,-0.058056,0.118152,-33.690464,-1.469315,16.982491,0.137217,1.761708,-0.293837
1750016708.339731,0.274671,0.725756,0.260345,-1.261810,1.299350,0.375910,nan,0.051698,-0.108211,-0.103443,0.019836,-0.019237,0.041361,nan,3.620520,-27.930700,11.458500,0.672990,0.428204,0.977053,nan,-0.009606,0.279410,-0.145756,-2.337936,-0.231285,2.485219,0.672485,-0.005502,-0.042119,-0.081640,0.005143,-0.186524,-0.132411,-0.060400,0.368091,-33.666660,-1.290788,16.911079,0.137217,1.794667,-0.281020
1750016708.372886,0.276887,0.721192,0.255901,-1.260980,1.298530,0.377671,nan,0.052021,-0.110187,-0.102365,0.020782,-0.019896,0.040810,nan,1.756380,-28.406300,11.470200,0.683736,0.417382,1.019930,nan,-0.009803,0.278036,-0.148613,-2.337789,-0.237705,2.480612,0.670416,-0.005651,-0.037349,-0.082030,0.007145,-0.183353,-0.130682,-0.057627,0.467274,-33.690464,-1.163834,17.081673,0.064890,1.827626,-0.307570
1750016708.406086,0.279007,0.716701,0.251601,-1.260200,1.297700,0.379420,nan,0.051422,-0.106055,-0.102138,0.021010,-0.020111,0.041672,nan,1.835100,-25.888500,11.827200,0.862591,0.449681,0.936567,nan,-0.009990,0.276756,-0.151331,-2.337534,-0.244040,2.476222,0.668384,-0.002683,-0.036266,-0.078276,0.005702,-0.184750,-0.131174,-0.058397,0.344288,-33.868992,-1.239213,17.057869,0.110667,1.775441,-0.281020
1750016708.439317,0.281091,0.712376,0.247505,-1.259370,1.296930,0.381049,nan,0.051925,-0.109349,-0.107025,0.020123,-0.020375,0.041983,nan,0.245956,-24.719400,12.034400,0.780991,0.406143,0.894643,nan,-0.010127,0.275439,-0.153984,-2.337358,-0.250358,2.471794,0.666363,-0.005420,-0.042070,-0.078475,0.004634,-0.186229,-0.128892,-0.061934,0.169727,-33.460361,-1.441544,17.256233,0.150035,1.788258,-0.293837
1750016708.472645,0.283295,0.707801,0.243049,-1.258500,1.296040,0.382846,nan,0.050212,-0.106833,-0.104342,0.020770,-0.021177,0.042439,nan,0.306542,-23.310800,12.421900,0.760162,0.486009,0.898716,nan,-0.010260,0.274198,-0.156619,-2.337074,-0.256628,2.467386,0.664299,-0.004709,-0.035927,-0.079014,0.007875,-0.187041,-0.133970,-0.061510,-0.004833,-33.821384,-1.620072,17.010262,0.097849,1.736073,-0.267287
1750016708.505949,0.283295,0.707801,0.243049,-1.258500,1.296040,0.382846,nan,0.050212,-0.106833,-0.104342,0.020770,-0.021177,0.042439,nan,0.306663,-23.310800,12.421900,0.760165,0.486003,0.898716,nan,-0.010481,0.272910,-0.159327,-2.336868,-0.263020,2.462898,0.662218,-0.007461,-0.038159,-0.079742,0.006050,-0.187074,-0.129295,-0.063260,0.217335,-33.408787,-1.393937,17.280037,0.110667,1.755299,-0.281020
1750016708.539733,0.285343,0.703441,0.238880,-1.257630,1.295190,0.384523,nan,0.051949,-0.107097,-0.101742,0.021225,-0.020962,0.042726,nan,0.511802,-25.804100,11.470200,0.758586,0.512402,0.857032,nan,-0.010762,0.271679,-0.162096,-2.336561,-0.269463,2.458504,0.660078,-0.006102,-0.034716,-0.080039,0.008493,-0.186714,-0.127404,-0.062303,0.415699,-33.638889,-1.187638,17.010262,0.104258,1.689381,-0.260878
1750016708.572968,0.287571,0.698997,0.234436,-1.256710,1.294270,0.386307,nan,0.052404,-0.112115,-0.103012,0.022327,-0.021860,0.043085,nan,0.099947,-28.378500,12.861000,0.835347,0.463689,0.811755,nan,-0.010983,0.270480,-0.164722,-2.336334,-0.275758,2.454213,0.657982,-0.004406,-0.036670,-0.075981,0.005727,-0.186362,-0.129614,-0.061585,0.292713,-33.539707,-1.366166,17.331612,0.097849,1.755299,-0.313979
1750016708.606100,0.289704,0.694565,0.230220,-1.255800,1.293400,0.387984,nan,0.053842,-0.106893,-0.102210,0.022435,-0.023106,0.042415,nan,0.359445,-28.129600,11.657000,0.840040,0.408548,0.848647,nan,-0.011165,0.269257,-0.167294,-2.336028,-0.282075,2.449925,0.655862,-0.005559,-0.036872,-0.075869,0.009685,-0.189451,-0.126914,-0.064023,0.169727,-33.591282,-1.493119,17.133247,0.182994,1.709523,-0.274611
1750016708.639802,0.291776,0.690241,0.226064,-1.254880,1.292470,0.389625,nan,0.050200,-0.112930,-0.106737,0.022016,-0.022711,0.041744,nan,1.106900,-27.038600,12.675800,0.792528,0.502252,0.871166,nan,-0.011362,0.268039,-0.169854,-2.335772,-0.288314,2.445612,0.653710,-0.009174,-0.035724,-0.077249,0.007558,-0.185063,-0.127770,-0.062142,0.094349,-33.408787,-1.620072,17.379219,0.084117,1.689381,-0.307570
1750016708.672969,0.293644,0.686252,0.222302,-1.254050,1.291660,0.391111,nan,0.050979,-0.106330,-0.104378,0.023741,-0.023549,0.042175,nan,2.130870,-25.183400,11.906600,0.877347,0.437303,0.944473,nan,-0.011641,0.266843,-0.172493,-2.335422,-0.294656,2.441381,0.651528,-0.007599,-0.033547,-0.076822,0.010653,-0.190344,-0.120566,-0.065725,0.316517,-33.460361,-1.417741,17.034065,0.137217,1.637196,-0.281020
1750016708.706104,0.293920,0.685689,0.221763,-1.253920,1.291530,0.391350,nan,0.052045,-0.103910,-0.105599,0.023573,-0.022998,0.042283,nan,2.225350,-25.433100,11.280300,0.861821,0.421643,0.890211,nan,-0.011918,0.265640,-0.175167,-2.335145,-0.301121,2.437106,0.649288,-0.005990,-0.035763,-0.077187,0.008218,-0.188174,-0.122435,-0.064362,0.292713,-33.281834,-1.290788,17.403023,0.137217,1.663747,-0.307570
1750016708.739743,0.296148,0.681102,0.217391,-1.252870,1.290530,0.393075,nan,0.054524,-0.107708,-0.105911,0.025525,-0.023166,0.041995,nan,1.983180,-25.445800,11.776300,0.846714,0.438931,0.923271,nan,-0.012166,0.264481,-0.177695,-2.334793,-0.307411,2.432952,0.647134,-0.006216,-0.032436,-0.075463,0.012807,-0.187938,-0.123110,-0.064726,0.169727,-33.206455,-1.493119,17.034065,0.090525,1.643605,-0.313979
1750016708.772880,0.298352,0.676634,0.213139,-1.251840,1.289510,0.394776,nan,0.054800,-0.106090,-0.102976,0.024903,-0.025166,0.041552,nan,3.679890,-23.766400,10.830200,0.906222,0.477433,0.957888,nan,-0.012396,0.263378,-0.180207,-2.334481,-0.313687,2.428770,0.644923,-0.006756,-0.032582,-0.072108,0.008449,-0.184191,-0.126298,-0.065440,0.018970,-33.281834,-1.647843,17.379219,0.084117,1.703114,-0.321303
1750016708.806096,0.300472,0.672322,0.208995,-1.250830,1.288540,0.396381,nan,0.053219,-0.105695,-0.103839,0.025346,-0.025525,0.041301,nan,3.314700,-24.791300,11.789000,0.909084,0.463569,1.012150,nan,-0.012640,0.262281,-0.182700,-2.334178,-0.319957,2.424620,0.642741,-0.007591,-0.032868,-0.076309,0.012030,-0.187029,-0.121186,-0.065902,-0.080212,-33.258030,-1.671647,17.331612,0.110667,1.637196,-0.301161
1750016708.839781,0.302520,0.668369,0.205090,-1.249860,1.287560,0.397950,nan,0.054261,-0.108534,-0.103383,0.025525,-0.026184,0.041552,nan,3.362140,-27.953000,12.125500,0.976302,0.477304,1.003880,nan,-0.012925,0.261178,-0.185243,-2.333829,-0.326272,2.420510,0.640534,-0.008745,-0.032511,-0.075450,0.009396,-0.186415,-0.122209,-0.065605,-0.004833,-33.333408,-1.647843,17.403023,0.143626,1.643605,-0.301161
1750016708.872967,0.302664,0.668093,0.204802,-1.249790,1.287480,0.398046,nan,0.052716,-0.108558,-0.102844,0.027047,-0.025465,0.039396,nan,3.135210,-28.459200,12.113000,0.958224,0.511782,1.064250,nan,-0.013295,0.260035,-0.187852,-2.333457,-0.332684,2.416412,0.638278,-0.010194,-0.029551,-0.074495,0.014687,-0.183808,-0.118097,-0.063710,0.316517,-33.079502,-1.366166,17.232430,0.084117,1.650014,-0.340529
1750016708.906927,0.304952,0.663542,0.200490,-1.248660,1.286410,0.399735,nan,0.056106,-0.106378,-0.101024,0.026376,-0.025489,0.039791,nan,2.661690,-28.374700,11.734400,1.031160,0.447123,1.104860,nan,-0.013619,0.259027,-0.190329,-2.333059,-0.338990,2.412398,0.636003,-0.009548,-0.030310,-0.073259,0.008777,-0.186716,-0.120732,-0.065412,0.268909,-33.154881,-1.441544,17.403023,0.090525,1.650014,-0.293837
1750016708.939539,0.307252,0.659050,0.196250,-1.247510,1.285270,0.401448,nan,0.050943,-0.109361,-0.099383,0.027190,-0.026663,0.039672,nan,1.720610,-27.507700,10.563400,1.053320,0.507510,1.068690,nan,-0.013874,0.258005,-0.192750,-2.332730,-0.345317,2.408364,0.633700,-0.005841,-0.028436,-0.072318,0.011852,-0.184030,-0.118084,-0.067312,-0.004833,-33.178684,-1.695451,17.430794,0.084117,1.637196,-0.301161
1750016708.974028,0.309420,0.654750,0.192130,-1.246450,1.284170,0.403065,nan,0.055147,-0.105084,-0.101838,0.029299,-0.027071,0.040031,nan,1.019830,-25.801300,12.545400,1.204750,0.558963,1.072280,nan,-0.014146,0.257022,-0.195162,-2.332345,-0.351569,2.404412,0.631394,-0.007828,-0.030773,-0.072251,0.009201,-0.185644,-0.119069,-0.066940,-0.056408,-33.361179,-1.822404,17.526009,0.117076,1.623463,-0.293837
1750016709.007769,0.311707,0.650186,0.187949,-1.245220,1.283040,0.404766,nan,0.054177,-0.108211,-0.097215,0.030041,-0.027394,0.040893,nan,-0.025032,-23.797100,10.314800,1.193050,0.468690,1.076590,nan,-0.014494,0.255943,-0.197646,-2.331973,-0.357887,2.400466,0.629090,-0.009567,-0.031793,-0.072900,0.013830,-0.186631,-0.116286,-0.067621,0.169727,-32.897007,-1.620072,17.403023,0.110667,1.604237,-0.321303
1750016709.041584,0.311707,0.650186,0.187949,-1.245220,1.283040,0.404766,nan,0.054177,-0.108211,-0.097215,0.030041,-0.027394,0.040893,nan,-0.025032,-23.797100,10.314800,1.193050,0.468690,1.076590,nan,-0.014863,0.254918,-0.200189,-2.331510,-0.364308,2.396529,0.626778,-0.009803,-0.030122,-0.070972,0.013620,-0.183408,-0.113622,-0.067959,0.292713,-33.051731,-1.544694,17.256233,0.064890,1.551137,-0.293837
1750016709.075562,0.313947,0.645874,0.183841,-1.244030,1.281890,0.406383,nan,0.054213,-0.104893,-0.101647,0.030281,-0.028149,0.040654,nan,-0.050738,-22.810600,10.552200,1.174870,0.533680,1.086170,nan,-0.015193,0.253928,-0.202606,-2.331148,-0.370597,2.392683,0.624484,-0.010405,-0.029086,-0.071769,0.013820,-0.183209,-0.112226,-0.067741,0.292713,-32.948582,-1.544694,17.454597,0.123484,1.584096,-0.267287
1750016709.109746,0.316139,0.641538,0.179744,-1.242710,1.280690,0.408024,nan,0.053674,-0.107660,-0.100173,0.031766,-0.030448,0.039049,nan,-0.718940,-23.863200,11.120500,1.001940,0.546560,1.024610,nan,-0.015499,0.252965,-0.204981,-2.330711,-0.376920,2.388817,0.622159,-0.008278,-0.028903,-0.069796,0.012193,-0.187726,-0.113256,-0.070360,0.094349,-33.027927,-1.747025,17.379219,0.123484,1.519093,-0.327711
1750016709.143620,0.318415,0.637154,0.175432,-1.241400,1.279420,0.409725,nan,0.054165,-0.105875,-0.103575,0.031838,-0.029778,0.039276,nan,-0.032519,-26.724500,12.541100,1.050200,0.535327,0.999332,nan,-0.015803,0.252003,-0.207328,-2.330345,-0.383180,2.384963,0.619886,-0.010622,-0.028638,-0.069576,0.011477,-0.184196,-0.114814,-0.064039,-0.032604,-32.770054,-1.850175,17.526009,0.038340,1.538319,-0.327711
1750016709.177515,0.320595,0.632913,0.171419,-1.240100,1.278240,0.411318,nan,0.056729,-0.106941,-0.100377,0.032413,-0.030065,0.039624,nan,0.160566,-28.246000,12.199600,0.966930,0.473343,0.964236,nan,-0.016139,0.251104,-0.209737,-2.329891,-0.389518,2.381203,0.617523,-0.009568,-0.024532,-0.071828,0.014687,-0.183823,-0.115477,-0.067425,-0.056408,-33.000156,-1.850175,17.256233,0.084117,1.531911,-0.293837
1750016709.211902,0.322572,0.629140,0.167886,-1.238960,1.277110,0.412731,nan,0.054788,-0.108917,-0.102773,0.032652,-0.032197,0.040199,nan,0.080618,-25.178400,11.714400,1.017730,0.523393,0.915366,nan,-0.016539,0.250179,-0.212189,-2.329512,-0.395938,2.377407,0.615077,-0.012726,-0.026324,-0.069016,0.011434,-0.185781,-0.110033,-0.070324,0.169727,-32.873203,-1.723222,17.601387,0.090525,1.564870,-0.281020
1750016709.245740,0.322835,0.628541,0.167323,-1.238770,1.276940,0.412935,nan,0.052416,-0.110654,-0.103934,0.032485,-0.031371,0.039636,nan,0.882791,-25.540100,12.052800,0.983552,0.500599,0.955492,nan,-0.016946,0.249292,-0.214575,-2.329048,-0.402242,2.373738,0.612676,-0.011811,-0.025380,-0.069332,0.012883,-0.180481,-0.110060,-0.071766,0.344288,-32.897007,-1.620072,17.403023,0.071299,1.525502,-0.287428
1750016709.279665,0.325063,0.624217,0.163298,-1.237370,1.275610,0.414516,nan,0.055147,-0.100856,-0.100173,0.034856,-0.032664,0.039181,nan,0.979726,-25.188700,10.905800,0.955608,0.510505,0.965794,nan,-0.017291,0.248407,-0.216914,-2.328628,-0.408552,2.370048,0.610268,-0.008911,-0.027384,-0.068262,0.012076,-0.183833,-0.108903,-0.071134,0.169727,-32.821629,-1.747025,17.577583,0.090525,1.519093,-0.267287
1750016709.313720,0.327411,0.619594,0.158998,-1.235830,1.274200,0.416217,nan,0.055674,-0.105947,-0.100173,0.034844,-0.033862,0.037779,nan,2.141600,-23.111700,12.217500,0.906953,0.480620,0.897878,nan,-0.017628,0.247523,-0.219197,-2.328197,-0.414817,2.366388,0.607943,-0.011668,-0.027261,-0.067485,0.014996,-0.184744,-0.107262,-0.070671,0.094349,-32.718479,-1.901749,17.379219,0.064890,1.478810,-0.281020
1750016709.347741,0.329603,0.615437,0.155165,-1.234440,1.272880,0.417750,nan,0.055327,-0.103156,-0.101000,0.035551,-0.033287,0.037767,nan,3.087620,-21.776800,10.513000,0.856764,0.476307,0.890810,nan,-0.017988,0.246695,-0.221542,-2.327753,-0.421209,2.362784,0.605552,-0.011749,-0.026132,-0.070439,0.010139,-0.185804,-0.107329,-0.068742,0.066578,-32.746250,-1.901749,17.652962,0.084117,1.498952,-0.313979
1750016709.381570,0.331747,0.611365,0.151320,-1.233030,1.271560,0.419223,nan,0.054453,-0.105432,-0.101419,0.035431,-0.034928,0.037000,nan,3.136440,-24.130600,11.305200,0.806213,0.442415,0.911413,nan,-0.018401,0.245830,-0.223959,-2.327304,-0.427652,2.359170,0.603126,-0.012634,-0.024696,-0.070101,0.014248,-0.185955,-0.100082,-0.068040,0.241138,-32.718479,-1.647843,17.502205,0.071299,1.439442,-0.321303
1750016709.415451,0.331891,0.611077,0.151056,-1.232920,1.271480,0.419319,nan,0.055974,-0.105312,-0.096748,0.036090,-0.034186,0.039037,nan,3.137410,-24.144900,10.974500,0.770881,0.449355,0.919798,nan,-0.018812,0.245040,-0.226283,-2.326843,-0.433949,2.355674,0.600736,-0.013177,-0.023810,-0.068200,0.011457,-0.183972,-0.103786,-0.071455,0.292713,-32.770054,-1.695451,17.601387,0.052073,1.492543,-0.274611
1750016709.449721,0.334202,0.606837,0.146996,-1.231390,1.269970,0.420900,nan,0.053818,-0.103743,-0.097514,0.036905,-0.035875,0.037276,nan,3.718910,-25.127400,11.474400,0.800108,0.500737,0.891409,nan,-0.019180,0.244204,-0.228590,-2.326426,-0.440281,2.352184,0.598304,-0.010111,-0.024404,-0.066949,0.013742,-0.186032,-0.101382,-0.072278,0.169727,-32.643101,-1.747025,17.601387,0.129893,1.413808,-0.301161
1750016709.483464,0.336598,0.602525,0.142959,-1.229780,1.268440,0.422457,nan,0.058765,-0.104761,-0.096568,0.039911,-0.035934,0.037623,nan,2.629330,-27.611600,11.874100,0.810297,0.484072,0.877874,nan,-0.019549,0.243437,-0.230841,-2.325970,-0.446562,2.348690,0.595907,-0.010902,-0.022057,-0.065374,0.011514,-0.186880,-0.106574,-0.072633,0.066578,-32.797825,-1.925553,17.652962,0.090525,1.433034,-0.287428
1750016709.517503,0.338838,0.598380,0.139138,-1.228240,1.266990,0.423931,nan,0.054980,-0.106582,-0.096688,0.037575,-0.035132,0.038546,nan,1.696220,-24.460900,11.471600,0.803478,0.467407,0.927583,nan,-0.019931,0.242611,-0.233112,-2.325547,-0.452937,2.345196,0.593447,-0.010641,-0.023043,-0.067062,0.013816,-0.189248,-0.102822,-0.073578,0.066578,-32.567722,-1.977128,17.676765,0.044749,1.446767,-0.267287
1750016709.551905,0.341222,0.593972,0.135102,-1.226630,1.265420,0.425476,nan,0.056166,-0.104533,-0.096915,0.039923,-0.038606,0.036414,nan,1.253220,-24.604900,11.240300,0.935245,0.483447,0.981964,nan,-0.020341,0.241830,-0.235455,-2.325027,-0.459395,2.341760,0.590949,-0.011610,-0.023744,-0.068624,0.015749,-0.186309,-0.101375,-0.072246,0.042774,-32.746250,-1.949357,17.430794,0.031931,1.406483,-0.301161
1750016709.585495,0.341222,0.593972,0.135102,-1.226630,1.265420,0.425476,nan,0.056166,-0.104533,-0.096915,0.039923,-0.038606,0.036414,nan,1.253200,-24.604900,11.240300,0.935248,0.483443,0.981964,nan,-0.020759,0.241030,-0.237739,-2.324629,-0.465737,2.338449,0.588531,-0.012509,-0.026744,-0.065754,0.011455,-0.187472,-0.094837,-0.072837,0.141956,-32.286045,-1.977128,17.748177,-0.007436,1.387257,-0.274611
1750016709.619617,0.343569,0.589708,0.131137,-1.224960,1.263850,0.426973,nan,0.058046,-0.105827,-0.094376,0.041049,-0.038342,0.036641,nan,0.174730,-22.291200,11.838000,0.901001,0.421853,1.011310,nan,-0.021220,0.240305,-0.240039,-2.324129,-0.472053,2.335129,0.586092,-0.012940,-0.019600,-0.067249,0.015411,-0.189097,-0.100006,-0.071479,0.292713,-32.619297,-1.798600,17.478401,0.064890,1.453175,-0.307570
1750016709.653441,0.345965,0.585396,0.127256,-1.223200,1.262160,0.428518,nan,0.055267,-0.101407,-0.091884,0.042858,-0.039157,0.037863,nan,-0.278397,-22.088500,10.481600,0.882916,0.473120,0.973220,nan,-0.021639,0.239571,-0.242262,-2.323721,-0.478416,2.331852,0.583679,-0.012619,-0.021585,-0.064019,0.011843,-0.192139,-0.098151,-0.072808,0.217335,-32.464573,-1.850175,17.823555,0.104258,1.413808,-0.334120
1750016709.687739,0.348181,0.581336,0.123531,-1.221510,1.260590,0.429908,nan,0.055914,-0.107073,-0.094867,0.042079,-0.041624,0.037048,nan,-0.527784,-20.940300,10.210800,0.936714,0.402898,1.081980,nan,-0.022031,0.238853,-0.244477,-2.323243,-0.484767,2.328589,0.581199,-0.011226,-0.020424,-0.067250,0.016415,-0.192123,-0.093770,-0.071922,0.018970,-32.539951,-1.977128,17.454597,0.090525,1.334157,-0.307570
1750016709.721550,0.350672,0.576844,0.119398,-1.219620,1.258760,0.431525,nan,0.058453,-0.098772,-0.092411,0.044691,-0.040163,0.035503,nan,-0.765735,-22.526900,9.971600,0.998322,0.452891,1.087370,nan,-0.022452,0.238145,-0.246740,-2.322809,-0.491250,2.325285,0.578676,-0.011882,-0.022591,-0.066354,0.010242,-0.188969,-0.097005,-0.073700,-0.004833,-32.412998,-2.000932,17.799751,0.058482,1.426625,-0.321303
1750016709.755853,0.352709,0.573286,0.115996,-1.218010,1.257260,0.432806,nan,0.057974,-0.101515,-0.091190,0.045313,-0.043026,0.035671,nan,0.345505,-26.718300,11.011400,1.007900,0.429775,1.075630,nan,-0.022897,0.237443,-0.249005,-2.322367,-0.497646,2.322150,0.576214,-0.014748,-0.020335,-0.067842,0.014437,-0.193383,-0.093300,-0.073766,0.169727,-32.389194,-1.873978,17.601387,0.077708,1.341481,-0.307570
1750016709.789643,0.352852,0.573011,0.115745,-1.217890,1.257150,0.432902,nan,0.058357,-0.100545,-0.093142,0.044738,-0.042630,0.037072,nan,0.581817,-26.631100,11.312800,1.013670,0.405676,1.067370,nan,-0.023362,0.236781,-0.251254,-2.321917,-0.504003,2.319044,0.573720,-0.012820,-0.020680,-0.066555,0.012376,-0.187527,-0.091661,-0.075450,0.292713,-32.389194,-1.850175,17.724373,-0.007436,1.327748,-0.281020
1750016709.823461,0.355296,0.568591,0.111744,-1.215910,1.255230,0.434388,nan,0.057531,-0.098772,-0.090746,0.048476,-0.045469,0.034617,nan,1.094820,-24.379900,10.863500,1.158870,0.432571,1.199730,nan,-0.023794,0.236090,-0.253471,-2.321517,-0.510329,2.315968,0.571242,-0.013703,-0.020174,-0.064630,0.015208,-0.188907,-0.091543,-0.076626,0.217335,-32.258274,-1.873978,17.724373,0.005381,1.374440,-0.267287
1750016709.857791,0.357512,0.564614,0.108175,-1.214070,1.253450,0.435765,nan,0.056345,-0.101563,-0.091621,0.047805,-0.044654,0.036246,nan,1.476980,-23.719200,10.780300,1.250430,0.455965,1.117320,nan,-0.024234,0.235471,-0.255666,-2.321024,-0.516742,2.312933,0.568778,-0.013007,-0.017831,-0.063663,0.011920,-0.194235,-0.090728,-0.071478,0.169727,-32.488377,-1.977128,17.700569,0.019114,1.275563,-0.301161
1750016709.891587,0.359955,0.560278,0.104246,-1.211950,1.251500,0.437262,nan,0.059603,-0.099910,-0.092304,0.050009,-0.043756,0.035383,nan,2.471750,-21.596200,10.069200,1.061790,0.484108,1.078510,nan,-0.024663,0.234786,-0.257880,-2.320615,-0.523275,2.309762,0.566231,-0.012221,-0.019280,-0.064606,0.012283,-0.192451,-0.090550,-0.071010,-0.004833,-32.234470,-2.028702,17.799751,0.044749,1.314931,-0.293837
1750016709.925529,0.362159,0.556361,0.100724,-1.210090,1.249740,0.438592,nan,0.057351,-0.100760,-0.092807,0.048943,-0.046379,0.033659,nan,2.820840,-21.534900,10.689400,1.160150,0.498817,1.055510,nan,-0.025110,0.234185,-0.260054,-2.320122,-0.529657,2.306771,0.563782,-0.015149,-0.016242,-0.066397,0.014642,-0.193629,-0.087217,-0.071849,-0.004833,-32.436802,-2.104081,17.502205,0.038340,1.255421,-0.313979
1750016709.972696,0.364675,0.552085,0.096879,-1.207880,1.247680,0.440029,nan,0.058106,-0.100964,-0.092783,0.050931,-0.049230,0.032628,nan,2.516060,-19.657400,10.848700,1.064110,0.482716,1.075870,nan,-0.025582,0.233579,-0.262259,-2.319720,-0.536085,2.303812,0.561342,-0.015553,-0.018272,-0.065626,0.012484,-0.191133,-0.088610,-0.071630,0.118152,-32.155125,-2.076310,17.875130,0.005381,1.308522,-0.327711
1750016710.006476,0.366987,0.548084,0.093310,-1.205710,1.245700,0.441371,nan,0.058657,-0.098053,-0.090866,0.051889,-0.049638,0.033659,nan,2.848790,-21.696800,10.568400,0.942439,0.455117,0.977892,nan,-0.026086,0.233007,-0.264473,-2.319242,-0.542465,2.300923,0.558853,-0.014175,-0.015566,-0.066201,0.016114,-0.191473,-0.085360,-0.075549,0.268909,-32.337620,-1.873978,17.676765,0.012705,1.281972,-0.267287
1750016710.039541,0.369574,0.543868,0.089453,-1.203400,1.243560,0.442784,nan,0.057711,-0.101718,-0.090483,0.052668,-0.049697,0.033120,nan,1.357020,-23.191500,9.868810,0.868546,0.454263,1.026400,nan,-0.026589,0.232433,-0.266670,-2.318796,-0.548899,2.298053,0.556338,-0.014894,-0.017362,-0.063734,0.011111,-0.187510,-0.084332,-0.075325,0.268909,-32.155125,-1.873978,17.875130,-0.020254,1.269154,-0.254469
1750016710.072697,0.371934,0.539927,0.085871,-1.201180,1.241540,0.444102,nan,0.058142,-0.098281,-0.088650,0.054177,-0.049446,0.033287,nan,0.705225,-25.782800,10.584400,0.694054,0.447157,1.008910,nan,-0.027062,0.231843,-0.268867,-2.318326,-0.555490,2.295142,0.553764,-0.014662,-0.015956,-0.062605,0.014028,-0.195886,-0.083960,-0.071114,0.193531,-32.182896,-2.000932,17.652962,0.104258,1.275563,-0.313979
1750016710.106537,0.373946,0.536489,0.082805,-1.199290,1.239710,0.445252,nan,0.060142,-0.097874,-0.088662,0.055363,-0.052728,0.032149,nan,0.541098,-23.449200,10.854900,0.754063,0.515916,0.912491,nan,-0.027504,0.231313,-0.270988,-2.317887,-0.561893,2.292361,0.551259,-0.013656,-0.014807,-0.064760,0.011855,-0.191502,-0.082703,-0.072346,0.018970,-32.309849,-2.127885,17.775948,0.025523,1.242604,-0.301161
1750016710.139634,0.374305,0.535938,0.082326,-1.198980,1.239450,0.445419,nan,0.059687,-0.101299,-0.090399,0.056549,-0.052165,0.031299,nan,-0.241662,-23.262100,10.777500,0.739369,0.436908,0.951180,nan,-0.027980,0.230725,-0.273142,-2.317482,-0.568336,2.289542,0.548833,-0.014082,-0.017659,-0.065098,0.014025,-0.188450,-0.081902,-0.072360,0.042774,-32.028172,-2.155656,17.799751,-0.001027,1.229787,-0.281020
1750016710.172799,0.376773,0.531818,0.078720,-1.196620,1.237190,0.446749,nan,0.056261,-0.097466,-0.086650,0.057531,-0.053746,0.032293,nan,0.082461,-23.416700,10.709600,0.867609,0.448269,0.886618,nan,-0.028484,0.230200,-0.275325,-2.317013,-0.574761,2.286821,0.546360,-0.014918,-0.015452,-0.064915,0.013267,-0.193973,-0.081414,-0.070259,0.141956,-32.155125,-2.052506,17.724373,-0.020254,1.189503,-0.321303
1750016710.206498,0.379156,0.527841,0.075199,-1.194210,1.234950,0.448031,nan,0.058705,-0.102677,-0.082505,0.058250,-0.055040,0.031395,nan,-0.436749,-21.060600,10.929300,0.851812,0.446810,0.832357,nan,-0.029016,0.229645,-0.277513,-2.316595,-0.581277,2.284129,0.543873,-0.015947,-0.015701,-0.064591,0.011879,-0.190600,-0.078026,-0.071520,0.241138,-31.952793,-2.000932,17.922737,-0.013845,1.203236,-0.327711
1750016710.239626,0.381492,0.523864,0.071725,-1.191850,1.232700,0.449252,nan,0.058837,-0.097275,-0.084194,0.058202,-0.056752,0.030712,nan,-0.302881,-20.548100,11.530200,0.856622,0.502719,0.895242,nan,-0.029533,0.229146,-0.279714,-2.316106,-0.587874,2.281426,0.541359,-0.015317,-0.013472,-0.061870,0.014123,-0.191871,-0.077327,-0.070973,0.217335,-32.131321,-2.028702,17.676765,-0.020254,1.170277,-0.347853
1750016710.272803,0.383708,0.520283,0.068527,-1.189610,1.230590,0.450378,nan,0.061256,-0.100173,-0.085943,0.061053,-0.056142,0.030616,nan,0.162668,-20.587200,12.136700,0.911544,0.474934,0.858829,nan,-0.030029,0.228653,-0.281825,-2.315713,-0.594335,2.278833,0.538859,-0.015237,-0.016750,-0.063066,0.011768,-0.193177,-0.076577,-0.071543,0.118152,-32.004368,-2.127885,17.974312,-0.001027,1.183095,-0.347853
1750016710.306487,0.384043,0.519756,0.068084,-1.189300,1.230290,0.450546,nan,0.058873,-0.098616,-0.084446,0.062466,-0.058621,0.029766,nan,-0.065317,-20.936900,11.858100,0.936314,0.469367,0.891769,nan,-0.030529,0.228152,-0.283965,-2.315258,-0.600827,2.276270,0.536326,-0.015008,-0.014374,-0.062931,0.014403,-0.194315,-0.076647,-0.076833,0.042774,-32.004368,-2.155656,17.724373,0.025523,1.150136,-0.293837
1750016710.339633,0.386403,0.515827,0.064706,-1.186740,1.227870,0.451732,nan,0.058561,-0.093262,-0.083883,0.063472,-0.060142,0.029047,nan,0.554998,-21.396200,11.106500,0.969411,0.501763,0.970824,nan,-0.031038,0.227686,-0.286064,-2.314818,-0.607284,2.273770,0.533795,-0.014826,-0.014640,-0.061956,0.014262,-0.191206,-0.075199,-0.073811,0.066578,-32.004368,-2.203263,17.799751,-0.013845,1.124501,-0.293837
1750016710.373193,0.388799,0.512006,0.061280,-1.184160,1.225420,0.452918,nan,0.057351,-0.097167,-0.081978,0.062885,-0.060897,0.028544,nan,1.321930,-24.755800,12.156700,1.119040,0.435971,0.939921,nan,-0.031545,0.227211,-0.288219,-2.314421,-0.613847,2.271218,0.531284,-0.014768,-0.013208,-0.063480,0.013540,-0.193594,-0.073422,-0.072190,0.066578,-31.901218,-2.179459,17.823555,-0.072439,1.130910,-0.313979
1750016710.406417,0.391123,0.508221,0.058022,-1.181620,1.222980,0.454080,nan,0.061783,-0.094148,-0.083608,0.064562,-0.062406,0.029370,nan,2.580080,-25.667800,10.811700,1.223040,0.566003,0.885660,nan,-0.032094,0.226772,-0.290418,-2.313960,-0.620510,2.268665,0.528788,-0.017056,-0.013337,-0.063491,0.013320,-0.191786,-0.072741,-0.073349,0.193531,-32.028172,-2.104081,17.775948,-0.092580,1.104359,-0.313979
1750016710.439636,0.393398,0.504568,0.054860,-1.179020,1.220610,0.455170,nan,0.060262,-0.099131,-0.082086,0.064766,-0.061364,0.027526,nan,2.374810,-24.153600,11.105900,0.979538,0.551239,0.925667,nan,-0.032640,0.226299,-0.292561,-2.313580,-0.627017,2.266226,0.526322,-0.015509,-0.014251,-0.063599,0.012452,-0.192230,-0.071187,-0.070898,0.268909,-31.798069,-2.028702,17.974312,-0.040395,1.130910,-0.307570
1750016710.472875,0.393566,0.504292,0.054632,-1.178840,1.220430,0.455242,nan,0.060082,-0.096867,-0.083847,0.064910,-0.059543,0.029143,nan,2.363450,-24.221600,11.084700,1.031290,0.561760,0.932494,nan,-0.033165,0.225880,-0.294657,-2.313113,-0.633565,2.263849,0.523857,-0.012738,-0.011086,-0.060907,0.014648,-0.197671,-0.070388,-0.071243,0.141956,-31.976597,-2.155656,17.676765,-0.020254,1.032033,-0.307570
1750016710.506087,0.396010,0.500411,0.051338,-1.176030,1.217850,0.456344,nan,0.058681,-0.092902,-0.077630,0.069677,-0.064263,0.025885,nan,2.748870,-22.701800,11.980400,0.868677,0.564315,0.980886,nan,-0.033662,0.225479,-0.296716,-2.312725,-0.640066,2.261539,0.521411,-0.014366,-0.011748,-0.061275,0.011732,-0.195895,-0.066749,-0.074605,0.018970,-31.901218,-2.306412,17.922737,-0.026662,1.077809,-0.281020
1750016710.539661,0.398537,0.496494,0.048032,-1.173070,1.215140,0.457446,nan,0.061041,-0.095945,-0.077858,0.070360,-0.065185,0.025645,nan,1.876200,-20.931700,12.036500,0.790009,0.534683,0.963158,nan,-0.034194,0.225075,-0.298824,-2.312321,-0.646672,2.259231,0.518930,-0.017436,-0.010908,-0.062535,0.013143,-0.192744,-0.066919,-0.069591,-0.004833,-31.798069,-2.330216,17.898933,-0.053213,1.058583,-0.313979
1750016710.572939,0.400945,0.492721,0.044810,-1.170240,1.212510,0.458512,nan,0.057819,-0.090699,-0.078960,0.068779,-0.064934,0.026160,nan,1.478220,-21.113300,12.818200,0.742600,0.524943,0.996817,nan,-0.034767,0.224714,-0.301016,-2.311857,-0.653424,2.256919,0.516420,-0.016233,-0.012606,-0.064125,0.009048,-0.196454,-0.066537,-0.068335,0.141956,-31.925022,-2.203263,17.898933,-0.053213,1.052174,-0.334120
1750016710.606198,0.403364,0.489008,0.041660,-1.167390,1.209850,0.459578,nan,0.059172,-0.095442,-0.074971,0.071713,-0.067293,0.026052,nan,1.084560,-20.910600,12.459000,0.747925,0.497920,0.977772,nan,-0.035355,0.224310,-0.303139,-2.311486,-0.659999,2.254668,0.513941,-0.018053,-0.010844,-0.061452,0.013119,-0.193607,-0.066641,-0.074396,0.241138,-31.722691,-2.127885,17.974312,-0.079763,1.077809,-0.307570
1750016710.639899,0.405377,0.485846,0.039025,-1.164930,1.207510,0.460428,nan,0.060166,-0.091046,-0.078505,0.072013,-0.068084,0.024364,nan,0.799208,-21.519600,12.202000,0.813923,0.599260,0.987474,nan,-0.035913,0.223942,-0.305267,-2.311033,-0.666581,2.252463,0.511464,-0.013568,-0.010535,-0.060377,0.012834,-0.193679,-0.065008,-0.071464,0.169727,-31.798069,-2.203263,17.823555,-0.092580,1.032033,-0.274611
1750016710.674127,0.405724,0.485319,0.038570,-1.164540,1.207130,0.460572,nan,0.059723,-0.092016,-0.079355,0.072528,-0.068623,0.026041,nan,0.794257,-21.321700,12.619900,0.859134,0.541309,1.010950,nan,-0.036464,0.223582,-0.307336,-2.310643,-0.673174,2.250287,0.509059,-0.016454,-0.010244,-0.061519,0.008389,-0.199244,-0.063296,-0.073952,0.193531,-31.671116,-2.155656,18.021919,-0.001027,1.025624,-0.281020
1750016710.707582,0.408323,0.481534,0.035360,-1.161340,1.204150,0.461590,nan,0.057256,-0.092004,-0.074420,0.075127,-0.070839,0.023465,nan,0.079837,-23.746300,12.786200,0.892131,0.469928,1.105700,nan,-0.037003,0.223220,-0.309424,-2.310247,-0.679811,2.248152,0.506612,-0.015056,-0.010134,-0.062150,0.013848,-0.200307,-0.063432,-0.070609,0.066578,-31.774265,-2.254838,17.775948,-0.040395,1.019215,-0.293837
1750016710.741327,0.410695,0.477880,0.032365,-1.158240,1.201230,0.462560,nan,0.059891,-0.090064,-0.071474,0.076888,-0.072288,0.023549,nan,0.266351,-25.038000,12.449000,0.923424,0.524611,1.119230,nan,-0.037494,0.222956,-0.311247,-2.309900,-0.685671,2.246320,0.504439,-0.016522,-0.009026,-0.058595,0.010267,-0.193610,-0.060914,-0.072933,0.018970,-31.798069,-2.409562,17.974312,-0.066030,1.025624,-0.347853
1750016710.774700,0.413019,0.474359,0.029478,-1.155270,1.198440,0.463459,nan,0.059531,-0.089094,-0.070971,0.075953,-0.072911,0.023753,nan,0.099666,-23.505100,11.684900,1.013300,0.476140,1.186190,nan,-0.038112,0.222579,-0.313569,-2.309503,-0.693010,2.244066,0.501781,-0.016098,-0.010319,-0.063372,0.011525,-0.194971,-0.060685,-0.071577,-0.004833,-31.722691,-2.357987,17.946541,-0.079763,0.992665,-0.307570
1750016710.808427,0.415247,0.470933,0.026687,-1.152390,1.195680,0.464345,nan,0.059903,-0.089010,-0.073019,0.078133,-0.070324,0.022986,nan,1.690310,-23.413300,11.887100,1.212880,0.450232,1.176610,nan,-0.038722,0.222255,-0.315660,-2.309095,-0.699632,2.242064,0.499346,-0.019087,-0.010467,-0.062989,0.012399,-0.198240,-0.058165,-0.072140,0.193531,-31.671116,-2.282609,17.799751,-0.092580,0.946889,-0.293837
1750016710.842674,0.415582,0.470418,0.026292,-1.151950,1.195250,0.464477,nan,0.056992,-0.087441,-0.072755,0.078720,-0.074181,0.022675,nan,1.749930,-23.275800,11.234300,1.237240,0.514595,1.181160,nan,-0.039342,0.221941,-0.317787,-2.308760,-0.706311,2.240086,0.496904,-0.019121,-0.009776,-0.061290,0.007647,-0.198522,-0.059210,-0.071503,0.292713,-31.544163,-2.179459,18.121101,-0.111806,1.032033,-0.321303
1750016710.876799,0.417990,0.466765,0.023345,-1.148600,1.192140,0.465399,nan,0.058405,-0.087057,-0.072156,0.081978,-0.075929,0.021489,nan,1.854510,-19.717600,11.503700,1.095470,0.583744,1.126900,nan,-0.039950,0.221629,-0.319920,-2.308363,-0.713159,2.238155,0.494401,-0.016995,-0.008321,-0.061063,0.011346,-0.199175,-0.055396,-0.072186,0.193531,-31.567966,-2.203263,17.847359,-0.157583,0.933156,-0.307570
1750016710.910721,0.420325,0.463267,0.020519,-1.145250,1.189060,0.466237,nan,0.058921,-0.088626,-0.069617,0.080098,-0.076241,0.021333,nan,2.692370,-21.484100,11.993600,0.951885,0.606915,1.198890,nan,-0.040522,0.221371,-0.321976,-2.307996,-0.719831,2.236256,0.491986,-0.017341,-0.007322,-0.059902,0.009718,-0.200513,-0.053482,-0.072129,0.118152,-31.671116,-2.357987,17.974312,-0.079763,0.920338,-0.313979
1750016710.944968,0.422721,0.459745,0.017764,-1.141970,1.186000,0.467112,nan,0.061101,-0.086925,-0.068886,0.083524,-0.076456,0.021824,nan,3.030100,-19.020700,11.388500,0.887481,0.620506,1.130730,nan,-0.041089,0.221093,-0.324033,-2.307675,-0.726541,2.234392,0.489615,-0.018572,-0.008150,-0.061423,0.009708,-0.198745,-0.055017,-0.070391,0.042774,-31.492588,-2.433366,18.121101,-0.092580,0.920338,-0.334120
1750016710.978683,0.424973,0.456403,0.015045,-1.138680,1.182960,0.467902,nan,0.057842,-0.087153,-0.069892,0.082901,-0.077044,0.019776,nan,3.928440,-20.764900,11.532800,0.783055,0.614832,1.141150,nan,-0.041687,0.220848,-0.326116,-2.307252,-0.733265,2.232563,0.487230,-0.017125,-0.007315,-0.061218,0.012488,-0.205005,-0.050817,-0.069605,0.042774,-31.567966,-2.409562,17.847359,-0.066030,0.848012,-0.281020
1750016711.012931,0.425128,0.456176,0.014853,-1.138450,1.182750,0.467950,nan,0.058944,-0.085895,-0.066922,0.080349,-0.078026,0.019800,nan,4.006850,-21.099100,11.660600,0.795640,0.636140,1.156730,nan,-0.042316,0.220612,-0.328238,-2.306915,-0.740030,2.230718,0.484863,-0.017192,-0.007467,-0.061198,0.009743,-0.199349,-0.055256,-0.069781,0.141956,-31.516392,-2.330216,18.069527,-0.111806,0.920338,-0.254469
1750016711.046788,0.427632,0.452582,0.012074,-1.134860,1.179430,0.468777,nan,0.057196,-0.082338,-0.067066,0.087644,-0.082206,0.018638,nan,3.697150,-19.958100,11.727100,0.734216,0.581602,1.087850,nan,-0.042983,0.220362,-0.330397,-2.306541,-0.746922,2.228923,0.482475,-0.019123,-0.006694,-0.062442,0.011085,-0.199240,-0.051071,-0.069110,0.241138,-31.516392,-2.203263,17.922737,-0.125539,0.887379,-0.293837
1750016711.080930,0.430063,0.449336,0.009391,-1.131400,1.176150,0.469543,nan,0.060633,-0.084158,-0.067329,0.086734,-0.083272,0.018997,nan,3.061190,-25.135800,12.595200,0.892870,0.572021,1.035390,nan,-0.043592,0.220157,-0.332461,-2.306168,-0.753652,2.227229,0.480103,-0.017042,-0.005462,-0.062058,0.010667,-0.196727,-0.050033,-0.068341,0.118152,-31.595737,-2.306412,17.922737,-0.125539,0.841603,-0.267287
1750016711.114704,0.432471,0.445851,0.006696,-1.127850,1.172830,0.470310,nan,0.059412,-0.082098,-0.063580,0.087980,-0.080289,0.018039,nan,2.345420,-23.020900,12.617000,0.905106,0.538844,1.046410,nan,-0.044205,0.219926,-0.334522,-2.305854,-0.760474,2.225560,0.477728,-0.018194,-0.007503,-0.061246,0.007927,-0.202620,-0.049330,-0.073514,0.094349,-31.365635,-2.457169,18.168709,-0.046804,0.860829,-0.247145
1750016711.148673,0.434951,0.442485,0.004037,-1.124230,1.169380,0.471065,nan,0.057447,-0.084063,-0.067557,0.088111,-0.082493,0.018087,nan,1.883520,-24.475300,13.064600,1.002990,0.582403,0.986995,nan,-0.044821,0.219721,-0.336591,-2.305453,-0.767219,2.223934,0.475360,-0.019398,-0.004402,-0.060646,0.011830,-0.202849,-0.046367,-0.068853,0.169727,-31.516392,-2.433366,17.799751,-0.125539,0.795827,-0.274611
1750016711.182609,0.436903,0.439658,0.001928,-1.121310,1.166560,0.471628,nan,0.060178,-0.085464,-0.062825,0.091597,-0.083572,0.017045,nan,1.692240,-22.678100,12.800400,1.249860,0.561567,1.031910,nan,-0.045427,0.219530,-0.338654,-2.305123,-0.774050,2.222338,0.472988,-0.017882,-0.006413,-0.061285,0.008410,-0.199347,-0.047580,-0.072214,0.042774,-31.413242,-2.536515,18.121101,-0.125539,0.835194,-0.281020
1750016711.216630,0.437430,0.438879,0.001425,-1.120540,1.165850,0.471783,nan,0.060202,-0.085141,-0.063005,0.090483,-0.085332,0.016817,nan,1.330820,-20.619500,11.666500,1.269670,0.586282,1.004000,nan,-0.046074,0.219334,-0.340785,-2.304772,-0.781037,2.220742,0.470647,-0.020609,-0.004602,-0.061307,0.009250,-0.204001,-0.045732,-0.069145,0.042774,-31.365635,-2.484940,18.069527,-0.072439,0.815053,-0.254469
1750016711.250959,0.439838,0.435573,-0.001102,-1.116710,1.162320,0.472430,nan,0.058669,-0.077690,-0.059256,0.092615,-0.088746,0.015631,nan,0.671614,-19.986400,12.316900,1.090480,0.562463,1.000050,nan,-0.046739,0.219176,-0.342902,-2.304401,-0.787802,2.219232,0.468351,-0.018638,-0.004462,-0.063556,0.010356,-0.199766,-0.047359,-0.066803,0.193531,-31.413242,-2.357987,17.898933,-0.177724,0.841603,-0.321303
1750016711.284759,0.442221,0.432255,-0.003534,-1.112840,1.158720,0.473065,nan,0.059579,-0.083572,-0.059963,0.095454,-0.086195,0.014554,nan,0.595850,-18.853000,11.374000,0.908486,0.632899,0.986396,nan,-0.047418,0.219014,-0.345004,-2.304086,-0.794672,2.217731,0.466085,-0.018491,-0.005215,-0.062375,0.009062,-0.198968,-0.045553,-0.066139,0.241138,-31.365635,-2.282609,18.045723,-0.196950,0.835194,-0.321303
1750016711.318525,0.444641,0.428878,-0.006001,-1.108930,1.155110,0.473688,nan,0.060022,-0.079403,-0.059639,0.095502,-0.088171,0.015488,nan,0.563895,-18.498000,10.859500,0.836158,0.587948,1.018740,nan,-0.048063,0.218839,-0.347057,-2.303780,-0.801513,2.216300,0.463801,-0.016962,-0.001643,-0.062299,0.012080,-0.202375,-0.042275,-0.069394,0.193531,-31.286289,-2.330216,17.974312,-0.157583,0.827870,-0.274611
1750016711.352778,0.446761,0.426039,-0.008253,-1.105440,1.151850,0.474251,nan,0.058190,-0.082973,-0.060274,0.094675,-0.089513,0.015176,nan,1.649980,-20.859300,12.551500,0.795561,0.589848,0.972980,nan,-0.048678,0.218719,-0.349094,-2.303400,-0.808422,2.214887,0.461525,-0.017957,-0.004154,-0.062336,0.009761,-0.201253,-0.044069,-0.070892,-0.004833,-31.337864,-2.584122,17.974312,-0.151174,0.755543,-0.267287
1750016711.386578,0.447072,0.425584,-0.008564,-1.104940,1.151390,0.474335,nan,0.057387,-0.081559,-0.059196,0.096532,-0.089692,0.014613,nan,1.562240,-20.479100,12.328600,0.833082,0.538407,0.969986,nan,-0.049324,0.218570,-0.351195,-2.303093,-0.815502,2.213478,0.459213,-0.020209,-0.003731,-0.061169,0.009460,-0.204674,-0.040046,-0.067553,0.018970,-31.210911,-2.611893,18.097298,-0.157583,0.716176,-0.287428
1750016711.420650,0.449252,0.422469,-0.010696,-1.101190,1.147880,0.474850,nan,0.059567,-0.077810,-0.057914,0.100173,-0.092064,0.012829,nan,2.428670,-28.646700,11.404600,0.834352,0.550058,0.976334,nan,-0.049999,0.218460,-0.353303,-2.302732,-0.822364,2.212105,0.456903,-0.021009,-0.003594,-0.061760,0.011043,-0.204346,-0.041575,-0.066087,0.169727,-31.314060,-2.457169,17.946541,-0.171316,0.762868,-0.301161
1750016711.454841,0.451672,0.419343,-0.013080,-1.097040,1.143930,0.475389,nan,0.059543,-0.078361,-0.056225,0.099047,-0.095370,0.012385,nan,2.693090,-22.206900,12.168600,0.985074,0.606053,0.990828,nan,-0.050691,0.218351,-0.355396,-2.302402,-0.829285,2.210788,0.454617,-0.019769,-0.002476,-0.060154,0.008721,-0.200564,-0.039135,-0.066127,0.169727,-31.234715,-2.508744,17.998116,-0.203359,0.742726,-0.307570
1750016711.488496,0.454032,0.416121,-0.015296,-1.093070,1.140190,0.475916,nan,0.059723,-0.079846,-0.056609,0.100604,-0.093789,0.013188,nan,3.675180,-21.336300,11.214500,0.949668,0.608375,0.932494,nan,-0.051389,0.218223,-0.357479,-2.302109,-0.836179,2.209501,0.452400,-0.020979,-0.002869,-0.060247,0.009944,-0.204098,-0.040050,-0.063601,0.193531,-31.135532,-2.457169,18.021919,-0.210683,0.769276,-0.347853
1750016711.522772,0.456415,0.412995,-0.017608,-1.089010,1.136310,0.476431,nan,0.060094,-0.074073,-0.053638,0.100628,-0.095286,0.012349,nan,3.361680,-23.088000,12.186800,1.274320,0.544202,0.940879,nan,-0.052085,0.218143,-0.359556,-2.301771,-0.843188,2.208257,0.450212,-0.020600,-0.000818,-0.060738,0.011067,-0.205198,-0.036997,-0.066337,0.241138,-31.286289,-2.433366,17.946541,-0.203359,0.709767,-0.313979
1750016711.556798,0.456415,0.412995,-0.017608,-1.089010,1.136310,0.476431,nan,0.060094,-0.074073,-0.053638,0.100628,-0.095286,0.012349,nan,3.361800,-23.088000,12.186800,1.274360,0.544142,0.940879,nan,-0.052767,0.218054,-0.361649,-2.301477,-0.850343,2.207062,0.447983,-0.019804,-0.004337,-0.060804,0.008091,-0.207767,-0.033970,-0.063564,0.066578,-31.056187,-2.584122,18.121101,-0.190542,0.696950,-0.313979
1750016711.590667,0.458871,0.409725,-0.019836,-1.084680,1.132340,0.476922,nan,0.058214,-0.080002,-0.054153,0.102749,-0.094819,0.011224,nan,2.894900,-20.442000,11.298800,0.955776,0.531986,0.904705,nan,-0.053431,0.217981,-0.363690,-2.301161,-0.857310,2.205907,0.445820,-0.021519,-0.000972,-0.060067,0.010230,-0.208689,-0.032302,-0.060258,0.066578,-31.107761,-2.687272,18.045723,-0.223501,0.643849,-0.334120
1750016711.624802,0.461314,0.406574,-0.021944,-1.080410,1.128290,0.477341,nan,0.059891,-0.073187,-0.051805,0.105899,-0.100976,0.010277,nan,2.262720,-19.691900,11.877900,0.865443,0.689667,0.938603,nan,-0.054112,0.217925,-0.365781,-2.300823,-0.864298,2.204783,0.443655,-0.019331,-0.002978,-0.060381,0.009610,-0.210764,-0.033583,-0.065960,-0.032604,-31.183140,-2.738847,17.946541,-0.177724,0.651173,-0.301161
1750016711.658494,0.463638,0.403556,-0.024124,-1.076060,1.124270,0.477784,nan,0.056237,-0.077894,-0.052153,0.102569,-0.096520,0.010277,nan,3.068760,-19.778700,12.735300,0.724908,0.640633,0.904106,nan,-0.054831,0.217857,-0.367868,-2.300555,-0.871300,2.203681,0.441497,-0.022661,-0.002978,-0.062455,0.007079,-0.212911,-0.032451,-0.065248,0.118152,-30.953037,-2.584122,18.196480,-0.131948,0.651173,-0.260878
1750016711.692703,0.466106,0.400274,-0.026196,-1.071670,1.120110,0.478204,nan,0.055591,-0.074169,-0.050045,0.106258,-0.099538,0.009523,nan,2.034330,-27.536100,12.760700,0.774266,0.693803,0.926026,nan,-0.055578,0.217821,-0.369998,-2.300233,-0.878373,2.202624,0.439357,-0.019376,-0.000302,-0.062777,0.008779,-0.207156,-0.031907,-0.064612,0.193531,-31.083958,-2.409562,18.069527,-0.171316,0.657582,-0.301161
1750016711.739844,0.468537,0.397303,-0.028257,-1.067280,1.116000,0.478563,nan,0.058693,-0.071773,-0.048883,0.108845,-0.099646,0.009511,nan,0.736473,-28.574600,13.068100,0.784543,0.595289,0.992265,nan,-0.056331,0.217779,-0.372120,-2.299932,-0.885570,2.201587,0.437172,-0.021615,-0.002112,-0.061670,0.010167,-0.208345,-0.028115,-0.060816,0.241138,-30.980808,-2.508744,17.974312,-0.203359,0.610890,-0.307570
1750016711.773092,0.470789,0.394369,-0.030101,-1.062990,1.111920,0.478910,nan,0.055674,-0.075007,-0.047290,0.109564,-0.101862,0.007750,nan,0.910432,-28.277500,12.529000,0.905314,0.624582,0.940879,nan,-0.057030,0.217762,-0.374172,-2.299658,-0.892648,2.200618,0.435046,-0.021051,-0.000183,-0.062025,0.007464,-0.209277,-0.026808,-0.063358,0.094349,-30.929234,-2.635697,18.196480,-0.229909,0.591664,-0.293837
1750016711.806402,0.473197,0.391290,-0.032113,-1.058510,1.107610,0.479282,nan,0.056908,-0.071234,-0.047110,0.108522,-0.103623,0.008756,nan,1.468710,-28.844100,12.224400,1.203360,0.603105,0.900632,nan,-0.057730,0.217759,-0.376236,-2.299348,-0.899714,2.199668,0.432947,-0.021631,-0.000414,-0.061972,0.009427,-0.207477,-0.027587,-0.059817,0.066578,-31.004612,-2.635697,18.097298,-0.250051,0.610890,-0.307570
1750016711.839445,0.475509,0.388451,-0.033970,-1.053960,1.103370,0.479581,nan,0.059136,-0.071498,-0.046906,0.110031,-0.102138,0.007846,nan,0.974681,-19.976100,11.971200,0.970004,0.590723,0.987354,nan,-0.058452,0.217751,-0.378311,-2.299039,-0.906780,2.198760,0.430927,-0.021913,-0.000324,-0.063004,0.008232,-0.206487,-0.026673,-0.060843,0.066578,-30.905430,-2.687272,17.998116,-0.256460,0.558705,-0.287428
1750016711.873133,0.477725,0.385684,-0.035695,-1.049670,1.099370,0.479881,nan,0.056932,-0.072887,-0.044068,0.111816,-0.105264,0.007295,nan,1.414710,-21.255100,12.092300,0.795590,0.633282,0.916683,nan,-0.059210,0.217748,-0.380440,-2.298757,-0.913920,2.197857,0.428849,-0.024203,-0.000168,-0.062607,0.007152,-0.206898,-0.025570,-0.059413,0.169727,-30.905430,-2.611893,18.121101,-0.196950,0.552296,-0.307570
1750016711.906394,0.477868,0.385505,-0.035815,-1.049350,1.099080,0.479893,nan,0.057926,-0.072887,-0.044894,0.111564,-0.105755,0.007091,nan,1.188450,-21.601200,11.717100,0.716264,0.652393,0.902908,nan,-0.059988,0.217758,-0.382599,-2.298442,-0.921216,2.196982,0.426766,-0.020778,0.000610,-0.063138,0.007714,-0.206911,-0.025419,-0.062636,0.193531,-30.953037,-2.536515,18.045723,-0.217092,0.565114,-0.293837
1750016711.939560,0.480216,0.382570,-0.037623,-1.044570,1.094580,0.480156,nan,0.055926,-0.068695,-0.043421,0.113924,-0.107360,0.006312,nan,2.190330,-21.249100,11.638200,0.620849,0.695661,0.945191,nan,-0.060730,0.217750,-0.384659,-2.298174,-0.928380,2.196161,0.424749,-0.022404,-0.000068,-0.060194,0.008188,-0.212185,-0.023138,-0.059008,0.118152,-30.774509,-2.663468,18.097298,-0.250051,0.538563,-0.254469
1750016711.972857,0.482540,0.379719,-0.039384,-1.039880,1.090110,0.480360,nan,0.057459,-0.071462,-0.041564,0.114044,-0.108270,0.005642,nan,2.010100,-21.039200,12.099000,0.752227,0.679690,1.002210,nan,-0.061470,0.217759,-0.386733,-2.297877,-0.935571,2.195384,0.422763,-0.020829,-0.000571,-0.061210,0.007972,-0.212508,-0.023163,-0.059717,0.042774,-30.750706,-2.762650,18.045723,-0.242727,0.506520,-0.307570
1750016712.006259,0.484995,0.376653,-0.041133,-1.035030,1.085480,0.480611,nan,0.057411,-0.070575,-0.042654,0.114930,-0.109804,0.005606,nan,2.647320,-20.453300,12.088500,0.871599,0.721757,0.983881,nan,-0.062216,0.217779,-0.388816,-2.297593,-0.942691,2.194628,0.420787,-0.024177,0.000203,-0.062195,0.009026,-0.211885,-0.020918,-0.057549,0.118152,-30.774509,-2.762650,17.998116,-0.236318,0.486378,-0.321303
1750016712.039434,0.487199,0.373934,-0.042786,-1.030500,1.081170,0.480839,nan,0.056237,-0.067844,-0.041492,0.114691,-0.111792,0.005318,nan,3.100120,-28.204000,12.145400,0.934393,0.715714,0.963757,nan,-0.062973,0.217804,-0.390900,-2.297328,-0.949945,2.193895,0.418787,-0.021841,0.001713,-0.062184,0.008512,-0.216172,-0.020205,-0.059466,0.066578,-30.544407,-2.814225,18.069527,-0.217092,0.479970,-0.313979
1750016712.072763,0.487199,0.373934,-0.042786,-1.030500,1.081170,0.480839,nan,0.056237,-0.067844,-0.041492,0.114691,-0.111792,0.005318,nan,3.100090,-28.204000,12.145300,0.934406,0.715689,0.963757,nan,-0.063749,0.217876,-0.393047,-2.297015,-0.957310,2.193191,0.416775,-0.022138,0.002810,-0.061176,0.008799,-0.213006,-0.020524,-0.057820,-0.032604,-30.595982,-2.838029,18.021919,-0.250051,0.459828,-0.327711
1750016712.106149,0.489511,0.371095,-0.044367,-1.025870,1.076700,0.481054,nan,0.056070,-0.070372,-0.038115,0.115278,-0.108390,0.005031,nan,2.727700,-27.559300,11.877000,1.168620,0.644226,0.907700,nan,-0.064544,0.217943,-0.395169,-2.296749,-0.964518,2.192538,0.414842,-0.022881,0.003245,-0.063291,0.009005,-0.211369,-0.020552,-0.057357,0.118152,-30.492832,-2.738847,18.021919,-0.256460,0.453419,-0.274611
1750016712.139457,0.491847,0.368304,-0.045924,-1.020970,1.072140,0.481198,nan,0.057902,-0.066910,-0.039073,0.118895,-0.112523,0.003701,nan,2.359300,-27.565100,12.232500,0.901077,0.617901,0.962679,nan,-0.065362,0.218023,-0.397269,-2.296488,-0.971814,2.191882,0.412916,-0.022529,0.001677,-0.060396,0.008810,-0.213651,-0.019931,-0.055105,0.193531,-30.314304,-2.738847,18.196480,-0.288503,0.466237,-0.313979
1750016712.172622,0.494194,0.365609,-0.047505,-1.016000,1.067470,0.481366,nan,0.055399,-0.066802,-0.037827,0.118560,-0.112020,0.003953,nan,1.491710,-28.147000,12.479400,0.683116,0.696156,0.965913,nan,-0.066248,0.218162,-0.399567,-2.296150,-0.979783,2.191231,0.410852,-0.022489,0.002173,-0.061390,0.007651,-0.213989,-0.015850,-0.055691,0.141956,-30.417454,-2.790421,18.045723,-0.288503,0.401234,-0.327711
1750016712.206784,0.496470,0.362842,-0.048943,-1.011180,1.062930,0.481498,nan,0.056621,-0.067557,-0.037264,0.119219,-0.113804,0.003366,nan,1.225840,-27.692300,11.673800,0.653563,0.682320,0.990469,nan,-0.066956,0.218270,-0.401474,-2.295919,-0.986493,2.190714,0.409113,-0.020990,0.003811,-0.060105,0.009825,-0.209722,-0.016048,-0.054875,-0.056408,-30.365879,-2.964982,18.069527,-0.335195,0.420460,-0.334120
1750016712.240597,0.498483,0.360482,-0.050224,-1.006960,1.058880,0.481617,nan,0.056597,-0.064394,-0.035743,0.121782,-0.117230,0.003246,nan,0.232882,-28.481400,11.536800,0.754420,0.610210,0.997416,nan,-0.067839,0.218421,-0.403791,-2.295629,-0.994622,2.190134,0.407082,-0.026050,0.002609,-0.060851,0.006778,-0.218322,-0.015751,-0.051902,0.118152,-30.262730,-2.964982,18.144905,-0.288503,0.414052,-0.293837
1750016712.274901,0.498950,0.359931,-0.050560,-1.005910,1.057900,0.481653,nan,0.056860,-0.064167,-0.036521,0.118703,-0.116811,0.003462,nan,0.776719,-28.622500,12.415100,0.743588,0.610199,0.940639,nan,-0.068668,0.218569,-0.405931,-2.295353,-1.001976,2.189635,0.405287,-0.025408,0.003153,-0.064786,0.007009,-0.222566,-0.014987,-0.051524,0.169727,-30.314304,-2.790421,18.097298,-0.262868,0.420460,-0.281020
1750016712.308821,0.501226,0.357404,-0.051901,-1.001050,1.053250,0.481761,nan,0.055267,-0.065736,-0.034533,0.122057,-0.116655,0.002515,nan,0.563657,-30.004500,11.858200,0.800765,0.596838,0.981725,nan,-0.069502,0.218715,-0.408037,-2.295086,-1.009278,2.189177,0.403501,-0.024631,0.005588,-0.062884,0.007906,-0.217733,-0.012526,-0.053850,0.241138,-30.262730,-2.814225,18.021919,-0.295827,0.381093,-0.293837
1750016712.342564,0.503537,0.354661,-0.053267,-0.996043,1.048410,0.481881,nan,0.055100,-0.065293,-0.033814,0.122560,-0.116931,0.002515,nan,0.010928,-21.189000,11.936500,1.043140,0.525946,0.922792,nan,-0.070328,0.218876,-0.410174,-2.294810,-1.016672,2.188730,0.401689,-0.024148,0.004779,-0.061811,0.008304,-0.218090,-0.012265,-0.051931,0.217335,-30.211155,-2.814225,18.069527,-0.269277,0.361867,-0.293837
1750016712.376902,0.505885,0.351942,-0.054704,-0.990773,1.043390,0.481977,nan,0.057411,-0.063772,-0.032641,0.123758,-0.121207,0.002336,nan,0.230704,-21.412200,12.153800,0.868742,0.608949,0.966273,nan,-0.071165,0.219054,-0.412316,-2.294520,-1.024169,2.188340,0.399892,-0.025068,0.004610,-0.061494,0.009240,-0.214240,-0.011533,-0.053096,0.217335,-30.060398,-2.814225,18.069527,-0.302236,0.374684,-0.281020
1750016712.410917,0.508017,0.349570,-0.055854,-0.986053,1.038960,0.482061,nan,0.058010,-0.065413,-0.030820,0.125651,-0.121243,0.001917,nan,0.223586,-20.950600,12.223200,0.624142,0.619382,0.943155,nan,-0.071958,0.219254,-0.414392,-2.294248,-1.031580,2.187974,0.398113,-0.021047,0.006544,-0.060353,0.007104,-0.219765,-0.007964,-0.051624,0.018970,-30.135777,-2.992753,18.097298,-0.256460,0.295949,-0.293837
1750016712.444768,0.508173,0.349379,-0.055950,-0.985718,1.038640,0.482061,nan,0.056765,-0.066587,-0.031455,0.123722,-0.118344,0.001713,nan,0.214621,-20.341400,12.280100,0.642013,0.575975,0.959565,nan,-0.072780,0.219460,-0.416488,-2.293967,-1.038994,2.187634,0.396360,-0.024334,0.005692,-0.061983,0.008552,-0.217885,-0.010094,-0.054385,0.018970,-30.187351,-3.044327,18.097298,-0.282094,0.335316,-0.293837
1750016712.478615,0.510401,0.346684,-0.057160,-0.980615,1.033730,0.482121,nan,0.054764,-0.065065,-0.030389,0.126094,-0.118392,0.001401,nan,0.605387,-28.400900,12.507300,0.624112,0.656821,0.969866,nan,-0.073608,0.219674,-0.418613,-2.293703,-1.046393,2.187328,0.394648,-0.023469,0.005069,-0.065457,0.006603,-0.220316,-0.009468,-0.052953,-0.004833,-30.060398,-2.992753,18.196480,-0.275686,0.321584,-0.254469
1750016712.512425,0.512653,0.344072,-0.058369,-0.975489,1.028760,0.482156,nan,0.055147,-0.061376,-0.029095,0.128118,-0.123818,0.001234,nan,1.811260,-27.364300,12.408200,0.760702,0.679156,1.011790,nan,-0.074492,0.219899,-0.420765,-2.293409,-1.053887,2.187052,0.392999,-0.025589,0.007022,-0.063440,0.008167,-0.220998,-0.007876,-0.048966,0.217335,-30.084202,-2.889603,18.045723,-0.321462,0.315175,-0.260878
1750016712.546857,0.514893,0.341569,-0.059531,-0.970386,1.023880,0.482204,nan,0.057064,-0.064682,-0.028412,0.125699,-0.122261,0.001318,nan,1.736320,-27.877900,12.921500,0.863996,0.577259,1.032510,nan,-0.075383,0.220142,-0.422945,-2.293137,-1.061554,2.186795,0.391343,-0.025290,0.009296,-0.062061,0.009586,-0.223184,-0.005901,-0.049144,0.268909,-30.032627,-2.814225,18.097298,-0.262868,0.308766,-0.293837
1750016712.580640,0.517157,0.338922,-0.060669,-0.965319,1.018910,0.482264,nan,0.053962,-0.064323,-0.028508,0.130442,-0.120883,0.001078,nan,2.263910,-26.214200,12.624300,1.046570,0.632427,0.993224,nan,-0.076216,0.220399,-0.425047,-2.292840,-1.069002,2.186578,0.389733,-0.024306,0.008322,-0.061106,0.008408,-0.218948,-0.005607,-0.047017,0.193531,-30.008823,-2.941178,18.097298,-0.302236,0.275807,-0.307570
1750016712.614524,0.517312,0.338742,-0.060741,-0.964972,1.018590,0.482264,nan,0.054321,-0.063832,-0.028712,0.128058,-0.124800,0.000958,nan,2.334440,-26.432400,12.480900,1.070410,0.645723,1.003050,nan,-0.077052,0.220651,-0.427141,-2.292557,-1.076518,2.186388,0.388135,-0.022895,0.007847,-0.060269,0.009167,-0.216736,-0.006337,-0.048843,0.018970,-29.881870,-3.091935,18.069527,-0.335195,0.269398,-0.301161
1750016712.648932,0.519444,0.336358,-0.061795,-0.960001,1.013820,0.482300,nan,0.057687,-0.058561,-0.029059,0.129544,-0.123159,0.000491,nan,2.540400,-25.949700,11.846900,0.934797,0.705521,0.964596,nan,-0.077894,0.220933,-0.429233,-2.292276,-1.084011,2.186235,0.386571,-0.025055,0.008655,-0.063407,0.006550,-0.222185,-0.005175,-0.048929,-0.056408,-29.981052,-3.091935,18.144905,-0.321462,0.256581,-0.321303
1750016712.682785,0.521876,0.333759,-0.062921,-0.954299,1.008450,0.482312,nan,0.056010,-0.063688,-0.024938,0.129208,-0.126417,0.000599,nan,2.189600,-26.813800,11.978700,0.675165,0.597132,1.012390,nan,-0.078782,0.221203,-0.431386,-2.292001,-1.091591,2.186106,0.385052,-0.025983,0.007209,-0.064540,0.008388,-0.223130,-0.004148,-0.045202,0.018970,-29.957249,-3.044327,18.121101,-0.308645,0.236439,-0.321303
1750016712.716663,0.524188,0.331160,-0.063939,-0.949017,1.003330,0.482312,nan,0.054656,-0.063448,-0.026603,0.129292,-0.124106,0.000599,nan,2.594770,-26.296400,11.714900,0.703112,0.671679,1.048320,nan,-0.079718,0.221504,-0.433595,-2.291698,-1.099317,2.185996,0.383511,-0.026753,0.007236,-0.064603,0.006961,-0.224372,-0.002043,-0.046813,0.217335,-29.802525,-2.917374,18.121101,-0.327871,0.209889,-0.307570
1750016712.750617,0.526332,0.328848,-0.064898,-0.944058,0.998487,0.482348,nan,0.055639,-0.058873,-0.025382,0.128298,-0.123878,0.000407,nan,1.698810,-27.937800,11.748400,0.842435,0.762800,0.994182,nan,-0.080619,0.221811,-0.435750,-2.291401,-1.106923,2.185903,0.382004,-0.025352,0.010110,-0.064011,0.010678,-0.230235,-0.002149,-0.042438,0.193531,-29.802525,-2.889603,17.998116,-0.250051,0.209889,-0.313979
1750016712.784557,0.528476,0.326620,-0.065844,-0.939123,0.993731,0.482348,nan,0.054201,-0.061496,-0.024663,0.132550,-0.125567,-0.000012,nan,1.032350,-28.806500,12.024900,0.903429,0.712081,1.032870,nan,-0.081512,0.222141,-0.437871,-2.291109,-1.114525,2.185862,0.380516,-0.026429,0.011106,-0.063847,0.008635,-0.226168,0.000897,-0.043559,0.193531,-29.778721,-2.992753,18.097298,-0.262868,0.184254,-0.334120
1750016712.818481,0.528775,0.326261,-0.065964,-0.938392,0.993025,0.482348,nan,0.052872,-0.061496,-0.024459,0.130202,-0.125387,0.000467,nan,1.172900,-28.055500,11.323700,0.937003,0.671408,1.032390,nan,-0.082388,0.222484,-0.439982,-2.290814,-1.122081,2.185832,0.379025,-0.026124,0.010569,-0.062360,0.007876,-0.223756,0.000266,-0.043431,-0.004833,-29.778721,-3.143510,18.097298,-0.308645,0.190663,-0.274611
1750016712.852943,0.531039,0.323829,-0.066838,-0.933170,0.987874,0.482348,nan,0.057088,-0.059627,-0.020950,0.130969,-0.127807,0.000000,nan,0.697179,-30.305200,11.474600,1.176600,0.731461,1.004000,nan,-0.083301,0.222853,-0.442104,-2.290509,-1.129752,2.185815,0.377570,-0.028231,0.010462,-0.061885,0.007818,-0.223632,-0.000679,-0.042276,0.018970,-29.802525,-3.143510,18.121101,-0.367238,0.223622,-0.293837
1750016712.886667,0.533363,0.321326,-0.067725,-0.927456,0.982448,0.482348,nan,0.055962,-0.057675,-0.021070,0.134958,-0.127927,0.000563,nan,0.485660,-30.107100,11.628000,0.879567,0.600138,1.032870,nan,-0.084213,0.223227,-0.444302,-2.290188,-1.137568,2.185820,0.376121,-0.025057,0.013692,-0.064124,0.010802,-0.230621,0.001010,-0.043281,-0.080212,-29.854099,-3.195084,18.045723,-0.341604,0.217213,-0.260878
1750016712.920474,0.535603,0.319002,-0.068575,-0.922102,0.977297,0.482348,nan,0.054345,-0.059040,-0.021249,0.132934,-0.130562,-0.000048,nan,0.405875,-30.421100,11.158100,0.780850,0.661758,1.038980,nan,-0.085136,0.223596,-0.446466,-2.289881,-1.145222,2.185820,0.374756,-0.028696,0.013282,-0.063630,0.008398,-0.231185,-0.001258,-0.041348,0.094349,-29.778721,-3.143510,18.121101,-0.335195,0.262990,-0.287428
1750016712.954991,0.537627,0.316714,-0.069353,-0.917119,0.972470,0.482360,nan,0.055519,-0.060478,-0.021489,0.134622,-0.131245,0.000000,nan,0.658688,-29.679700,11.089700,0.694969,0.675765,1.001130,nan,-0.086085,0.223961,-0.448648,-2.289555,-1.152954,2.185825,0.373432,-0.029324,0.008999,-0.063249,0.009358,-0.230648,0.000294,-0.039272,0.268909,-29.600193,-3.068131,18.045723,-0.327871,0.335316,-0.301161
1750016712.988712,0.537771,0.316547,-0.069389,-0.916784,0.972135,0.482360,nan,0.056273,-0.059052,-0.020567,0.133928,-0.127507,0.000000,nan,0.773029,-29.577600,10.251900,0.742188,0.622533,1.001130,nan,-0.087032,0.224358,-0.450776,-2.289253,-1.160625,2.185867,0.372156,-0.026869,0.012071,-0.063707,0.008853,-0.225872,0.002710,-0.038237,0.241138,-29.572422,-3.016557,18.121101,-0.341604,0.335316,-0.281020
1750016713.022590,0.540107,0.314067,-0.070192,-0.911274,0.966709,0.482360,nan,0.055447,-0.057172,-0.018135,0.133532,-0.128981,0.000000,nan,0.674499,-28.301300,10.517900,0.907182,0.713338,0.999692,nan,-0.087956,0.224791,-0.452908,-2.288922,-1.168383,2.185970,0.370861,-0.027639,0.012480,-0.062776,0.009235,-0.226951,0.004359,-0.036029,0.094349,-29.651768,-3.195084,18.097298,-0.400197,0.401234,-0.321303
1750016713.056949,0.542335,0.311743,-0.070899,-0.905728,0.961378,0.482360,nan,0.055902,-0.056992,-0.017009,0.133269,-0.132095,0.000000,nan,1.096910,-27.458000,10.703600,0.894038,0.606423,0.993942,nan,-0.088877,0.225233,-0.455071,-2.288597,-1.176318,2.186145,0.369570,-0.025918,0.012343,-0.063524,0.009140,-0.229870,0.006392,-0.035785,-0.032604,-29.699375,-3.298234,18.097298,-0.288503,0.341725,-0.301161
1750016713.090824,0.544670,0.309216,-0.071665,-0.900086,0.955760,0.482360,nan,0.055531,-0.059292,-0.017680,0.134203,-0.129112,0.000000,nan,1.493410,-26.863400,10.961400,1.130510,0.681473,0.989630,nan,-0.089818,0.225658,-0.457220,-2.288259,-1.184067,2.186312,0.368351,-0.028202,0.012588,-0.062871,0.008911,-0.232835,0.004197,-0.034648,-0.004833,-29.548618,-3.322037,18.069527,-0.335195,0.381093,-0.307570
1750016713.124650,0.546803,0.306964,-0.072324,-0.894864,0.950754,0.482360,nan,0.056836,-0.056609,-0.016817,0.137952,-0.131867,0.000000,nan,1.820680,-26.343300,11.063200,0.841517,0.662946,0.983881,nan,-0.090812,0.226098,-0.459417,-2.287925,-1.191888,2.186514,0.367170,-0.029595,0.014935,-0.064561,0.010994,-0.233840,0.005271,-0.035026,0.217335,-29.548618,-3.195084,18.045723,-0.348012,0.401234,-0.307570
1750016713.173115,0.549162,0.304544,-0.073067,-0.888970,0.945016,0.482360,nan,0.053698,-0.055255,-0.016554,0.136862,-0.132514,-0.000120,nan,2.518070,-26.892600,11.272600,0.723053,0.685211,0.980766,nan,-0.091792,0.226580,-0.461607,-2.287594,-1.199632,2.186735,0.366007,-0.028729,0.015072,-0.063930,0.009156,-0.231493,0.006906,-0.033902,0.193531,-29.600193,-3.119706,18.121101,-0.348012,0.420460,-0.260878
1750016713.206434,0.551390,0.302305,-0.073714,-0.883568,0.939686,0.482360,nan,0.055267,-0.061041,-0.015631,0.135617,-0.131784,0.000000,nan,2.836970,-28.223900,11.781400,0.811917,0.694698,0.976694,nan,-0.092860,0.227111,-0.463969,-2.287225,-1.208297,2.187021,0.364760,-0.028540,0.013256,-0.062777,0.009970,-0.231299,0.007736,-0.032279,0.169727,-29.469273,-3.246659,18.121101,-0.393789,0.407643,-0.321303
1750016713.239503,0.553690,0.299885,-0.074301,-0.877974,0.934212,0.482360,nan,0.058298,-0.057926,-0.014434,0.135521,-0.133437,0.000000,nan,2.336580,-26.981700,11.296000,0.854564,0.669528,0.970944,nan,-0.093802,0.227629,-0.466109,-2.286866,-1.216171,2.187313,0.363645,-0.027396,0.016720,-0.063896,0.010027,-0.237023,0.009129,-0.031828,0.018970,-29.600193,-3.345841,18.045723,-0.295827,0.348134,-0.307570
1750016713.273153,0.556026,0.297609,-0.074852,-0.872429,0.928726,0.482348,nan,0.052165,-0.054848,-0.013416,0.136060,-0.136814,0.000000,nan,1.506520,-28.261500,11.311100,1.009040,0.689730,1.001130,nan,-0.094757,0.228129,-0.468225,-2.286529,-1.223966,2.187634,0.362574,-0.030627,0.016509,-0.061355,0.010316,-0.234479,0.012088,-0.029842,-0.004833,-29.572422,-3.472794,18.144905,-0.387380,0.321584,-0.267287
1750016713.306426,0.558074,0.295609,-0.075355,-0.867350,0.923731,0.482360,nan,0.057267,-0.054656,-0.013847,0.134790,-0.132394,0.000000,nan,1.089230,-29.627200,11.781100,0.955616,0.711657,0.960883,nan,-0.095750,0.228647,-0.470416,-2.286142,-1.231925,2.187962,0.361523,-0.029755,0.013275,-0.065419,0.009296,-0.235353,0.010181,-0.027985,-0.080212,-29.421665,-3.472794,18.097298,-0.348012,0.374684,-0.293837
1750016713.339619,0.558409,0.295285,-0.075426,-0.866571,0.922940,0.482348,nan,0.056070,-0.057447,-0.013392,0.135185,-0.136108,0.000000,nan,0.956719,-29.064700,11.506200,1.010620,0.767414,0.996817,nan,-0.096793,0.229198,-0.472654,-2.285774,-1.239984,2.188307,0.360475,-0.030164,0.015363,-0.063985,0.011611,-0.230253,0.011446,-0.030674,0.141956,-29.445469,-3.373612,18.069527,-0.406606,0.374684,-0.281020
1750016713.372744,0.560673,0.292938,-0.075894,-0.860834,0.917371,0.482348,nan,0.055770,-0.055567,-0.011140,0.139749,-0.133760,0.000000,nan,0.317797,-29.995900,11.105500,0.654542,0.746741,0.986755,nan,-0.097812,0.229754,-0.474852,-2.285398,-1.247891,2.188665,0.359499,-0.029926,0.017095,-0.064375,0.010892,-0.235638,0.012091,-0.028127,0.268909,-29.469273,-3.246659,18.069527,-0.354421,0.354542,-0.281020
1750016713.406577,0.562949,0.290698,-0.076337,-0.855180,0.911813,0.482336,nan,0.055519,-0.054980,-0.011164,0.137940,-0.137270,0.000024,nan,1.280990,-31.227000,11.466800,0.685594,0.747281,1.022450,nan,-0.098776,0.230279,-0.476942,-2.285041,-1.255545,2.189042,0.358560,-0.029609,0.017493,-0.062968,0.011866,-0.232869,0.012038,-0.027153,0.169727,-29.370090,-3.322037,18.121101,-0.335195,0.368275,-0.293837
1750016713.439732,0.565177,0.288542,-0.076816,-0.849682,0.906339,0.482336,nan,0.055555,-0.054848,-0.012038,0.140216,-0.136898,0.000096,nan,0.726398,-30.856000,11.652600,0.746356,0.793561,1.030360,nan,-0.099766,0.230859,-0.479109,-2.284625,-1.263567,2.189471,0.357626,-0.026794,0.016269,-0.064379,0.010226,-0.236926,0.011961,-0.029828,0.066578,-29.342319,-3.425187,18.021919,-0.373647,0.374684,-0.254469
1750016713.472871,0.567285,0.286386,-0.077247,-0.844448,0.901176,0.482348,nan,0.055351,-0.057267,-0.011128,0.136132,-0.134718,0.000563,nan,0.931764,-30.838700,11.786200,0.854755,0.701331,0.994062,nan,-0.100773,0.231488,-0.481310,-2.284247,-1.271733,2.189913,0.356717,-0.029366,0.018957,-0.065860,0.012036,-0.236888,0.014319,-0.027297,0.018970,-29.445469,-3.472794,18.121101,-0.348012,0.328908,-0.267287
1750016713.506000,0.567429,0.286230,-0.077271,-0.844052,0.900793,0.482348,nan,0.053231,-0.056848,-0.011176,0.137174,-0.135197,0.000000,nan,0.840295,-30.866300,11.538800,0.792601,0.773652,0.999692,nan,-0.101769,0.232113,-0.483480,-2.283854,-1.279659,2.190370,0.355830,-0.028819,0.018890,-0.065667,0.011459,-0.232341,0.014412,-0.026256,-0.004833,-29.469273,-3.552140,18.097298,-0.426748,0.348134,-0.287428
1750016713.539729,0.569872,0.283774,-0.077666,-0.838171,0.894911,0.482360,nan,0.056908,-0.054548,-0.008528,0.139426,-0.137258,-0.000060,nan,0.366550,-27.614700,11.138600,1.014470,0.669130,0.990229,nan,-0.102729,0.232672,-0.485539,-2.283495,-1.287183,2.190810,0.355050,-0.031031,0.017314,-0.065736,0.012604,-0.236254,0.014606,-0.023950,0.141956,-29.266941,-3.425187,18.121101,-0.400197,0.361867,-0.287428
1750016713.572910,0.571993,0.281738,-0.077954,-0.832781,0.889617,0.482372,nan,0.055291,-0.050919,-0.007127,0.139282,-0.138683,0.000575,nan,0.347401,-27.777100,10.796600,0.818986,0.719312,0.982443,nan,-0.103890,0.233350,-0.487952,-2.283021,-1.296013,2.191346,0.354175,-0.031679,0.018199,-0.064237,0.011973,-0.239340,0.014564,-0.021695,0.169727,-29.266941,-3.472794,17.998116,-0.387380,0.348134,-0.307570
1750016713.606086,0.574412,0.279402,-0.078313,-0.826720,0.883604,0.482408,nan,0.056094,-0.056070,-0.007127,0.136886,-0.140504,0.001246,nan,1.021070,-26.567300,11.569000,0.809888,0.665629,1.000170,nan,-0.104921,0.233970,-0.490116,-2.282622,-1.304038,2.191867,0.353411,-0.029576,0.019260,-0.063583,0.010669,-0.240088,0.015983,-0.024604,0.094349,-29.266941,-3.524369,18.069527,-0.327871,0.341725,-0.254469
1750016713.639811,0.576616,0.277150,-0.078601,-0.821186,0.878070,0.482480,nan,0.057459,-0.054501,-0.007426,0.138156,-0.135533,0.001689,nan,1.269930,-25.913500,11.235300,0.828949,0.723433,0.985677,nan,-0.105954,0.234639,-0.492312,-2.282208,-1.312153,2.192418,0.352704,-0.029769,0.019980,-0.065179,0.012219,-0.236224,0.015164,-0.022073,0.094349,-29.342319,-3.575944,18.097298,-0.413015,0.335316,-0.321303
1750016713.672949,0.576616,0.277150,-0.078601,-0.821186,0.878070,0.482480,nan,0.057459,-0.054501,-0.007426,0.138156,-0.135533,0.001689,nan,1.269860,-25.913500,11.235300,0.828978,0.723375,0.985677,nan,-0.106994,0.235331,-0.494509,-2.281787,-1.320420,2.192986,0.351966,-0.029758,0.019993,-0.062947,0.012836,-0.242444,0.016523,-0.019378,-0.004833,-29.239170,-3.651322,18.121101,-0.360830,0.302357,-0.321303
1750016713.706067,0.578952,0.274899,-0.078924,-0.815448,0.872333,0.482552,nan,0.055746,-0.051997,-0.007498,0.139342,-0.140312,0.002036,nan,1.880160,-24.962200,11.744500,0.832958,0.769668,1.039700,nan,-0.108017,0.236041,-0.496677,-2.281336,-1.328507,2.193558,0.351312,-0.030788,0.020418,-0.064832,0.011271,-0.240595,0.016245,-0.020810,-0.131787,-29.290745,-3.829850,18.069527,-0.426748,0.289540,-0.287428
1750016713.739789,0.581168,0.272874,-0.079187,-0.809915,0.866787,0.482648,nan,0.056681,-0.052177,-0.005893,0.142708,-0.138875,0.002791,nan,2.089260,-26.215100,12.084900,0.948784,0.683409,1.047960,nan,-0.109050,0.236724,-0.498804,-2.280914,-1.336276,2.194112,0.350698,-0.033070,0.019945,-0.066648,0.014208,-0.239095,0.015835,-0.018697,-0.032604,-29.266941,-3.702897,18.097298,-0.458791,0.328908,-0.293837
1750016713.773097,0.583468,0.270658,-0.079427,-0.804237,0.861133,0.482767,nan,0.056369,-0.055950,-0.005977,0.138048,-0.138419,0.003030,nan,2.384950,-26.923000,11.499100,0.943541,0.648843,1.041260,nan,-0.110120,0.237407,-0.500947,-2.280452,-1.344141,2.194694,0.350139,-0.034170,0.020505,-0.065971,0.014321,-0.239538,0.019484,-0.015542,0.268909,-29.139988,-3.500565,18.045723,-0.413015,0.282216,-0.313979
1750016713.806613,0.585899,0.268418,-0.079655,-0.798344,0.855324,0.482911,nan,0.057663,-0.053219,-0.005426,0.138827,-0.138419,0.003150,nan,1.777990,-27.501100,11.413200,0.603661,0.613009,1.018500,nan,-0.111278,0.238205,-0.503302,-2.279961,-1.352840,2.195350,0.349548,-0.030259,0.022732,-0.064655,0.012964,-0.238428,0.016422,-0.015800,0.217335,-29.239170,-3.448991,18.097298,-0.466115,0.302357,-0.307570
1750016713.840752,0.587864,0.266586,-0.079834,-0.793457,0.850389,0.483019,nan,0.055519,-0.051386,-0.003833,0.138312,-0.138994,0.003270,nan,1.088850,-27.311400,12.383700,0.699316,0.664846,1.007240,nan,-0.112324,0.238962,-0.505445,-2.279488,-1.361016,2.196005,0.349026,-0.030836,0.022956,-0.065075,0.014300,-0.246773,0.019512,-0.014743,0.042774,-29.239170,-3.679093,18.045723,-0.452382,0.230031,-0.327711
1750016713.874503,0.588187,0.266310,-0.079834,-0.792690,0.849634,0.483007,nan,0.056453,-0.051734,-0.003977,0.137797,-0.141869,0.002923,nan,0.459433,-27.315200,11.587800,0.667042,0.676428,1.059580,nan,-0.113364,0.239746,-0.507593,-2.278991,-1.369246,2.196670,0.348537,-0.031177,0.023145,-0.063013,0.014390,-0.241202,0.019664,-0.014659,-0.107983,-29.239170,-3.881425,18.097298,-0.433156,0.209889,-0.260878
1750016713.908791,0.590643,0.264130,-0.079990,-0.786749,0.843561,0.483187,nan,0.056106,-0.053602,-0.002815,0.139725,-0.138743,0.003761,nan,0.422972,-28.388200,12.237600,0.841815,0.695433,1.056950,nan,-0.114442,0.240522,-0.509786,-2.278482,-1.377390,2.197330,0.348075,-0.032895,0.022793,-0.066952,0.014138,-0.239684,0.018979,-0.014057,-0.004833,-29.112217,-3.806046,18.021919,-0.472524,0.217213,-0.321303
1750016713.942633,0.592859,0.262022,-0.080074,-0.781263,0.838099,0.483330,nan,0.058082,-0.052908,-0.002432,0.140396,-0.140707,0.003953,nan,0.607212,-29.427400,11.609800,0.804955,0.653190,1.096710,nan,-0.115569,0.241333,-0.512027,-2.277971,-1.385699,2.198006,0.347649,-0.033876,0.023781,-0.064137,0.015605,-0.246915,0.020843,-0.012701,0.169727,-29.163792,-3.702897,18.045723,-0.373647,0.184254,-0.307570
1750016713.976599,0.595326,0.259770,-0.080206,-0.775274,0.831966,0.483570,nan,0.056010,-0.051662,-0.002911,0.138060,-0.138959,0.004743,nan,0.559220,-30.328000,11.922000,1.058250,0.632894,1.018380,nan,-0.116724,0.242160,-0.514306,-2.277460,-1.394128,2.198700,0.347267,-0.034468,0.023651,-0.064669,0.015514,-0.245304,0.020486,-0.011481,0.292713,-29.060642,-3.651322,18.097298,-0.452382,0.203480,-0.327711
1750016714.010908,0.597362,0.257985,-0.080278,-0.770267,0.826983,0.483726,nan,0.057304,-0.049398,-0.002156,0.138180,-0.140911,0.005175,nan,0.370750,-30.303800,11.494100,0.811231,0.622239,1.037060,nan,-0.117816,0.243008,-0.516471,-2.276921,-1.402374,2.199406,0.346919,-0.033406,0.026229,-0.062344,0.015777,-0.244043,0.021818,-0.007602,0.169727,-29.163792,-3.778275,18.069527,-0.445974,0.151295,-0.367995
1750016714.044716,0.597494,0.257866,-0.080289,-0.769908,0.826588,0.483726,nan,0.058154,-0.051219,-0.002300,0.139066,-0.139761,0.004899,nan,0.885925,-31.428000,11.740500,0.872806,0.675401,1.080070,nan,-0.118903,0.243862,-0.518627,-2.276363,-1.410690,2.200130,0.346587,-0.032200,0.025218,-0.063057,0.016546,-0.243023,0.021926,-0.008938,-0.032604,-29.112217,-3.932999,18.069527,-0.439565,0.131154,-0.307570
1750016714.078513,0.599890,0.255662,-0.080325,-0.763990,0.820635,0.483953,nan,0.059064,-0.055075,-0.000731,0.139653,-0.141618,0.005510,nan,0.604355,-29.759000,11.813900,0.762086,0.656386,1.009270,nan,-0.119996,0.244738,-0.520777,-2.275803,-1.418914,2.200866,0.346304,-0.033344,0.025598,-0.064526,0.016759,-0.247694,0.021640,-0.008411,-0.080212,-29.163792,-3.980607,17.974312,-0.485341,0.137563,-0.321303
1750016714.112676,0.602201,0.253530,-0.080349,-0.758420,0.814933,0.484181,nan,0.056058,-0.051734,-0.000587,0.139905,-0.140731,0.006085,nan,1.063710,-28.362100,11.476400,0.799960,0.769367,1.027960,nan,-0.121121,0.245613,-0.522993,-2.275259,-1.427337,2.201619,0.346080,-0.033284,0.026157,-0.065529,0.015824,-0.251501,0.021835,-0.005785,-0.032604,-29.163792,-4.032182,18.144905,-0.413015,0.071645,-0.347853
1750016714.146891,0.604657,0.251278,-0.080373,-0.752431,0.808825,0.484468,nan,0.058537,-0.051015,-0.000850,0.139066,-0.140959,0.006840,nan,1.295710,-26.969000,11.175900,0.901857,0.797304,0.978730,nan,-0.122307,0.246514,-0.525271,-2.274658,-1.435831,2.202375,0.345872,-0.033977,0.025738,-0.066843,0.018598,-0.245452,0.022573,-0.005739,0.118152,-29.088413,-3.853654,18.021919,-0.445974,0.104604,-0.321303
1750016714.180789,0.606957,0.249241,-0.080397,-0.746921,0.803207,0.484732,nan,0.057112,-0.051650,-0.000647,0.137677,-0.142097,0.006492,nan,1.130930,-24.821800,11.624400,1.050830,0.706673,0.989391,nan,-0.123470,0.247385,-0.527490,-2.274071,-1.444195,2.203126,0.345703,-0.035437,0.024295,-0.065505,0.016662,-0.247692,0.024597,-0.001745,0.268909,-28.909885,-3.806046,18.121101,-0.439565,0.078969,-0.354262
1750016714.214519,0.608777,0.247636,-0.080409,-0.742597,0.798799,0.484935,nan,0.060801,-0.053291,0.000000,0.137952,-0.142217,0.006947,nan,1.327800,-25.080100,11.925500,1.059580,0.716490,1.030830,nan,-0.124598,0.248305,-0.529677,-2.273466,-1.452540,2.203899,0.345557,-0.033451,0.027636,-0.061859,0.019056,-0.242699,0.021346,-0.003415,0.141956,-29.009068,-3.932999,18.021919,-0.537526,0.137563,-0.374403
1750016714.248865,0.609269,0.247217,-0.080409,-0.741412,0.797613,0.485019,nan,0.059352,-0.051266,0.000000,0.141270,-0.143714,0.007103,nan,1.763950,-26.460900,11.925300,0.973199,0.705597,0.955972,nan,-0.125711,0.249253,-0.531819,-2.272851,-1.460936,2.204718,0.345454,-0.033283,0.028915,-0.063024,0.016995,-0.250837,0.023792,-0.000933,0.066578,-29.139988,-4.083756,18.097298,-0.400197,0.032277,-0.360670
1750016714.282636,0.611556,0.245073,-0.080409,-0.735602,0.791744,0.485319,nan,0.056441,-0.050129,0.000108,0.138455,-0.143199,0.007798,nan,3.129540,-24.503700,12.059200,0.788638,0.698948,0.982084,nan,-0.126838,0.250214,-0.533999,-2.272236,-1.469390,2.205532,0.345385,-0.032719,0.029579,-0.064408,0.017959,-0.244409,0.023676,-0.000474,-0.032604,-29.163792,-4.159135,18.097298,-0.478933,0.052418,-0.360670
1750016714.316920,0.614000,0.243061,-0.080397,-0.729829,0.785862,0.485654,nan,0.055207,-0.046846,0.000635,0.139198,-0.142456,0.007738,nan,2.520830,-25.125100,11.778100,0.743809,0.651294,0.975496,nan,-0.128007,0.251196,-0.536255,-2.271586,-1.477986,2.206353,0.345350,-0.032760,0.027563,-0.066448,0.017418,-0.248530,0.023944,-0.001432,0.042774,-28.961460,-4.059953,18.069527,-0.505483,0.032277,-0.307570
1750016714.350801,0.616551,0.240952,-0.080385,-0.723899,0.779730,0.486013,nan,0.062095,-0.050799,0.000168,0.140899,-0.142253,0.008792,nan,1.930920,-26.061800,11.765700,0.946890,0.690545,0.992265,nan,-0.129184,0.252158,-0.538478,-2.270959,-1.486447,2.207169,0.345344,-0.034522,0.029882,-0.066090,0.019308,-0.254705,0.024892,-0.000677,0.193531,-29.036839,-3.956803,18.045723,-0.439565,0.006642,-0.301161
1750016714.384493,0.618528,0.239180,-0.080385,-0.719180,0.774890,0.486313,nan,0.057244,-0.051602,0.001006,0.138372,-0.141498,0.008732,nan,2.282400,-25.920000,12.606600,1.009500,0.677304,1.023050,nan,-0.130361,0.253164,-0.540667,-2.270303,-1.494863,2.207987,0.345341,-0.035670,0.030481,-0.064733,0.020593,-0.249158,0.025255,-0.002912,0.141956,-28.961460,-4.083756,17.998116,-0.491750,-0.007091,-0.234328
1750016714.418882,0.618851,0.238892,-0.080397,-0.718425,0.774112,0.486373,nan,0.057866,-0.051243,0.000958,0.137916,-0.140851,0.008696,nan,2.142830,-25.803800,13.293700,0.993888,0.657957,0.994661,nan,-0.131510,0.254175,-0.542821,-2.269654,-1.503322,2.208834,0.345339,-0.034367,0.028519,-0.063724,0.021497,-0.250332,0.026998,-0.001165,0.066578,-28.858311,-4.159135,18.021919,-0.505483,-0.032726,-0.173903
1750016714.452140,0.621307,0.236808,-0.080313,-0.712700,0.768195,0.486780,nan,0.057040,-0.048464,0.002611,0.137425,-0.141462,0.009463,nan,2.212480,-24.976600,13.432400,1.174090,0.665618,0.940999,nan,-0.132659,0.255234,-0.544987,-2.269003,-1.511728,2.209684,0.345336,-0.035010,0.034352,-0.064219,0.019976,-0.249593,0.025603,-0.000434,-0.004833,-29.088413,-4.234513,18.045723,-0.551259,-0.046458,-0.020094
1750016714.485513,0.623690,0.234856,-0.080170,-0.707022,0.762397,0.487163,nan,0.060094,-0.047457,0.004025,0.137785,-0.142624,0.009487,nan,1.543300,-25.051800,13.449100,0.944725,0.680291,0.985318,nan,-0.133832,0.256295,-0.547124,-2.268342,-1.520259,2.210553,0.345387,-0.033679,0.031235,-0.063158,0.019395,-0.252559,0.026081,0.002271,-0.056408,-29.060642,-4.337663,18.144905,-0.537526,-0.079417,0.046739
1750016714.519934,0.626038,0.232951,-0.079990,-0.701464,0.756720,0.487571,nan,0.058250,-0.049733,0.004420,0.138635,-0.142360,0.010098,nan,1.576190,-26.508400,13.035800,0.811213,0.671726,0.969147,nan,-0.135018,0.257372,-0.549313,-2.267638,-1.528794,2.211409,0.345584,-0.035574,0.032861,-0.064599,0.020615,-0.252264,0.027936,0.004879,-0.032604,-28.933689,-4.413041,18.069527,-0.491750,-0.112376,0.119981
1750016714.554081,0.628158,0.231106,-0.079822,-0.696434,0.751485,0.487954,nan,0.059975,-0.050488,0.005414,0.136539,-0.143283,0.010325,nan,1.647060,-27.419200,13.808700,0.895405,0.778713,0.963997,nan,-0.136225,0.258454,-0.551517,-2.266917,-1.537290,2.212261,0.345838,-0.037300,0.032723,-0.066648,0.021324,-0.250955,0.024615,0.010618,0.094349,-29.009068,-4.286088,17.974312,-0.551259,-0.073009,0.086107
1750016714.588912,0.628493,0.230831,-0.079798,-0.695679,0.750707,0.488014,nan,0.060526,-0.049841,0.005342,0.138839,-0.141965,0.010397,nan,1.680320,-27.178200,13.994800,0.823543,0.774133,0.958966,nan,-0.137398,0.259483,-0.553640,-2.266239,-1.545559,2.213081,0.346130,-0.036411,0.030711,-0.066043,0.021248,-0.258019,0.026145,0.010699,0.268909,-28.830540,-4.107560,18.121101,-0.478933,-0.092235,0.099840
1750016714.622908,0.630973,0.228807,-0.079559,-0.689929,0.744753,0.488457,nan,0.061065,-0.047290,0.005594,0.139426,-0.142696,0.011607,nan,1.558610,-28.440200,13.720600,0.978595,0.728343,1.031670,nan,-0.138704,0.260676,-0.556000,-2.265421,-1.554820,2.214022,0.346477,-0.034993,0.034055,-0.064150,0.022913,-0.256575,0.025154,0.008910,0.193531,-28.985264,-4.234513,18.021919,-0.531118,-0.073009,0.119981
1750016714.656743,0.633428,0.226878,-0.079307,-0.684360,0.738968,0.488972,nan,0.058046,-0.047026,0.006348,0.136707,-0.140935,0.012278,nan,1.661940,-27.743600,14.551200,1.104850,0.614643,0.981844,nan,-0.139903,0.261831,-0.558167,-2.264653,-1.563606,2.214924,0.346877,-0.033894,0.032949,-0.062960,0.022155,-0.255355,0.025156,0.012631,-0.056408,-28.755161,-4.488420,18.021919,-0.551259,-0.118785,0.106248
1750016714.690472,0.635716,0.224998,-0.079044,-0.678981,0.733398,0.489475,nan,0.061352,-0.050500,0.006253,0.136755,-0.142815,0.013523,nan,2.616140,-27.941200,14.523900,0.997916,0.666650,1.002450,nan,-0.141093,0.262996,-0.560304,-2.263875,-1.572192,2.215837,0.347273,-0.035638,0.032926,-0.062661,0.022848,-0.254253,0.025005,0.012590,-0.056408,-28.882114,-4.591569,18.021919,-0.543935,-0.164561,0.112657
1750016714.724750,0.638160,0.222925,-0.078720,-0.673268,0.727553,0.490014,nan,0.061184,-0.046535,0.007786,0.137485,-0.142732,0.013260,nan,2.507830,-26.528000,14.098500,0.711637,0.740761,1.013710,nan,-0.142333,0.264203,-0.562507,-2.263079,-1.580865,2.216700,0.347709,-0.039658,0.035631,-0.065773,0.022851,-0.251920,0.024928,0.013339,0.141956,-28.961460,-4.413041,18.069527,-0.511892,-0.138011,0.112657
1750016714.758456,0.640268,0.221224,-0.078433,-0.668501,0.722534,0.490469,nan,0.060753,-0.046260,0.007594,0.139246,-0.141869,0.013919,nan,2.981170,-25.605200,13.972100,0.762994,0.818432,1.045930,nan,-0.143585,0.265378,-0.564693,-2.262292,-1.589445,2.217568,0.348192,-0.038361,0.036312,-0.065597,0.023630,-0.256383,0.026517,0.015804,0.217335,-28.909885,-4.413041,18.021919,-0.505483,-0.164561,0.119981
1750016714.792710,0.640615,0.220949,-0.078385,-0.667698,0.721731,0.490553,nan,0.060034,-0.045960,0.007965,0.136263,-0.142324,0.013595,nan,2.684050,-25.481800,13.848800,0.719493,0.789950,1.030480,nan,-0.144832,0.266594,-0.566889,-2.261472,-1.598168,2.218457,0.348734,-0.035277,0.035391,-0.064691,0.023131,-0.258137,0.027407,0.016699,0.169727,-28.806736,-4.440812,17.998116,-0.537526,-0.164561,0.112657
1750016714.839478,0.645646,0.217044,-0.077690,-0.656391,0.709909,0.491751,nan,0.060262,-0.048344,0.008876,0.138300,-0.142803,0.015751,nan,2.416540,-23.830300,13.729800,0.906480,0.629970,1.063540,nan,-0.146081,0.267853,-0.569068,-2.260628,-1.607020,2.219380,0.349323,-0.034487,0.037511,-0.063685,0.024631,-0.252990,0.027967,0.015489,0.066578,-28.909885,-4.488420,17.946541,-0.518300,-0.236888,0.152940
1750016714.872711,0.648198,0.215032,-0.077331,-0.650857,0.704028,0.492398,nan,0.061496,-0.048643,0.008588,0.134431,-0.142169,0.016171,nan,2.437940,-23.407500,13.432200,1.063020,0.781746,1.063660,nan,-0.147301,0.269117,-0.571181,-2.259786,-1.615710,2.220258,0.349932,-0.036717,0.036638,-0.062595,0.024619,-0.257684,0.025421,0.016665,-0.032604,-28.882114,-4.694718,17.974312,-0.557668,-0.217662,0.166673
1750016714.906035,0.650414,0.213283,-0.076972,-0.645802,0.698781,0.492985,nan,0.060538,-0.046990,0.010361,0.135641,-0.140576,0.016087,nan,2.337270,-23.651300,13.398400,0.991961,0.670986,1.084620,nan,-0.148540,0.270410,-0.573301,-2.258917,-1.624465,2.221144,0.350585,-0.036663,0.037774,-0.063759,0.025123,-0.259028,0.027616,0.019630,-0.080212,-28.909885,-4.793900,18.069527,-0.537526,-0.257030,0.146532
1750016714.939333,0.650581,0.213175,-0.076960,-0.645443,0.698386,0.493009,nan,0.060705,-0.045481,0.009810,0.135114,-0.141151,0.016135,nan,2.325480,-24.629000,14.058900,1.021630,0.691167,1.145940,nan,-0.149790,0.271689,-0.575469,-2.258032,-1.633109,2.222031,0.351268,-0.036120,0.038244,-0.064348,0.026800,-0.254254,0.024703,0.023988,0.018970,-28.961460,-4.742326,17.974312,-0.603444,-0.249706,0.146532
1750016714.972720,0.653180,0.211259,-0.076493,-0.639585,0.692253,0.493739,nan,0.059711,-0.044966,0.010301,0.135676,-0.141737,0.017500,nan,2.502730,-25.441800,13.745100,0.900966,0.734423,1.145230,nan,-0.151081,0.272970,-0.577668,-2.257167,-1.641894,2.222902,0.352014,-0.036819,0.037348,-0.065597,0.024994,-0.262844,0.025689,0.022588,0.141956,-28.909885,-4.567765,18.069527,-0.551259,-0.217662,0.132799
1750016715.006121,0.655744,0.209366,-0.076061,-0.634063,0.686480,0.494458,nan,0.062897,-0.048739,0.011020,0.136755,-0.141606,0.017524,nan,2.111990,-24.511100,13.536700,0.862781,0.707383,1.153610,nan,-0.152411,0.274275,-0.579871,-2.256252,-1.650836,2.223793,0.352832,-0.039635,0.038791,-0.062567,0.027254,-0.257456,0.025457,0.022963,0.344288,-28.830540,-4.591569,17.898933,-0.518300,-0.257030,0.193224
1750016715.039859,0.658283,0.207366,-0.075630,-0.628482,0.680610,0.495201,nan,0.061196,-0.046619,0.010086,0.135317,-0.143426,0.017871,nan,1.464370,-24.560700,13.710300,0.972081,0.675098,1.145830,nan,-0.153578,0.275499,-0.581845,-2.255438,-1.658993,2.224633,0.353561,-0.037577,0.040031,-0.061244,0.027512,-0.256096,0.027435,0.022479,0.217335,-28.858311,-4.643144,17.946541,-0.590627,-0.269847,0.199632
1750016715.072995,0.660571,0.205629,-0.075247,-0.623439,0.675280,0.495883,nan,0.060765,-0.044199,0.010553,0.136180,-0.141151,0.017716,nan,2.201210,-24.395900,13.847900,0.980687,0.642291,1.158880,nan,-0.154948,0.276996,-0.584166,-2.254456,-1.668653,2.225644,0.354510,-0.036489,0.038912,-0.062045,0.026841,-0.256938,0.026140,0.027288,0.066578,-28.830540,-4.821671,18.069527,-0.622671,-0.296397,0.186815
1750016715.106054,0.660751,0.205521,-0.075223,-0.623055,0.674897,0.495943,nan,0.060082,-0.045589,0.010852,0.134155,-0.142264,0.018135,nan,1.877670,-25.094000,14.018600,0.966426,0.633315,1.123070,nan,-0.156203,0.278373,-0.586261,-2.253507,-1.677484,2.226537,0.355397,-0.037952,0.042003,-0.063004,0.028093,-0.261496,0.026717,0.027036,-0.080212,-28.985264,-4.948625,18.021919,-0.583303,-0.362315,0.199632
1750016715.139482,0.663242,0.203724,-0.074756,-0.617689,0.669159,0.496686,nan,0.064442,-0.044032,0.011020,0.133437,-0.142013,0.019165,nan,1.560450,-25.076000,13.626200,1.048300,0.684058,1.147260,nan,-0.157482,0.279745,-0.588370,-2.252540,-1.686209,2.227424,0.356341,-0.037585,0.042524,-0.063143,0.030762,-0.263409,0.026171,0.025610,-0.056408,-28.985264,-4.948625,17.998116,-0.570485,-0.368724,0.226183
1750016715.172861,0.665770,0.201916,-0.074288,-0.612107,0.663362,0.497500,nan,0.060250,-0.045756,0.011343,0.136275,-0.140719,0.020303,nan,1.997610,-25.756600,14.154100,0.682038,0.721588,1.145940,nan,-0.158808,0.281124,-0.590535,-2.251555,-1.695088,2.228276,0.357331,-0.038749,0.040016,-0.062432,0.029077,-0.262174,0.027133,0.027528,0.141956,-28.755161,-4.821671,18.021919,-0.636403,-0.335765,0.160265
1750016715.205992,0.668441,0.199903,-0.073785,-0.606382,0.657277,0.498375,nan,0.060657,-0.045804,0.011679,0.134515,-0.143139,0.019872,nan,2.412460,-26.297100,13.710100,0.786021,0.673542,1.164630,nan,-0.160162,0.282578,-0.592710,-2.250542,-1.704117,2.229170,0.358376,-0.038190,0.043886,-0.061984,0.029287,-0.257593,0.026389,0.031521,0.118152,-28.909885,-4.845475,18.021919,-0.597036,-0.354991,0.199632
1750016715.239671,0.670932,0.198119,-0.073282,-0.601087,0.651623,0.499189,nan,0.065904,-0.043840,0.012553,0.135365,-0.142312,0.020315,nan,2.500490,-27.101800,13.738700,0.911299,0.624701,1.131450,nan,-0.161479,0.284018,-0.594793,-2.249545,-1.712886,2.230072,0.359440,-0.039387,0.042314,-0.062812,0.028394,-0.256098,0.028498,0.032552,0.118152,-28.830540,-4.920854,18.097298,-0.616262,-0.375133,0.186815
1750016715.272813,0.673064,0.196633,-0.072827,-0.596512,0.646772,0.499920,nan,0.062059,-0.043564,0.012661,0.131879,-0.142480,0.021884,nan,2.649850,-27.749300,13.567300,0.982079,0.622086,1.107140,nan,-0.162812,0.285486,-0.596861,-2.248498,-1.721587,2.230994,0.360499,-0.040450,0.043505,-0.059851,0.031730,-0.255076,0.028184,0.032685,0.042774,-29.036839,-5.075578,17.974312,-0.668447,-0.401683,0.193224
1750016715.306000,0.673567,0.196262,-0.072719,-0.595422,0.645586,0.500100,nan,0.062574,-0.043433,0.012290,0.132239,-0.143642,0.022267,nan,2.829390,-27.036800,13.367100,0.979903,0.652398,1.093240,nan,-0.164137,0.286908,-0.598900,-2.247448,-1.730132,2.231977,0.361611,-0.038176,0.044458,-0.059908,0.031026,-0.250789,0.028251,0.032857,-0.056408,-28.933689,-5.123185,18.021919,-0.616262,-0.420909,0.193224
1750016715.339777,0.676214,0.194465,-0.072156,-0.589924,0.639729,0.501058,nan,0.061640,-0.045229,0.014494,0.134035,-0.145127,0.022770,nan,2.547530,-26.798500,13.653600,0.973455,0.642689,1.040780,nan,-0.165528,0.288372,-0.600962,-2.246342,-1.738768,2.232952,0.362754,-0.041430,0.044636,-0.061617,0.032199,-0.254123,0.028056,0.031788,-0.032604,-28.858311,-5.174760,17.946541,-0.583303,-0.447459,0.226183
1750016715.373070,0.678754,0.192645,-0.071569,-0.584737,0.634147,0.501944,nan,0.066527,-0.045936,0.014577,0.132107,-0.141941,0.022711,nan,1.798330,-25.848800,13.142600,1.051690,0.636557,1.097430,nan,-0.166975,0.289897,-0.603075,-2.245208,-1.747366,2.233959,0.363939,-0.042681,0.044307,-0.062605,0.033201,-0.250087,0.028852,0.036416,0.094349,-28.830540,-5.075578,17.922737,-0.570485,-0.427318,0.199632
1750016715.406399,0.681353,0.190788,-0.070971,-0.579239,0.628326,0.502903,nan,0.062766,-0.044187,0.015200,0.130742,-0.141474,0.023441,nan,1.738240,-24.943500,13.589400,0.820855,0.731216,1.090130,nan,-0.168267,0.291250,-0.604921,-2.244235,-1.754945,2.234885,0.364994,-0.043065,0.044857,-0.062174,0.030689,-0.253544,0.032645,0.034523,0.193531,-28.806736,-5.024003,18.069527,-0.590627,-0.460277,0.206956
1750016715.439899,0.683845,0.189099,-0.070372,-0.574101,0.622852,0.503825,nan,0.062346,-0.041624,0.014206,0.131580,-0.140096,0.023837,nan,0.857185,-24.204200,13.139900,0.800850,0.704684,1.041620,nan,-0.169889,0.292928,-0.607146,-2.242988,-1.764026,2.236013,0.366311,-0.042968,0.044823,-0.058816,0.033356,-0.240345,0.034639,0.034337,0.268909,-28.858311,-5.075578,17.898933,-0.622671,-0.474010,0.253648
1750016715.475186,0.684012,0.189003,-0.070336,-0.573765,0.622480,0.503897,nan,0.060310,-0.042786,0.014230,0.134167,-0.141139,0.023525,nan,1.191390,-25.089000,13.191500,0.823845,0.663319,1.017420,nan,-0.171272,0.294407,-0.608995,-2.241899,-1.771900,2.237041,0.367472,-0.041241,0.045649,-0.056893,0.034401,-0.244250,0.032767,0.037756,-0.032604,-28.909885,-5.353288,18.045723,-0.518300,-0.486827,0.233507
1750016715.508391,0.686683,0.187254,-0.069737,-0.568399,0.616707,0.504927,nan,0.065544,-0.043301,0.015368,0.132730,-0.142444,0.025202,nan,0.489594,-23.889200,13.430500,0.941662,0.643391,0.971902,nan,-0.172873,0.296076,-0.611079,-2.240643,-1.780544,2.238263,0.368821,-0.046126,0.046682,-0.056506,0.035404,-0.238359,0.033981,0.037485,-0.056408,-28.961460,-5.480241,17.974312,-0.622671,-0.532604,0.226183
1750016715.542665,0.689283,0.185470,-0.069102,-0.563093,0.610898,0.505981,nan,0.064622,-0.043816,0.015739,0.131340,-0.139629,0.026592,nan,0.865750,-23.872900,13.935700,1.129520,0.665335,0.978131,nan,-0.174405,0.297673,-0.613035,-2.239428,-1.788507,2.239416,0.370097,-0.046028,0.048319,-0.058749,0.035988,-0.232513,0.035044,0.038162,-0.004833,-29.112217,-5.452470,17.974312,-0.622671,-0.552745,0.213365
1750016715.576476,0.691930,0.183625,-0.068443,-0.557691,0.605136,0.507047,nan,0.063544,-0.044691,0.015763,0.129927,-0.140252,0.025801,nan,0.713772,-22.561800,13.969000,1.048820,0.678545,0.977412,nan,-0.175988,0.299247,-0.615061,-2.238167,-1.796637,2.240556,0.371451,-0.044237,0.046011,-0.057861,0.036385,-0.236583,0.032457,0.039947,0.094349,-28.961460,-5.353288,18.045723,-0.655630,-0.532604,0.219774
1750016715.610382,0.694637,0.181852,-0.067772,-0.552217,0.599219,0.508173,nan,0.065784,-0.042235,0.015428,0.130765,-0.140300,0.026783,nan,1.179990,-23.448200,14.035100,1.021630,0.712231,0.918719,nan,-0.177564,0.300795,-0.617036,-2.236888,-1.804569,2.241687,0.372777,-0.046682,0.046178,-0.059572,0.039037,-0.235649,0.035285,0.038309,0.268909,-28.858311,-5.226335,17.946541,-0.642812,-0.552745,0.226183
1750016715.644722,0.694637,0.181852,-0.067772,-0.552217,0.599219,0.508173,nan,0.065784,-0.042235,0.015428,0.130765,-0.140300,0.026783,nan,1.180030,-23.448200,14.035100,1.021580,0.712298,0.918719,nan,-0.179119,0.302382,-0.618970,-2.235571,-1.812530,2.242806,0.374152,-0.045210,0.045779,-0.056505,0.037893,-0.240173,0.035126,0.040747,0.217335,-28.882114,-5.329484,17.974312,-0.570485,-0.559154,0.253648
1750016715.678440,0.697332,0.180127,-0.067102,-0.546755,0.593362,0.509299,nan,0.064850,-0.041061,0.016937,0.130945,-0.139977,0.027634,nan,0.862112,-23.293200,13.755600,0.874514,0.781089,0.961961,nan,-0.180682,0.303954,-0.620846,-2.234271,-1.820245,2.244038,0.375548,-0.047205,0.046716,-0.055224,0.040190,-0.229195,0.037440,0.043600,0.169727,-28.933689,-5.404862,17.974312,-0.622671,-0.559154,0.199632
1750016715.712500,0.699991,0.178462,-0.066395,-0.541412,0.587648,0.510497,nan,0.064490,-0.041648,0.016853,0.128729,-0.140108,0.028436,nan,1.103130,-24.383400,13.763100,0.877791,0.671996,0.795824,nan,-0.182266,0.305588,-0.622712,-2.232906,-1.827962,2.245278,0.376973,-0.049397,0.047508,-0.053903,0.040258,-0.223388,0.036936,0.042569,0.094349,-28.961460,-5.579423,17.974312,-0.609853,-0.592113,0.239915
1750016715.746862,0.702698,0.176678,-0.065736,-0.536190,0.581970,0.511611,nan,0.066047,-0.043014,0.016362,0.129819,-0.141498,0.028855,nan,1.282060,-24.310600,14.166300,1.065200,0.583821,0.952618,nan,-0.183891,0.307261,-0.624566,-2.231498,-1.835747,2.246566,0.378447,-0.046757,0.047613,-0.052756,0.039582,-0.225167,0.037866,0.042791,-0.155590,-28.933689,-5.757951,17.974312,-0.662038,-0.625072,0.266466
1750016715.780613,0.705393,0.174929,-0.065005,-0.530824,0.576113,0.512844,nan,0.066035,-0.041277,0.017464,0.128849,-0.142001,0.029694,nan,1.378910,-24.382500,14.174800,1.093500,0.669417,0.879551,nan,-0.185514,0.308898,-0.626411,-2.230132,-1.843293,2.247790,0.379911,-0.051009,0.047407,-0.055029,0.040686,-0.221845,0.036911,0.044372,-0.004833,-28.882114,-5.734147,17.898933,-0.694997,-0.618663,0.226183
1750016715.814786,0.707621,0.173551,-0.064394,-0.526488,0.571394,0.513827,nan,0.065796,-0.039456,0.018818,0.128202,-0.138192,0.030293,nan,1.036360,-23.622300,13.873300,1.143020,0.663069,0.945431,nan,-0.187165,0.310607,-0.628280,-2.228756,-1.850925,2.249010,0.381396,-0.050146,0.052353,-0.054910,0.041555,-0.224427,0.036616,0.043190,-0.080212,-29.191563,-5.785722,17.946541,-0.616262,-0.618663,0.300340
1750016715.849108,0.708148,0.173240,-0.064251,-0.525434,0.570232,0.514090,nan,0.067964,-0.040247,0.018482,0.127999,-0.142815,0.031071,nan,1.711230,-24.779200,14.244700,1.169450,0.713600,0.893086,nan,-0.188739,0.312132,-0.630010,-2.227498,-1.857907,2.250141,0.382772,-0.051285,0.048162,-0.057108,0.040774,-0.225388,0.035304,0.044858,0.241138,-29.088413,-5.555619,18.168709,-0.682180,-0.631480,0.273790
1750016715.882838,0.710771,0.171695,-0.063472,-0.520403,0.564794,0.515240,nan,0.066251,-0.040139,0.021261,0.131101,-0.140420,0.030748,nan,1.627640,-24.291400,14.066300,1.007570,0.698319,0.940879,nan,-0.190558,0.313923,-0.632014,-2.225907,-1.866072,2.251459,0.384441,-0.050179,0.049076,-0.053721,0.044369,-0.226363,0.037240,0.044359,0.292713,-28.933689,-5.555619,17.998116,-0.675771,-0.644298,0.239915
1750016715.916728,0.713562,0.170006,-0.062598,-0.514905,0.558865,0.516570,nan,0.067688,-0.042750,0.018698,0.128813,-0.138563,0.031814,nan,0.928185,-26.071900,14.386900,0.909659,0.685565,0.894284,nan,-0.192265,0.315643,-0.633842,-2.224361,-1.873709,2.252756,0.386009,-0.050256,0.049868,-0.052444,0.045511,-0.218320,0.038139,0.047380,0.094349,-28.933689,-5.682572,17.875130,-0.597036,-0.598521,0.233507
1750016715.950562,0.716401,0.168209,-0.061771,-0.509419,0.552899,0.517887,nan,0.068048,-0.040043,0.019764,0.127495,-0.138228,0.033419,nan,1.310320,-25.372600,14.183200,1.011830,0.610562,0.954414,nan,-0.193944,0.317375,-0.635597,-2.222856,-1.881104,2.254048,0.387577,-0.051313,0.051015,-0.051146,0.044177,-0.215423,0.037891,0.050881,0.094349,-28.961460,-5.861100,18.045723,-0.688589,-0.683666,0.226183
1750016715.984870,0.718833,0.166844,-0.061065,-0.504891,0.547964,0.519013,nan,0.066419,-0.039181,0.020962,0.128394,-0.140923,0.031922,nan,0.573933,-27.137500,14.794200,0.945151,0.634946,1.015380,nan,-0.195637,0.319153,-0.637344,-2.221306,-1.888461,2.255331,0.389160,-0.048743,0.051645,-0.051357,0.045662,-0.217468,0.034353,0.046834,-0.056408,-29.163792,-6.011857,17.946541,-0.668447,-0.644298,0.253648
1750016716.018656,0.718988,0.166736,-0.061005,-0.504568,0.547593,0.519097,nan,0.064023,-0.040678,0.021381,0.128825,-0.138695,0.032964,nan,1.160870,-26.866700,14.612800,1.027010,0.622829,1.012150,nan,-0.197356,0.320897,-0.639073,-2.219758,-1.895801,2.256622,0.390755,-0.052561,0.051308,-0.052118,0.045723,-0.213626,0.038333,0.046566,-0.032604,-29.060642,-6.063432,18.069527,-0.675771,-0.703807,0.306749
1750016716.052825,0.721684,0.165179,-0.060166,-0.499453,0.541999,0.520439,nan,0.064682,-0.037156,0.018818,0.125148,-0.134203,0.032125,nan,0.647668,-26.583800,15.148900,0.986086,0.626896,0.970226,nan,-0.199116,0.322681,-0.640849,-2.218159,-1.903129,2.257891,0.392441,-0.052282,0.052715,-0.052721,0.048431,-0.213592,0.037021,0.048377,-0.004833,-29.139988,-6.087235,17.875130,-0.688589,-0.677257,0.239915
1750016716.086524,0.724211,0.163753,-0.059388,-0.494638,0.536657,0.521732,nan,0.064059,-0.035539,0.020231,0.119614,-0.130586,0.031754,nan,0.954801,-27.164800,15.111600,1.139090,0.626780,1.017060,nan,-0.200933,0.324509,-0.642637,-2.216586,-1.910594,2.259175,0.394138,-0.052262,0.051467,-0.052500,0.044030,-0.219077,0.036399,0.052717,0.118152,-29.163792,-5.988053,18.069527,-0.734365,-0.710216,0.213365
1750016716.120884,0.726870,0.162184,-0.058633,-0.489703,0.531291,0.523014,nan,0.062214,-0.038330,0.019009,0.121255,-0.131891,0.031682,nan,0.712764,-26.465700,15.652600,1.011910,0.678735,1.109770,nan,-0.202696,0.326295,-0.644376,-2.215020,-1.917869,2.260416,0.395897,-0.052339,0.053053,-0.051141,0.047091,-0.215301,0.036207,0.052955,0.169727,-29.290745,-5.960282,18.168709,-0.747182,-0.683666,0.226183
1750016716.154688,0.729254,0.160759,-0.057878,-0.485127,0.526368,0.524248,nan,0.061029,-0.033766,0.019057,0.112044,-0.122381,0.031958,nan,0.364574,-25.989200,15.145200,0.830854,0.623988,1.062460,nan,-0.204487,0.328075,-0.646116,-2.213379,-1.925181,2.261688,0.397639,-0.053367,0.053203,-0.049960,0.050340,-0.212568,0.034566,0.052353,0.316517,-29.215366,-5.988053,18.045723,-0.707815,-0.690990,0.226183
1750016716.188983,0.729421,0.160675,-0.057830,-0.484828,0.526020,0.524308,nan,0.060933,-0.033551,0.018926,0.115853,-0.127735,0.030951,nan,0.419193,-26.333700,15.336800,0.818628,0.683292,1.147260,nan,-0.206232,0.329869,-0.647790,-2.211703,-1.932394,2.262963,0.399380,-0.051053,0.054719,-0.049312,0.049364,-0.208458,0.040556,0.051965,0.094349,-29.215366,-6.138810,17.998116,-0.688589,-0.769725,0.239915
1750016716.222698,0.731757,0.159345,-0.057064,-0.480384,0.521145,0.525529,nan,0.057842,-0.032581,0.018518,0.108558,-0.120105,0.029778,nan,0.874962,-26.199800,15.337300,0.917279,0.565544,1.115880,nan,-0.208018,0.331685,-0.649457,-2.210014,-1.939520,2.264300,0.401151,-0.052465,0.054196,-0.050412,0.049622,-0.208499,0.040372,0.053038,0.018970,-29.112217,-6.166581,18.097298,-0.721547,-0.763316,0.266466
1750016716.256524,0.734021,0.158088,-0.056285,-0.476251,0.516546,0.526703,nan,0.053219,-0.029239,0.018722,0.102018,-0.111648,0.028771,nan,1.210290,-24.142900,14.887700,1.047080,0.592093,1.101510,nan,-0.209866,0.333573,-0.651113,-2.208223,-1.946740,2.265656,0.402988,-0.052642,0.056306,-0.048076,0.051985,-0.207918,0.037851,0.053122,-0.080212,-29.290745,-6.368913,17.898933,-0.740774,-0.763316,0.280199
1750016716.290741,0.736237,0.156914,-0.055519,-0.472011,0.511850,0.527913,nan,0.056190,-0.029430,0.019225,0.103587,-0.115254,0.029874,nan,1.744640,-24.984700,15.004200,1.084230,0.633026,1.156610,nan,-0.211656,0.335436,-0.652739,-2.206492,-1.953868,2.266937,0.404788,-0.053485,0.054734,-0.049474,0.052233,-0.208209,0.038496,0.055275,-0.131787,-29.318516,-6.444291,18.069527,-0.734365,-0.755992,0.226183
1750016716.324634,0.738525,0.155656,-0.054764,-0.467878,0.507323,0.529123,nan,0.053351,-0.030448,0.017608,0.102773,-0.110606,0.029634,nan,1.152260,-22.746000,14.844500,0.994197,0.590195,1.164750,nan,-0.213494,0.337306,-0.654395,-2.204714,-1.960984,2.268216,0.406588,-0.054811,0.055253,-0.048756,0.052056,-0.209350,0.036590,0.052202,-0.056408,-29.290745,-6.444291,17.922737,-0.721547,-0.769725,0.239915
1750016716.372837,0.740633,0.154518,-0.054057,-0.463998,0.502998,0.530273,nan,0.054297,-0.028831,0.016925,0.097466,-0.104390,0.027047,nan,1.768400,-24.464900,14.600600,1.118740,0.604891,1.125940,nan,-0.215304,0.339087,-0.656001,-2.203037,-1.967831,2.269449,0.408384,-0.054906,0.053293,-0.049925,0.049919,-0.213187,0.037983,0.055855,0.066578,-29.239170,-6.341142,18.045723,-0.675771,-0.802684,0.226183
1750016716.405988,0.742765,0.153332,-0.053303,-0.460165,0.498734,0.531435,nan,0.046619,-0.025166,0.017955,0.090974,-0.100317,0.026316,nan,0.940132,-21.923400,14.705700,1.205090,0.626221,1.075750,nan,-0.217307,0.341098,-0.657744,-2.201189,-1.975345,2.270812,0.410370,-0.055960,0.057358,-0.048618,0.051841,-0.202089,0.039975,0.054584,0.193531,-29.318516,-6.293534,18.168709,-0.721547,-0.788951,0.253648
1750016716.439775,0.744658,0.152374,-0.052632,-0.456607,0.494865,0.532513,nan,0.049194,-0.024352,0.016686,0.088770,-0.099239,0.026651,nan,1.465900,-23.682500,15.466600,1.057250,0.661875,1.059460,nan,-0.219238,0.343031,-0.659344,-2.199327,-1.982313,2.272138,0.412279,-0.055856,0.057607,-0.047003,0.057118,-0.203389,0.038340,0.053400,0.292713,-29.393894,-6.265763,17.998116,-0.767324,-0.763316,0.253648
1750016716.472831,0.746694,0.151320,-0.051949,-0.452906,0.490853,0.533639,nan,0.047445,-0.025549,0.015428,0.086722,-0.093909,0.027622,nan,0.677270,-22.309800,14.573700,0.948025,0.497050,1.035390,nan,-0.221141,0.345007,-0.660900,-2.197417,-1.989393,2.273517,0.414257,-0.053717,0.054892,-0.045090,0.054576,-0.206928,0.041187,0.057729,0.042774,-29.290745,-6.547441,18.121101,-0.734365,-0.815501,0.253648
1750016716.506464,0.748479,0.150434,-0.051362,-0.449780,0.487355,0.534657,nan,0.049290,-0.022651,0.016290,0.086207,-0.094340,0.027250,nan,0.511745,-22.589400,15.143100,1.031920,0.598235,1.014660,nan,-0.223018,0.346970,-0.662393,-2.195538,-1.996299,2.274862,0.416190,-0.055223,0.056973,-0.043725,0.053743,-0.207702,0.040967,0.056052,-0.155590,-29.370090,-6.773576,18.097298,-0.682180,-0.881419,0.293016
1750016716.539594,0.748742,0.150302,-0.051266,-0.449336,0.486852,0.534800,nan,0.048547,-0.022543,0.016039,0.084757,-0.092675,0.025298,nan,0.539410,-22.169900,14.806400,1.095080,0.557495,1.032750,nan,-0.224929,0.348953,-0.663905,-2.193590,-2.003208,2.276155,0.418169,-0.059039,0.058611,-0.044268,0.058669,-0.209363,0.038465,0.059709,-0.107983,-29.600193,-6.876725,17.898933,-0.668447,-0.854869,0.260057
1750016716.572771,0.750539,0.149463,-0.050680,-0.446126,0.483270,0.535854,nan,0.043097,-0.021153,0.014601,0.077355,-0.087057,0.024268,nan,-0.206059,-22.928300,15.492700,1.124250,0.544944,0.900752,nan,-0.226864,0.350906,-0.665428,-2.191723,-2.010044,2.277450,0.420171,-0.059923,0.056725,-0.045413,0.055981,-0.206465,0.038812,0.062164,-0.080212,-29.497044,-6.825150,18.168709,-0.747182,-0.868602,0.239915
1750016716.606580,0.752144,0.148673,-0.050093,-0.443144,0.479929,0.536813,nan,0.042187,-0.020710,0.015224,0.077020,-0.085308,0.023369,nan,0.875558,-24.438100,15.454700,1.215150,0.592389,0.914048,nan,-0.228850,0.352870,-0.667009,-2.189781,-2.016917,2.278719,0.422165,-0.056861,0.059195,-0.047114,0.058218,-0.201446,0.036729,0.060992,0.141956,-29.572422,-6.595048,17.946541,-0.740774,-0.835643,0.266466
1750016716.639644,0.754025,0.147738,-0.049422,-0.439766,0.476215,0.537867,nan,0.040259,-0.021549,0.015380,0.073546,-0.081511,0.023837,nan,0.926512,-23.290600,15.459000,1.159100,0.556311,0.982683,nan,-0.230889,0.354880,-0.668567,-2.187825,-2.023845,2.280042,0.424242,-0.059133,0.059263,-0.043119,0.057039,-0.199680,0.038438,0.057590,0.268909,-29.572422,-6.595048,18.144905,-0.714223,-0.848460,0.273790
1750016716.672809,0.755522,0.146912,-0.048835,-0.437023,0.473161,0.538717,nan,0.041289,-0.022351,0.015236,0.074073,-0.081272,0.023310,nan,1.357340,-22.670800,14.627700,1.196780,0.538461,1.042570,nan,-0.232856,0.356861,-0.670039,-2.185862,-2.030582,2.281368,0.426298,-0.057802,0.057562,-0.042545,0.059780,-0.195802,0.038415,0.064332,0.193531,-29.548618,-6.722001,18.121101,-0.714223,-0.894237,0.273790
1750016716.707037,0.755630,0.146864,-0.048787,-0.436819,0.472933,0.538777,nan,0.040618,-0.021836,0.015440,0.075307,-0.082517,0.023753,nan,1.535920,-23.347100,14.375800,1.190130,0.549588,1.053950,nan,-0.234815,0.358876,-0.671490,-2.183815,-2.037317,2.282671,0.428366,-0.057247,0.058364,-0.042146,0.063054,-0.201049,0.039666,0.058337,0.018970,-29.520847,-6.876725,17.998116,-0.714223,-0.894237,0.333299
1750016716.739477,0.757366,0.146026,-0.048200,-0.433825,0.469627,0.539783,nan,0.040917,-0.021740,0.015799,0.074899,-0.083488,0.024675,nan,0.951568,-24.109600,15.313800,1.179650,0.539499,0.969986,nan,-0.236679,0.360806,-0.672801,-2.181835,-2.043650,2.283963,0.430360,-0.056866,0.059370,-0.041650,0.059906,-0.193086,0.040105,0.063521,-0.107983,-29.600193,-6.975907,17.974312,-0.760915,-0.927196,0.286607
1750016716.772800,0.758876,0.145235,-0.047577,-0.431022,0.466489,0.540742,nan,0.039192,-0.018890,0.014877,0.068791,-0.074420,0.024088,nan,2.341160,-24.702100,15.342900,1.230370,0.522674,0.944233,nan,-0.238832,0.362997,-0.674306,-2.179609,-2.050819,2.285375,0.432641,-0.059910,0.059124,-0.042787,0.062178,-0.190855,0.037520,0.061574,-0.155590,-29.623997,-7.102860,17.946541,-0.792959,-0.907970,0.273790
1750016716.806784,0.760601,0.144421,-0.046990,-0.428063,0.463243,0.541772,nan,0.041636,-0.019057,0.013380,0.069928,-0.077223,0.024028,nan,1.151520,-23.817100,15.783100,1.208760,0.474839,0.893086,nan,-0.240908,0.365050,-0.675732,-2.177528,-2.057483,2.286683,0.434817,-0.059993,0.059317,-0.041596,0.060811,-0.194155,0.036938,0.066177,-0.056408,-29.802525,-7.055253,17.898933,-0.740774,-0.927196,0.293016
1750016716.839646,0.762170,0.143642,-0.046427,-0.425308,0.460212,0.542694,nan,0.038665,-0.018638,0.015104,0.067497,-0.074468,0.023022,nan,1.430300,-22.979800,15.214700,1.122060,0.457954,0.903148,nan,-0.242997,0.367121,-0.677177,-2.175473,-2.064185,2.288017,0.437025,-0.058910,0.059700,-0.042897,0.060065,-0.193675,0.038107,0.062849,0.066578,-29.445469,-6.952104,18.144905,-0.806692,-0.953746,0.266466
1750016716.872807,0.763535,0.143043,-0.045924,-0.422901,0.457565,0.543509,nan,0.039276,-0.017153,0.014733,0.064682,-0.073139,0.023273,nan,1.746620,-24.614600,15.481800,1.069560,0.414785,0.943754,nan,-0.245078,0.369216,-0.678564,-2.173340,-2.070799,2.289315,0.439198,-0.062923,0.061836,-0.039478,0.062969,-0.193116,0.037878,0.065411,0.193531,-29.778721,-7.079057,18.021919,-0.786550,-0.927196,0.293016
1750016716.906028,0.763763,0.142959,-0.045828,-0.422529,0.457146,0.543640,nan,0.038713,-0.016530,0.014086,0.063568,-0.071030,0.022195,nan,1.844890,-25.235600,14.965400,1.080270,0.417529,0.944473,nan,-0.247118,0.371352,-0.679909,-2.171194,-2.077348,2.290624,0.441376,-0.059498,0.063626,-0.039418,0.063765,-0.188372,0.040540,0.063146,-0.056408,-29.905674,-7.229814,18.196480,-0.799367,-0.966563,0.300340
1750016716.939812,0.765308,0.142241,-0.045265,-0.419966,0.454307,0.544539,nan,0.034329,-0.016506,0.013631,0.062131,-0.070659,0.022219,nan,1.217070,-23.281200,14.934800,1.023940,0.421568,0.968668,nan,-0.249191,0.373443,-0.681227,-2.169020,-2.083800,2.291942,0.443592,-0.063892,0.061815,-0.038235,0.067188,-0.189565,0.040069,0.064483,-0.004833,-29.830296,-7.281388,17.974312,-0.799367,-0.986705,0.273790
1750016716.972963,0.766709,0.141606,-0.044750,-0.417486,0.451468,0.545449,nan,0.035647,-0.015500,0.013080,0.061651,-0.065796,0.021321,nan,1.136360,-24.130200,15.505600,1.147850,0.446591,0.951779,nan,-0.251288,0.375605,-0.682538,-2.166770,-2.090311,2.293262,0.445782,-0.062239,0.064197,-0.038872,0.066465,-0.187107,0.039975,0.064289,-0.056408,-29.981052,-7.332963,17.998116,-0.792959,-0.993114,0.273790
1750016717.006586,0.768267,0.140899,-0.044211,-0.414887,0.448594,0.546383,nan,0.037527,-0.017416,0.012457,0.062454,-0.065784,0.021884,nan,1.100020,-23.786400,15.400100,1.097910,0.357781,0.937525,nan,-0.253451,0.377746,-0.683846,-2.164544,-2.096904,2.294595,0.448088,-0.062726,0.059639,-0.037876,0.063226,-0.183348,0.042291,0.066568,-0.080212,-29.881870,-7.459916,18.045723,-0.813100,-0.999522,0.246324
1750016717.040727,0.769584,0.140300,-0.043732,-0.412659,0.446066,0.547198,nan,0.033611,-0.015739,0.012613,0.060693,-0.066826,0.022722,nan,1.277540,-24.215300,15.476000,1.258930,0.442143,0.929140,nan,-0.255595,0.379863,-0.685158,-2.162393,-2.103312,2.295853,0.450322,-0.065572,0.063447,-0.038745,0.064798,-0.189783,0.037726,0.066077,0.193531,-29.957249,-7.309159,18.168709,-0.786550,-0.993114,0.300340
1750016717.074447,0.769656,0.140252,-0.043708,-0.412492,0.445875,0.547258,nan,0.033551,-0.015775,0.012254,0.059579,-0.065760,0.020926,nan,1.472820,-24.552300,15.885700,1.251220,0.431777,0.944233,nan,-0.257762,0.382011,-0.686464,-2.160150,-2.109752,2.297096,0.452589,-0.064895,0.064479,-0.038530,0.068703,-0.187546,0.037659,0.069386,0.344288,-30.111973,-7.257585,18.097298,-0.813100,-0.966563,0.246324
1750016717.108706,0.771045,0.139641,-0.043229,-0.410180,0.443287,0.548132,nan,0.034413,-0.016218,0.011930,0.057555,-0.063472,0.021153,nan,1.280340,-25.204700,15.789300,1.251140,0.409305,0.916084,nan,-0.259870,0.384136,-0.687717,-2.157910,-2.116153,2.298364,0.454907,-0.064472,0.062724,-0.036788,0.066944,-0.183663,0.037253,0.065747,0.241138,-30.060398,-7.384538,18.244087,-0.786550,-1.013255,0.260057
1750016717.142703,0.772483,0.138947,-0.042726,-0.407868,0.440664,0.548983,nan,0.032533,-0.016326,0.011487,0.055782,-0.063748,0.021285,nan,0.932491,-25.510300,15.326300,1.262940,0.543231,0.888894,nan,-0.261993,0.386286,-0.688894,-2.155562,-2.122503,2.299651,0.457274,-0.063322,0.063963,-0.033530,0.068985,-0.185373,0.036449,0.069921,-0.107983,-30.084202,-7.690019,18.021919,-0.780141,-1.013255,0.253648
1750016717.176821,0.773788,0.138288,-0.042247,-0.405556,0.438101,0.549833,nan,0.033611,-0.015548,0.012134,0.056800,-0.063592,0.021285,nan,1.263960,-25.262400,15.663500,1.259810,0.503121,0.969387,nan,-0.264169,0.388513,-0.690093,-2.153134,-2.128942,2.300968,0.459681,-0.063370,0.063531,-0.034624,0.069856,-0.183183,0.036135,0.069993,-0.230969,-30.032627,-7.789201,17.946541,-0.825918,-1.019664,0.260057
1750016717.210761,0.775142,0.137689,-0.041744,-0.403280,0.435561,0.550683,nan,0.033575,-0.014793,0.011798,0.055399,-0.062191,0.021141,nan,1.230160,-26.217800,15.406300,1.141450,0.590005,0.957888,nan,-0.266358,0.390685,-0.691292,-2.150853,-2.135212,2.302224,0.462001,-0.065199,0.063322,-0.036326,0.065518,-0.184510,0.037071,0.070988,-0.131787,-30.187351,-7.765397,17.998116,-0.799367,-1.045299,0.306749
1750016717.244706,0.775142,0.137689,-0.041744,-0.403280,0.435561,0.550683,nan,0.033575,-0.014793,0.011798,0.055399,-0.062191,0.021141,nan,1.230130,-26.217800,15.406300,1.141430,0.590029,0.957888,nan,-0.268597,0.392868,-0.692524,-2.148572,-2.141430,2.303475,0.464317,-0.065026,0.065646,-0.036526,0.068702,-0.183728,0.037136,0.067161,0.066578,-30.211155,-7.638444,18.168709,-0.852468,-1.032481,0.266466
1750016717.278541,0.776531,0.137066,-0.041253,-0.401076,0.433082,0.551534,nan,0.032305,-0.014194,0.011870,0.054225,-0.061520,0.021022,nan,0.827412,-25.447600,15.058600,1.262200,0.556427,0.997895,nan,-0.270853,0.395073,-0.693737,-2.146236,-2.147662,2.304740,0.466688,-0.066154,0.068143,-0.035184,0.072169,-0.185521,0.037969,0.074035,0.268909,-30.262730,-7.535295,18.220284,-0.819509,-1.013255,0.246324
1750016717.312431,0.777813,0.136491,-0.040762,-0.398920,0.430662,0.552396,nan,0.031503,-0.014002,0.011499,0.051434,-0.059112,0.020387,nan,0.750164,-25.538900,15.433900,1.322570,0.494755,1.020050,nan,-0.273104,0.397301,-0.694898,-2.143782,-2.153910,2.305986,0.469068,-0.066365,0.067533,-0.034813,0.071756,-0.186508,0.038003,0.072519,0.241138,-30.290501,-7.610673,18.144905,-0.740774,-1.038890,0.280199
1750016717.346754,0.779071,0.135952,-0.040282,-0.396884,0.428351,0.553175,nan,0.031862,-0.013440,0.011739,0.051925,-0.057591,0.019417,nan,1.226310,-25.651900,15.538600,1.406160,0.441954,1.087250,nan,-0.275364,0.399607,-0.696008,-2.141263,-2.160223,2.307271,0.471572,-0.067093,0.068937,-0.030701,0.073103,-0.182558,0.040484,0.068170,-0.004833,-30.393650,-7.943925,18.069527,-0.813100,-1.059032,0.273790
1750016717.380810,0.780352,0.135413,-0.039779,-0.394752,0.426111,0.553965,nan,0.031011,-0.013607,0.011739,0.048559,-0.057315,0.019620,nan,1.021960,-25.745600,14.730200,1.146450,0.422244,1.109650,nan,-0.277581,0.401864,-0.697051,-2.138812,-2.166387,2.308547,0.474029,-0.065975,0.069991,-0.030624,0.072382,-0.182215,0.037032,0.073622,-0.230969,-30.417454,-8.118485,18.021919,-0.832326,-1.085582,0.300340
1750016717.414537,0.781442,0.134946,-0.039384,-0.392895,0.424003,0.554720,nan,0.028771,-0.012385,0.010876,0.050859,-0.056046,0.020159,nan,1.130760,-26.825300,15.760200,1.116230,0.422569,1.079830,nan,-0.279855,0.404123,-0.698124,-2.136404,-2.172499,2.309796,0.476486,-0.068313,0.066930,-0.031356,0.072855,-0.181847,0.036657,0.068778,-0.107983,-30.520603,-8.197831,18.069527,-0.838735,-1.085582,0.273790
1750016717.448302,0.781574,0.134874,-0.039336,-0.392608,0.423691,0.554816,nan,0.030712,-0.013200,0.010541,0.049997,-0.057399,0.021836,nan,1.796960,-26.591000,16.149900,1.082970,0.453752,1.121990,nan,-0.282171,0.406358,-0.699256,-2.134005,-2.178542,2.311052,0.478968,-0.070465,0.065048,-0.034560,0.073900,-0.180607,0.036277,0.076104,0.217335,-30.520603,-7.892350,18.267891,-0.806692,-1.071849,0.253648
1750016717.482604,0.782832,0.134359,-0.038881,-0.390619,0.421439,0.555666,nan,0.030125,-0.012409,0.010936,0.048500,-0.055387,0.019512,nan,1.286610,-26.299000,15.054500,1.100640,0.436899,1.120790,nan,-0.284531,0.408620,-0.700380,-2.131490,-2.184667,2.312284,0.481438,-0.068350,0.066461,-0.033138,0.076394,-0.178052,0.036171,0.072110,0.415699,-30.595982,-7.816972,18.244087,-0.819509,-1.071849,0.300340
1750016717.516912,0.784042,0.133880,-0.038450,-0.388751,0.419319,0.556469,nan,0.030556,-0.012373,0.011403,0.047398,-0.053159,0.019117,nan,0.740735,-27.122600,14.905100,1.184700,0.430982,1.037060,nan,-0.286855,0.410918,-0.701449,-2.128856,-2.190875,2.313527,0.483983,-0.065860,0.066443,-0.030210,0.077731,-0.179969,0.035940,0.072501,0.169727,-30.492832,-7.943925,17.998116,-0.832326,-1.038890,0.260057
1750016717.550622,0.785228,0.133377,-0.038007,-0.386798,0.417151,0.557235,nan,0.028855,-0.012409,0.011271,0.047709,-0.053758,0.020015,nan,0.595757,-26.663100,15.474200,1.087930,0.433134,1.112890,nan,-0.289090,0.413166,-0.702404,-2.126258,-2.196939,2.314741,0.486459,-0.065982,0.068877,-0.026746,0.076425,-0.178597,0.036309,0.073772,-0.179394,-30.469028,-8.348588,17.875130,-0.792959,-1.124950,0.253648
1750016717.584514,0.786306,0.132898,-0.037575,-0.385050,0.415127,0.557990,nan,0.028424,-0.012230,0.011044,0.044607,-0.053674,0.019045,nan,1.619930,-26.548100,15.423000,1.200790,0.490004,1.059340,nan,-0.291373,0.415484,-0.703342,-2.123727,-2.202962,2.315952,0.488988,-0.068941,0.067089,-0.027281,0.074391,-0.176496,0.035348,0.075484,-0.306347,-30.595982,-8.550920,18.045723,-0.813100,-1.137767,0.260057
1750016717.618736,0.786485,0.132826,-0.037504,-0.384810,0.414839,0.558098,nan,0.030065,-0.012325,0.011224,0.045768,-0.053111,0.019453,nan,1.073630,-26.354600,14.957800,1.229330,0.478812,1.045210,nan,-0.293748,0.417804,-0.704333,-2.121277,-2.208911,2.317183,0.491498,-0.072213,0.066921,-0.029956,0.073137,-0.173055,0.035776,0.076302,0.018970,-30.929234,-8.423966,18.466255,-0.852468,-1.177135,0.246324
1750016717.652448,0.787647,0.132347,-0.037072,-0.383013,0.412791,0.558841,nan,0.028496,-0.012709,0.010349,0.046140,-0.050045,0.018961,nan,1.350720,-26.923000,15.216400,1.254180,0.474412,1.086050,nan,-0.296194,0.420146,-0.705388,-2.118669,-2.214839,2.318363,0.494045,-0.072548,0.067776,-0.031237,0.078271,-0.170110,0.034938,0.074653,0.316517,-30.905430,-8.197831,18.291695,-0.884511,-1.150584,0.300340
1750016717.686806,0.788797,0.131808,-0.036665,-0.381193,0.410767,0.559595,nan,0.027478,-0.012864,0.009690,0.043217,-0.051746,0.019453,nan,1.277610,-26.358200,15.455700,1.301840,0.438774,1.170260,nan,-0.298640,0.422475,-0.706404,-2.115922,-2.220854,2.319563,0.496674,-0.070699,0.070249,-0.028728,0.080658,-0.171828,0.035233,0.077452,0.292713,-30.699131,-8.221635,18.144905,-0.871694,-1.124950,0.266466
1750016717.720630,0.789971,0.131245,-0.036270,-0.379324,0.408635,0.560446,nan,0.028951,-0.013859,0.011032,0.046140,-0.051542,0.019608,nan,1.341240,-26.193300,15.838300,1.295310,0.506346,1.081020,nan,-0.300999,0.424801,-0.707314,-2.113217,-2.226806,2.320732,0.499247,-0.068596,0.070478,-0.024559,0.079808,-0.177185,0.033420,0.077071,0.066578,-30.826084,-8.451737,17.922737,-0.792959,-1.144176,0.300340
1750016717.754459,0.791121,0.130730,-0.035839,-0.377527,0.406610,0.561212,nan,0.027921,-0.012218,0.010086,0.043792,-0.051207,0.018926,nan,1.185250,-26.322000,15.582400,1.295590,0.516379,1.061980,nan,-0.303339,0.427186,-0.708172,-2.110622,-2.232748,2.321910,0.501859,-0.067928,0.072930,-0.024629,0.077666,-0.175567,0.035128,0.081365,-0.155590,-30.953037,-8.729447,18.121101,-0.878103,-1.189952,0.273790
1750016717.788310,0.791121,0.130730,-0.035839,-0.377527,0.406610,0.561212,nan,0.027921,-0.012218,0.010086,0.043792,-0.051207,0.018926,nan,1.185220,-26.322000,15.582400,1.295580,0.516419,1.061980,nan,-0.305730,0.429593,-0.709032,-2.108022,-2.238596,2.323098,0.504402,-0.071329,0.070253,-0.026051,0.075284,-0.175866,0.034811,0.078002,-0.207165,-31.286289,-8.832597,18.367073,-0.846059,-1.189952,0.286607
1750016717.822786,0.792295,0.130238,-0.035431,-0.375743,0.404574,0.562003,nan,0.027418,-0.011415,0.009475,0.044595,-0.046966,0.018339,nan,1.555400,-26.008600,15.619700,1.390860,0.441347,1.040540,nan,-0.308222,0.431951,-0.709946,-2.105339,-2.244417,2.324276,0.507016,-0.072707,0.068958,-0.026743,0.080850,-0.173623,0.033032,0.074821,0.169727,-31.262486,-8.705644,18.319466,-0.904653,-1.177135,0.306749
1750016717.856679,0.793373,0.129795,-0.035048,-0.373982,0.402645,0.562769,nan,0.028149,-0.011571,0.009858,0.042499,-0.048799,0.018818,nan,1.790170,-26.103700,15.729400,1.271910,0.476500,1.048680,nan,-0.310783,0.434304,-0.710907,-2.102521,-2.250304,2.325455,0.509708,-0.072481,0.070155,-0.027395,0.083124,-0.171263,0.032518,0.080210,0.415699,-31.032383,-8.372392,18.121101,-0.884511,-1.124950,0.286607
1750016717.890537,0.794547,0.129328,-0.034641,-0.372197,0.400633,0.563560,nan,0.027957,-0.010948,0.009511,0.042271,-0.047948,0.019261,nan,1.730790,-25.791600,15.653300,1.263820,0.521855,1.065810,nan,-0.313209,0.436608,-0.711750,-2.099714,-2.256035,2.326607,0.512333,-0.071863,0.068987,-0.023144,0.084030,-0.172767,0.034673,0.079988,0.217335,-30.929234,-8.578691,17.974312,-0.865285,-1.164317,0.286607
1750016717.924367,0.795816,0.128813,-0.034210,-0.370376,0.398585,0.564398,nan,0.029251,-0.012349,0.010589,0.044092,-0.050632,0.019608,nan,1.303680,-25.122700,15.844000,1.248130,0.487590,1.078150,nan,-0.315593,0.438976,-0.712502,-2.096980,-2.261828,2.327784,0.515034,-0.069358,0.074931,-0.022645,0.080391,-0.172187,0.035693,0.078196,-0.207165,-31.135532,-8.931779,17.998116,-0.858877,-1.210094,0.293016
1750016717.958761,0.796775,0.128394,-0.033850,-0.368903,0.396920,0.565069,nan,0.025454,-0.011487,0.010732,0.043073,-0.050117,0.019548,nan,1.245410,-24.816600,15.687500,1.249490,0.468480,1.074440,nan,-0.318016,0.441437,-0.713254,-2.094307,-2.267568,2.328940,0.517669,-0.072067,0.074354,-0.023227,0.081303,-0.173438,0.032413,0.078143,-0.179394,-31.567966,-9.058732,18.367073,-0.858877,-1.249461,0.293016
1750016717.992584,0.796918,0.128334,-0.033778,-0.368675,0.396656,0.565177,nan,0.026532,-0.010972,0.010134,0.044152,-0.048991,0.019261,nan,1.348320,-25.060400,15.220700,1.292930,0.419250,1.088810,nan,-0.320555,0.443896,-0.714063,-2.091527,-2.273360,2.330082,0.520337,-0.074650,0.071394,-0.024706,0.083445,-0.166737,0.034184,0.079019,0.094349,-31.746494,-9.007157,18.490059,-0.846059,-1.262279,0.266466
1750016718.039757,0.799038,0.127483,-0.032964,-0.365369,0.392895,0.566698,nan,0.027346,-0.010193,0.009595,0.039923,-0.042966,0.017057,nan,2.031060,-24.380100,15.701200,1.361740,0.438270,0.972861,nan,-0.323164,0.446264,-0.714925,-2.088604,-2.279119,2.331212,0.523063,-0.075337,0.067576,-0.024278,0.088431,-0.164413,0.032582,0.077869,0.241138,-31.234715,-8.804826,18.244087,-0.878103,-1.203685,0.266466
1750016718.072897,0.800104,0.127076,-0.032557,-0.363752,0.391087,0.567417,nan,0.024543,-0.009475,0.010373,0.038749,-0.045529,0.017644,nan,1.805960,-23.851800,15.829300,1.243570,0.512495,0.985677,nan,-0.325679,0.448593,-0.715721,-2.085711,-2.284794,2.332303,0.525707,-0.075317,0.071233,-0.022906,0.084448,-0.169714,0.033120,0.077784,0.193531,-31.056187,-8.856400,17.922737,-0.865285,-1.170726,0.293016
1750016718.106025,0.801075,0.126693,-0.032149,-0.362195,0.389338,0.568112,nan,0.026759,-0.009978,0.010433,0.038809,-0.045721,0.018470,nan,1.961930,-23.859800,15.662300,1.185380,0.510314,1.003290,nan,-0.328194,0.451050,-0.716421,-2.082904,-2.290371,2.333466,0.528372,-0.073224,0.076171,-0.020960,0.081810,-0.163789,0.034436,0.080875,-0.080212,-31.441013,-9.110307,18.144905,-0.923879,-1.197276,0.273790
1750016718.140200,0.801147,0.126657,-0.032125,-0.362099,0.389218,0.568172,nan,0.026735,-0.009990,0.010349,0.040175,-0.043648,0.018339,nan,1.927470,-23.448700,15.813700,1.211920,0.491145,1.008910,nan,-0.330702,0.453565,-0.717068,-2.080106,-2.295894,2.334585,0.531035,-0.074560,0.073759,-0.019504,0.082952,-0.162916,0.033529,0.078191,-0.179394,-31.849644,-9.439591,18.418648,-0.917470,-1.269603,0.300340
1750016718.173924,0.802272,0.126238,-0.031718,-0.360494,0.387421,0.568926,nan,0.026867,-0.010122,0.009475,0.038737,-0.044691,0.018518,nan,1.546300,-23.137000,15.856600,1.201690,0.461668,0.991307,nan,-0.333280,0.456052,-0.717776,-2.077218,-2.301524,2.335697,0.533790,-0.077661,0.070891,-0.020691,0.086765,-0.168290,0.032511,0.084172,-0.004833,-31.952793,-9.364213,18.367073,-0.832326,-1.269603,0.273790
1750016718.206807,0.803363,0.125842,-0.031359,-0.358949,0.385672,0.569645,nan,0.026603,-0.009726,0.008481,0.039360,-0.043576,0.018410,nan,1.552320,-22.911300,15.766500,1.235590,0.422041,1.006760,nan,-0.335957,0.458465,-0.718555,-2.074168,-2.307164,2.336800,0.536601,-0.078278,0.068036,-0.023820,0.090184,-0.167024,0.030616,0.081199,0.268909,-31.464817,-9.034928,18.045723,-0.911062,-1.216502,0.253648
1750016718.239613,0.804476,0.125411,-0.030975,-0.357272,0.383780,0.570447,nan,0.025034,-0.010972,0.009690,0.040282,-0.045517,0.019057,nan,1.432860,-23.126000,16.089200,1.169880,0.432287,0.995979,nan,-0.338545,0.460824,-0.719295,-2.071254,-2.312661,2.337833,0.539315,-0.077604,0.073380,-0.021084,0.086171,-0.159450,0.031583,0.078931,0.344288,-31.544163,-9.034928,18.045723,-0.923879,-1.189952,0.306749
1750016718.272810,0.805519,0.124980,-0.030580,-0.355739,0.381983,0.571238,nan,0.026615,-0.010481,0.010074,0.038642,-0.043648,0.019309,nan,0.996768,-22.980100,15.659700,1.280670,0.492237,0.910095,nan,-0.341116,0.463280,-0.719906,-2.068386,-2.318173,2.338948,0.542038,-0.074894,0.075025,-0.016233,0.087550,-0.161661,0.032152,0.075276,0.018970,-31.798069,-9.364213,18.291695,-0.891836,-1.262279,0.293016
1750016718.306055,0.806369,0.124645,-0.030233,-0.354469,0.380534,0.571849,nan,0.025609,-0.009523,0.010122,0.036150,-0.041528,0.018015,nan,1.534340,-23.163300,16.176500,1.348700,0.468169,0.895721,nan,-0.343672,0.465806,-0.720481,-2.065438,-2.323639,2.340031,0.544735,-0.076459,0.072691,-0.018288,0.087971,-0.166381,0.034201,0.082508,-0.131787,-32.131321,-9.594316,18.390877,-0.865285,-1.321788,0.353441
1750016718.339832,0.806489,0.124585,-0.030185,-0.354254,0.380306,0.571945,nan,0.025442,-0.010050,0.009511,0.036114,-0.041528,0.017105,nan,2.204520,-22.895300,16.159700,1.350410,0.423798,0.917761,nan,-0.346300,0.468300,-0.721078,-2.062413,-2.329047,2.341112,0.547466,-0.077273,0.071103,-0.017814,0.089455,-0.162699,0.032025,0.078879,-0.080212,-32.155125,-9.618119,18.466255,-0.904653,-1.295238,0.293016
1750016718.373146,0.807555,0.124165,-0.029790,-0.352709,0.378521,0.572711,nan,0.025346,-0.010289,0.010014,0.039360,-0.042283,0.017907,nan,2.450180,-22.616200,16.653600,1.335050,0.484861,0.892487,nan,-0.349032,0.470741,-0.721756,-2.059334,-2.334455,2.342201,0.550288,-0.080258,0.070708,-0.019460,0.086396,-0.155859,0.030762,0.077338,0.118152,-31.925022,-9.388017,18.144905,-0.937612,-1.222911,0.293016
1750016718.406893,0.808681,0.123710,-0.029370,-0.351056,0.376665,0.573490,nan,0.024232,-0.010972,0.009738,0.038582,-0.043924,0.018878,nan,1.162130,-23.217000,16.876200,1.364270,0.505868,0.923032,nan,-0.351721,0.473161,-0.722382,-2.056361,-2.339768,2.343302,0.553080,-0.080508,0.074106,-0.017360,0.089574,-0.156559,0.031882,0.084275,0.217335,-31.849644,-9.364213,18.267891,-0.917470,-1.262279,0.273790
1750016718.439598,0.809771,0.123243,-0.028987,-0.349510,0.374880,0.574256,nan,0.028592,-0.010996,0.009475,0.038941,-0.044786,0.019381,nan,1.575200,-22.781700,16.954000,1.461180,0.487452,0.958247,nan,-0.354404,0.475684,-0.722937,-2.053310,-2.345081,2.344394,0.555877,-0.075783,0.074367,-0.015299,0.089748,-0.155974,0.033835,0.084286,0.042774,-32.155125,-9.542741,18.319466,-0.937612,-1.308971,0.253648
1750016718.472875,0.810741,0.122884,-0.028664,-0.348157,0.373383,0.574927,nan,0.029023,-0.010696,0.009463,0.038534,-0.044187,0.019261,nan,1.449090,-22.658300,16.560000,1.390470,0.464316,0.958008,nan,-0.357011,0.478219,-0.723410,-2.050256,-2.350421,2.345465,0.558602,-0.077660,0.075398,-0.013076,0.091972,-0.158284,0.031110,0.082055,-0.306347,-32.286045,-9.975175,18.196480,-0.871694,-1.328197,0.293016
1750016718.506096,0.810897,0.122812,-0.028628,-0.347941,0.373131,0.575059,nan,0.028568,-0.010337,0.009954,0.037276,-0.044415,0.020315,nan,1.780200,-22.610400,17.180700,1.401540,0.505572,0.920157,nan,-0.359693,0.480743,-0.723922,-2.047072,-2.355661,2.346527,0.561413,-0.079122,0.074473,-0.015303,0.093411,-0.155801,0.030868,0.080031,-0.179394,-32.309849,-9.923600,17.799751,-0.956838,-1.243053,0.300340
1750016718.539758,0.811951,0.122417,-0.028220,-0.346396,0.371395,0.575838,nan,0.024903,-0.010098,0.008996,0.038857,-0.043636,0.019333,nan,1.928560,-22.479900,17.087500,1.398550,0.426194,0.928542,nan,-0.362514,0.483241,-0.724495,-2.044029,-2.360915,2.347673,0.564162,-0.081766,0.072413,-0.016052,0.087480,-0.153373,0.033754,0.081913,0.141956,-32.309849,-9.669694,18.466255,-0.963247,-1.308971,0.260057
1750016718.572892,0.812993,0.122033,-0.027837,-0.344863,0.369646,0.576628,nan,0.026232,-0.009978,0.008792,0.038043,-0.042654,0.018051,nan,1.487810,-22.494200,16.800700,1.405160,0.423821,0.896799,nan,-0.365294,0.485761,-0.725042,-2.041001,-2.366049,2.348750,0.566925,-0.079067,0.075794,-0.016285,0.090863,-0.149274,0.031027,0.081205,0.344288,-32.591526,-9.542741,18.589241,-0.976980,-1.276012,0.300340
1750016718.606050,0.814083,0.121638,-0.027466,-0.343270,0.367873,0.577407,nan,0.028784,-0.010804,0.009343,0.039803,-0.044283,0.019944,nan,2.039600,-23.487500,16.859200,1.360150,0.384300,0.942556,nan,-0.368012,0.488276,-0.725486,-2.037813,-2.371188,2.349839,0.569718,-0.078040,0.072724,-0.012050,0.092538,-0.145963,0.034106,0.078385,-0.004833,-32.619297,-9.923600,18.390877,-0.983388,-1.288829,0.260057
1750016718.639843,0.815233,0.121195,-0.027071,-0.341689,0.366076,0.578269,nan,0.027658,-0.010289,0.009954,0.038845,-0.044882,0.020147,nan,2.201050,-23.048600,16.714800,1.382340,0.365147,0.814030,nan,-0.370668,0.490732,-0.725886,-2.034598,-2.376256,2.350926,0.572491,-0.078215,0.074612,-0.013892,0.096231,-0.151967,0.029500,0.080543,-0.306347,-32.539951,-10.074357,18.168709,-0.956838,-1.282420,0.306749
1750016718.673069,0.815233,0.121195,-0.027071,-0.341689,0.366076,0.578269,nan,0.027658,-0.010289,0.009954,0.038845,-0.044882,0.020147,nan,2.200590,-23.048600,16.714900,1.382220,0.365411,0.814030,nan,-0.373428,0.493233,-0.726326,-2.031418,-2.381425,2.351971,0.575300,-0.082156,0.075854,-0.013670,0.093485,-0.154065,0.031152,0.084412,-0.131787,-32.516148,-10.102128,18.168709,-0.950429,-1.308971,0.300340
1750016718.706859,0.816371,0.120776,-0.026639,-0.340036,0.364220,0.579120,nan,0.024867,-0.008912,0.010050,0.036917,-0.041552,0.018674,nan,2.108300,-23.509800,16.724500,1.345370,0.317963,0.869010,nan,-0.376332,0.495855,-0.726808,-2.028253,-2.386630,2.353085,0.578149,-0.084695,0.075703,-0.014805,0.093689,-0.144610,0.033767,0.080904,0.141956,-32.948582,-9.998979,18.466255,-0.956838,-1.321788,0.286607
1750016718.740340,0.817365,0.120416,-0.026280,-0.338670,0.362603,0.579814,nan,0.024304,-0.008469,0.008972,0.035755,-0.039684,0.018027,nan,1.703090,-22.698100,17.720400,1.376760,0.376225,0.866854,nan,-0.379168,0.498386,-0.727241,-2.025061,-2.391567,2.354161,0.580938,-0.083669,0.074360,-0.011247,0.096180,-0.143401,0.031662,0.081497,0.241138,-32.924778,-9.975175,18.390877,-0.963247,-1.315379,0.266466
1750016718.774640,0.818587,0.119997,-0.025825,-0.337005,0.360698,0.580689,nan,0.029478,-0.010708,0.010157,0.038929,-0.045337,0.020890,nan,2.274880,-23.112100,16.661500,1.446990,0.335223,0.914407,nan,-0.381953,0.500835,-0.727594,-2.021677,-2.396425,2.355281,0.583685,-0.081103,0.071420,-0.008181,0.100113,-0.141349,0.031500,0.083038,-0.230969,-32.516148,-10.276689,17.875130,-0.983388,-1.282420,0.280199
1750016718.808446,0.819737,0.119578,-0.025418,-0.335436,0.358889,0.581503,nan,0.027622,-0.010086,0.010732,0.039911,-0.044822,0.020255,nan,2.105100,-23.004800,17.131100,1.444250,0.379186,0.962440,nan,-0.384691,0.503307,-0.727902,-2.018425,-2.401268,2.356399,0.586446,-0.084019,0.072040,-0.009307,0.093152,-0.145084,0.034841,0.080711,-0.457104,-32.361423,-10.530595,17.974312,-0.944021,-1.354747,0.306749
1750016718.842677,0.820707,0.119230,-0.025022,-0.334047,0.357284,0.582222,nan,0.028412,-0.010134,0.010696,0.039791,-0.045289,0.020794,nan,1.953950,-23.090000,16.379700,1.432510,0.448552,1.028920,nan,-0.387602,0.505988,-0.728286,-2.015262,-2.406143,2.357493,0.589261,-0.087716,0.078416,-0.009821,0.093586,-0.140944,0.031635,0.075972,0.018970,-33.281834,-10.304460,18.319466,-0.950429,-1.348338,0.347032
1750016718.876358,0.820851,0.119183,-0.024986,-0.333807,0.357057,0.582366,nan,0.029538,-0.009726,0.010637,0.039983,-0.045601,0.021369,nan,2.198010,-23.366500,17.193900,1.352830,0.439083,0.942676,nan,-0.390625,0.508696,-0.728712,-2.011998,-2.411049,2.358580,0.592139,-0.086176,0.075900,-0.012228,0.093699,-0.138165,0.029529,0.087311,0.542652,-33.591282,-10.050553,18.763802,-0.983388,-1.354747,0.273790
1750016718.910590,0.822048,0.118775,-0.024507,-0.332130,0.355176,0.583228,nan,0.027550,-0.009175,0.011068,0.034940,-0.042427,0.020039,nan,2.300190,-23.409900,16.418900,1.295130,0.393715,1.060900,nan,-0.393472,0.511161,-0.729023,-2.008666,-2.415778,2.359721,0.594929,-0.080602,0.072353,-0.006456,0.101934,-0.141989,0.032519,0.084395,0.094349,-33.079502,-10.379838,18.291695,-0.956838,-1.387706,0.273790
1750016718.944327,0.823043,0.118440,-0.024088,-0.330729,0.353571,0.583971,nan,0.025154,-0.008481,0.009762,0.034497,-0.039133,0.019932,nan,2.729900,-24.244300,15.746200,1.297830,0.393105,1.026040,nan,-0.396265,0.513631,-0.729261,-2.005274,-2.420428,2.360829,0.597716,-0.083096,0.074365,-0.006423,0.098380,-0.136330,0.036046,0.082648,-0.457104,-33.127110,-10.657548,18.097298,-0.963247,-1.367564,0.273790
1750016718.978604,0.824181,0.118021,-0.023669,-0.329112,0.351714,0.584821,nan,0.028424,-0.010421,0.009463,0.041480,-0.046846,0.021357,nan,2.608790,-23.419700,15.575800,1.220760,0.443088,1.036230,nan,-0.399155,0.516156,-0.729494,-2.001982,-2.424961,2.362030,0.600505,-0.087399,0.076011,-0.008381,0.097759,-0.137179,0.035847,0.081738,-0.179394,-33.258030,-10.657548,18.367073,-0.996206,-1.374889,0.320482
1750016719.012662,0.825235,0.117649,-0.023310,-0.327698,0.350121,0.585588,nan,0.031814,-0.011104,0.010936,0.041229,-0.046966,0.022794,nan,2.539260,-23.588100,15.407300,1.220410,0.414101,1.062100,nan,-0.402231,0.518777,-0.729795,-1.998676,-2.429339,2.363320,0.603236,-0.091273,0.075926,-0.009880,0.097425,-0.126469,0.037074,0.079360,0.193531,-33.539707,-10.431413,18.442451,-0.983388,-1.374889,0.326891
1750016719.046754,0.825414,0.117589,-0.023250,-0.327483,0.349858,0.585732,nan,0.031191,-0.011188,0.010732,0.041372,-0.046727,0.022878,nan,2.474990,-23.646300,15.479700,1.274980,0.420468,1.021010,nan,-0.405341,0.521393,-0.730051,-1.995198,-2.433616,2.364634,0.606077,-0.088126,0.073903,-0.005206,0.100911,-0.123301,0.036605,0.082533,0.169727,-33.563511,-10.482987,18.319466,-0.963247,-1.341930,0.266466
1750016719.080542,0.826696,0.117182,-0.022818,-0.325854,0.347965,0.586678,nan,0.032449,-0.010960,0.011104,0.040282,-0.044978,0.023681,nan,2.314910,-24.743300,15.679900,1.308810,0.462064,1.027360,nan,-0.408290,0.523843,-0.730200,-1.991821,-2.437753,2.365981,0.608843,-0.085557,0.074695,-0.002283,0.100378,-0.122888,0.039995,0.079586,-0.254772,-33.206455,-10.760697,18.196480,-1.022756,-1.374889,0.273790
1750016719.114723,0.828002,0.116691,-0.022327,-0.324081,0.345905,0.587672,nan,0.029490,-0.011140,0.011619,0.042894,-0.048775,0.022950,nan,2.366180,-24.721700,16.298400,1.328660,0.533190,1.097910,nan,-0.411299,0.526441,-0.730299,-1.988411,-2.441860,2.367385,0.611661,-0.089178,0.080346,-0.005420,0.101341,-0.119627,0.041084,0.086589,-0.353955,-33.563511,-10.939225,18.267891,-1.022756,-1.414256,0.273790
1750016719.148787,0.829463,0.116140,-0.021800,-0.322188,0.343725,0.588798,nan,0.035120,-0.013751,0.012194,0.042307,-0.049626,0.025465,nan,2.270710,-24.317300,15.636000,1.350060,0.468986,1.124500,nan,-0.414422,0.529084,-0.730493,-1.985030,-2.445790,2.368785,0.614473,-0.092460,0.076206,-0.006126,0.099493,-0.117634,0.040431,0.083995,0.193531,-33.845188,-10.657548,18.442451,-1.016347,-1.381297,0.273790
1750016719.182546,0.830733,0.115625,-0.021345,-0.320559,0.341856,0.589744,nan,0.030101,-0.012014,0.010122,0.041205,-0.045529,0.023321,nan,2.382470,-23.433300,15.607100,1.407060,0.501407,1.052520,nan,-0.417604,0.531678,-0.730690,-1.981655,-2.449627,2.370250,0.617313,-0.093800,0.075499,-0.006234,0.099204,-0.109437,0.042494,0.083607,0.391895,-33.742039,-10.431413,18.442451,-0.996206,-1.414256,0.260057
1750016719.216963,0.830733,0.115625,-0.021345,-0.320559,0.341856,0.589744,nan,0.030101,-0.012014,0.010122,0.041205,-0.045529,0.023321,nan,2.382430,-23.433300,15.607100,1.407040,0.501453,1.052520,nan,-0.420706,0.534287,-0.730770,-1.978205,-2.453395,2.371733,0.620143,-0.085084,0.071853,-0.000206,0.095728,-0.104195,0.041290,0.078944,0.193531,-33.920567,-10.530595,18.220284,-1.016347,-1.348338,0.286607
1750016719.250530,0.831954,0.115194,-0.020914,-0.318858,0.339856,0.590738,nan,0.030460,-0.010816,0.010265,0.042319,-0.049865,0.025478,nan,2.620620,-24.897100,15.774000,1.497910,0.578014,1.018020,nan,-0.423289,0.536462,-0.730790,-1.975462,-2.456503,2.372824,0.622449,-0.069635,0.061472,0.002806,0.069404,-0.087834,0.022836,0.062585,-0.306347,-34.305393,-11.292314,18.811409,-1.041982,-1.328197,0.313158
1750016719.284111,0.833332,0.114703,-0.020423,-0.317074,0.337844,0.591757,nan,0.034545,-0.012002,0.012086,0.044559,-0.051219,0.026472,nan,2.490440,-23.935500,15.017400,1.442430,0.538454,1.090010,nan,-0.425395,0.538225,-0.730878,-1.973149,-2.459190,2.373764,0.624458,-0.065024,0.047501,0.002076,0.068388,-0.080643,0.013888,0.054034,0.967151,-34.103062,-9.998979,17.998116,-0.884511,-1.222911,0.373582
1750016719.317488,0.834721,0.114260,-0.019980,-0.315349,0.335867,0.592763,nan,0.033347,-0.011032,0.011080,0.044666,-0.049829,0.025621,nan,2.466680,-24.393300,15.485500,1.464340,0.451322,1.084140,nan,-0.427656,0.540071,-0.730908,-1.970676,-2.462081,2.374661,0.626573,-0.062140,0.054532,-0.003890,0.072628,-0.086205,0.021699,0.060751,-0.155590,-34.150669,-10.736894,18.220284,-0.963247,-1.302562,0.306749
1750016719.353105,0.835895,0.113876,-0.019572,-0.313696,0.334011,0.593709,nan,0.028005,-0.010122,0.011044,0.040187,-0.046799,0.022735,nan,2.337620,-25.025900,16.656800,1.457390,0.382241,1.058380,nan,-0.429492,0.541537,-0.730937,-1.968715,-2.464470,2.375347,0.628338,-0.057353,0.045181,0.002528,0.060647,-0.069504,0.025267,0.051582,0.066578,-33.563511,-11.141557,18.220284,-1.107900,-1.427074,0.286607
1750016719.386640,0.835895,0.113876,-0.019572,-0.313696,0.334011,0.593709,nan,0.028005,-0.010122,0.011044,0.040187,-0.046799,0.022735,nan,2.337620,-25.025900,16.656800,1.457390,0.382241,1.058380,nan,-0.431337,0.543146,-0.731006,-1.966856,-2.466985,2.375952,0.630156,-0.048412,0.037545,0.001540,0.043053,-0.063633,0.020763,0.048098,0.018970,-33.896763,-10.963029,18.739998,-1.081350,-1.453624,0.280199
1750016719.420788,0.836973,0.113505,-0.019141,-0.312151,0.332250,0.594547,nan,0.025370,-0.008025,0.009834,0.036258,-0.041900,0.019249,nan,2.198780,-24.617500,16.891600,1.410460,0.456875,1.019930,nan,-0.432628,0.544323,-0.731011,-1.965516,-2.468811,2.376292,0.631470,-0.031366,0.036291,0.001383,0.030705,-0.051857,0.003837,0.033714,0.042774,-34.741795,-11.066178,18.442451,-1.009023,-1.321788,0.313158
1750016719.454589,0.837788,0.113265,-0.018722,-0.310929,0.330860,0.595122,nan,0.017248,-0.005582,0.009547,0.029550,-0.033191,0.012996,nan,1.988340,-25.183800,16.055200,1.381180,0.449014,1.017780,nan,-0.433723,0.545275,-0.731047,-1.964438,-2.470479,2.376596,0.632664,-0.030450,0.022489,-0.004149,0.032043,-0.043075,0.004537,0.033745,0.391895,-34.253819,-10.633744,18.418648,-1.107900,-1.321788,0.280199
1750016719.488506,0.838578,0.113014,-0.018339,-0.309695,0.329459,0.595685,nan,0.017524,-0.005151,0.009271,0.026424,-0.029885,0.012433,nan,1.848910,-24.530100,16.565300,1.418140,0.400292,1.050720,nan,-0.434633,0.546078,-0.731031,-1.963430,-2.471929,2.376735,0.633621,-0.028040,0.023148,0.000222,0.026044,-0.044045,0.004418,0.026422,0.094349,-34.230015,-11.141557,18.343269,-1.054799,-1.394115,0.333299
1750016719.522830,0.839165,0.112858,-0.017991,-0.308713,0.328357,0.596117,nan,0.014446,-0.004444,0.008648,0.024962,-0.029155,0.011475,nan,1.716620,-25.297600,15.830900,1.409700,0.342820,1.022930,nan,-0.435458,0.546805,-0.731086,-1.962639,-2.473288,2.376864,0.634559,-0.022717,0.019238,0.000749,0.022021,-0.040214,0.003214,0.022858,0.094349,-34.150669,-10.911454,18.418648,-1.041982,-1.414256,0.300340
1750016719.556566,0.839620,0.112702,-0.017692,-0.307826,0.327303,0.596488,nan,0.012817,-0.003342,0.007546,0.023393,-0.025777,0.009391,nan,2.058170,-24.769900,16.055900,1.467080,0.356488,1.030830,nan,-0.436237,0.547517,-0.731102,-1.961832,-2.474580,2.376946,0.635437,-0.022059,0.021073,-0.002534,0.023241,-0.037040,0.001341,0.025980,-0.004833,-34.408543,-10.990800,18.390877,-1.054799,-1.381297,0.313158
1750016719.590295,0.839644,0.112690,-0.017668,-0.307755,0.327219,0.596524,nan,0.012817,-0.003402,0.007594,0.023357,-0.027526,0.008972,nan,2.309560,-24.626100,16.375100,1.440120,0.411388,1.001970,nan,-0.436899,0.548100,-0.731115,-1.961178,-2.475713,2.377022,0.636224,-0.019304,0.017595,0.001501,0.020338,-0.031458,0.001095,0.018831,-0.004833,-34.178440,-11.216935,18.418648,-1.081350,-1.427074,0.359850
1750016719.624701,0.840088,0.112583,-0.017368,-0.306964,0.326333,0.596811,nan,0.010720,-0.002791,0.006875,0.018770,-0.020998,0.006696,nan,2.023330,-24.813200,15.559700,1.474270,0.358198,1.008910,nan,-0.437515,0.548656,-0.731159,-1.960567,-2.476793,2.377051,0.636933,-0.016406,0.014596,0.000130,0.017978,-0.030011,0.001122,0.020745,0.094349,-34.281590,-11.014604,18.442451,-1.054799,-1.414256,0.347032
1750016719.658773,0.840471,0.112499,-0.017105,-0.306245,0.325506,0.597039,nan,0.008912,-0.002144,0.006516,0.017883,-0.019860,0.005881,nan,1.921800,-25.346000,15.897600,1.508940,0.344104,1.025680,nan,-0.438009,0.549127,-0.731171,-1.960046,-2.477718,2.377072,0.637559,-0.013634,0.012169,0.001579,0.014450,-0.024227,-0.000972,0.017961,0.169727,-34.356968,-11.066178,18.291695,-1.087758,-1.387706,0.300340
1750016719.692449,0.840842,0.112415,-0.016829,-0.305479,0.324668,0.597290,nan,0.008828,-0.002384,0.006588,0.017093,-0.019153,0.005402,nan,2.250290,-25.613100,15.945200,1.421880,0.337291,1.010350,nan,-0.438444,0.549554,-0.731191,-1.959642,-2.478588,2.377077,0.638118,-0.010985,0.012333,-0.000937,0.011887,-0.023484,-0.000623,0.016973,0.118152,-34.356968,-11.014604,18.319466,-1.054799,-1.427074,0.367174
1750016719.739435,0.841142,0.112319,-0.016578,-0.304856,0.323949,0.597494,nan,0.007426,-0.001809,0.006133,0.016614,-0.018051,0.004995,nan,2.216270,-25.181400,15.752600,1.471200,0.363739,0.959805,nan,-0.438823,0.549934,-0.731194,-1.959284,-2.479345,2.377081,0.638633,-0.011603,0.011414,-0.001627,0.009805,-0.021233,0.000377,0.015079,-0.004833,-34.333164,-11.141557,18.442451,-1.107900,-1.479259,0.313158
1750016719.772673,0.841417,0.112247,-0.016350,-0.304257,0.323242,0.597650,nan,0.007091,-0.001785,0.005809,0.014194,-0.016793,0.004480,nan,2.359090,-24.865700,15.853700,1.514040,0.408764,1.046890,nan,-0.439172,0.550291,-0.731212,-1.958953,-2.480074,2.377077,0.639086,-0.010611,0.009094,0.001517,0.009899,-0.021078,0.000090,0.013431,-0.004833,-34.333164,-11.141557,18.343269,-1.081350,-1.505809,0.320482
1750016719.805920,0.841669,0.112187,-0.016158,-0.303718,0.322631,0.597829,nan,0.005618,-0.001294,0.004432,0.012613,-0.014530,0.003378,nan,2.436080,-25.175000,16.463100,1.561240,0.370911,0.973100,nan,-0.439515,0.550617,-0.731236,-1.958655,-2.480739,2.377066,0.639520,-0.008979,0.009050,-0.002420,0.008990,-0.018278,-0.002125,0.014065,0.141956,-34.432346,-10.990800,18.418648,-1.094167,-1.492992,0.306749
1750016719.839704,0.841884,0.112151,-0.015979,-0.303191,0.322033,0.597973,nan,0.005342,-0.001294,0.004372,0.012206,-0.013978,0.003210,nan,2.668910,-25.698400,16.253300,1.513390,0.394654,0.961841,nan,-0.439815,0.550904,-0.731243,-1.958380,-2.481361,2.377055,0.639929,-0.008344,0.008722,-0.000936,0.008675,-0.017343,-0.001737,0.010873,-0.056408,-34.305393,-11.216935,18.343269,-1.074941,-1.551585,0.347032
1750016719.872997,0.842100,0.112092,-0.015799,-0.302700,0.321494,0.598081,nan,0.004719,-0.001270,0.004468,0.012361,-0.013272,0.003150,nan,2.029470,-25.177800,15.723800,1.494580,0.390505,1.011310,nan,-0.440108,0.551192,-0.731268,-1.958131,-2.481955,2.377028,0.640310,-0.009879,0.008095,-0.001662,0.006231,-0.016962,-0.000968,0.011359,0.066578,-34.408543,-11.089982,18.442451,-1.081350,-1.578136,0.326891
1750016719.906365,0.842208,0.112068,-0.015679,-0.302305,0.321038,0.598201,nan,0.004168,-0.000719,0.004097,0.010864,-0.013248,0.002683,nan,2.942130,-25.517100,16.565700,1.475020,0.450721,0.938364,nan,-0.440359,0.551448,-0.731276,-1.957895,-2.482491,2.376992,0.640663,-0.005870,0.006621,0.000246,0.006290,-0.014546,-0.002228,0.008812,0.042774,-34.432346,-11.141557,18.367073,-1.081350,-1.584544,0.347032
1750016719.939323,0.842256,0.112056,-0.015644,-0.302209,0.320931,0.598201,nan,0.004336,-0.000826,0.004144,0.010948,-0.012290,0.002683,nan,2.616450,-25.299300,16.525700,1.463820,0.410204,1.007360,nan,-0.440575,0.551660,-0.731293,-1.957719,-2.482978,2.376950,0.640974,-0.005796,0.006086,0.000035,0.005171,-0.013607,-0.001042,0.008122,0.018970,-34.408543,-11.141557,18.367073,-1.081350,-1.604686,0.359850
1750016719.973017,0.842387,0.112020,-0.015476,-0.301789,0.320499,0.598309,nan,0.003474,-0.000922,0.003689,0.009750,-0.010900,0.002012,nan,2.592560,-25.219500,16.189400,1.398150,0.377717,0.956570,nan,-0.440779,0.551856,-0.731305,-1.957553,-2.483414,2.376907,0.641259,-0.007241,0.006601,-0.002501,0.005459,-0.012383,-0.000818,0.006788,0.018970,-34.380772,-11.117753,18.343269,-1.074941,-1.650462,0.333299
1750016720.006113,0.842519,0.111996,-0.015320,-0.301418,0.320080,0.598356,nan,0.003007,-0.000587,0.003713,0.008912,-0.010696,0.002156,nan,2.837820,-25.396300,15.917900,1.407630,0.377886,1.047130,nan,-0.440964,0.552052,-0.731314,-1.957397,-2.483818,2.376853,0.641528,-0.004791,0.005026,-0.001291,0.005304,-0.011938,-0.001327,0.007791,-0.004833,-34.380772,-11.165360,18.343269,-1.081350,-1.631236,0.320482
1750016720.039246,0.842663,0.111972,-0.015164,-0.301011,0.319649,0.598464,nan,0.002911,-0.000767,0.003785,0.008493,-0.009606,0.001821,nan,2.506250,-25.602300,16.163200,1.362610,0.353395,0.977173,nan,-0.441143,0.552236,-0.731324,-1.957258,-2.484210,2.376808,0.641791,-0.006116,0.005353,-0.001232,0.003683,-0.011070,-0.002922,0.008913,0.042774,-34.432346,-11.117753,18.390877,-1.074941,-1.664195,0.293016
1750016720.072997,0.842747,0.111948,-0.015021,-0.300699,0.319290,0.598512,nan,0.002695,-0.000587,0.003677,0.008481,-0.009547,0.001533,nan,2.903540,-25.578400,15.903500,1.385620,0.353071,1.008800,nan,-0.441312,0.552410,-0.731334,-1.957118,-2.484588,2.376751,0.642044,-0.004357,0.004798,-0.000249,0.003730,-0.010517,-0.002430,0.009725,-0.004833,-34.432346,-11.193131,18.343269,-1.081350,-1.670604,0.306749
1750016720.106144,0.842759,0.111936,-0.015021,-0.300676,0.319254,0.598524,nan,0.002551,-0.000599,0.003833,0.008457,-0.009439,0.001425,nan,2.792300,-25.053500,16.284900,1.384280,0.382523,0.985438,nan,-0.441469,0.552567,-0.731350,-1.956993,-2.484933,2.376700,0.642268,-0.005258,0.003763,-0.001284,0.004616,-0.010218,-0.001793,0.007092,0.018970,-34.432346,-11.141557,18.343269,-1.087758,-1.670604,0.333299
1750016720.139308,0.842854,0.111924,-0.014877,-0.300352,0.318930,0.598584,nan,0.002360,-0.000587,0.003546,0.007726,-0.008217,0.001246,nan,2.685610,-25.510100,16.041400,1.331210,0.335862,0.967111,nan,-0.441613,0.552711,-0.731352,-1.956882,-2.485260,2.376655,0.642489,-0.005086,0.004146,0.000086,0.002159,-0.008803,-0.001277,0.005250,0.066578,-34.483921,-11.193131,18.367073,-1.081350,-1.664195,0.333299
1750016720.173043,0.842938,0.111912,-0.014733,-0.300053,0.318571,0.598608,nan,0.002360,-0.000611,0.003150,0.007307,-0.008097,0.001294,nan,2.862750,-25.894100,15.825700,1.358160,0.378381,1.050000,nan,-0.441739,0.552836,-0.731361,-1.956785,-2.485548,2.376609,0.642678,-0.003941,0.002396,-0.000358,0.002829,-0.008267,-0.002553,0.004651,-0.004833,-34.432346,-11.216935,18.343269,-1.074941,-1.683421,0.353441
1750016720.206188,0.843022,0.111900,-0.014613,-0.299765,0.318259,0.598668,nan,0.002324,-0.000335,0.003150,0.007223,-0.007942,0.001138,nan,2.982260,-26.132000,16.041500,1.361620,0.338653,1.014190,nan,-0.441858,0.552955,-0.731369,-1.956692,-2.485820,2.376566,0.642867,-0.003440,0.003604,-0.000486,0.003071,-0.008218,-0.001427,0.005405,0.018970,-34.432346,-11.193131,18.343269,-1.087758,-1.683421,0.320482
1750016720.239323,0.843118,0.111864,-0.014494,-0.299466,0.317924,0.598716,nan,0.002204,-0.000120,0.002887,0.006384,-0.007462,0.000982,nan,2.916590,-25.224800,16.191200,1.328140,0.358752,1.005680,nan,-0.441972,0.553066,-0.731374,-1.956607,-2.486081,2.376524,0.643032,-0.003315,0.002135,0.000455,0.003194,-0.007758,-0.001849,0.004282,-0.004833,-34.380772,-11.216935,18.343269,-1.081350,-1.689830,0.339708
1750016720.272590,0.843118,0.111864,-0.014494,-0.299466,0.317924,0.598716,nan,0.002204,-0.000120,0.002887,0.006384,-0.007462,0.000982,nan,2.916420,-25.224800,16.191300,1.328130,0.358785,1.005680,nan,-0.442079,0.553184,-0.731387,-1.956534,-2.486325,2.376486,0.643201,-0.002317,0.003226,-0.000319,0.002243,-0.007585,-0.002183,0.005504,-0.032604,-34.432346,-11.165360,18.367073,-1.054799,-1.696239,0.313158
1750016720.306494,0.843202,0.111864,-0.014374,-0.299226,0.317637,0.598752,nan,0.001952,-0.000635,0.002707,0.006312,-0.007295,0.000815,nan,2.763960,-25.777500,15.776500,1.357440,0.347489,1.014540,nan,-0.442181,0.553295,-0.731390,-1.956465,-2.486542,2.376448,0.643361,-0.002950,0.004079,0.000999,0.002051,-0.006031,-0.000657,0.005539,-0.032604,-34.483921,-11.216935,18.418648,-1.081350,-1.696239,0.333299
1750016720.339747,0.843238,0.111828,-0.014278,-0.298975,0.317337,0.598788,nan,0.001581,-0.000443,0.002444,0.005426,-0.006768,0.000647,nan,3.566060,-24.685300,16.159800,1.323010,0.390119,1.003290,nan,-0.442277,0.553389,-0.731403,-1.956397,-2.486755,2.376411,0.643513,-0.002585,0.002860,-0.000634,0.000917,-0.006040,-0.001025,0.004017,-0.004833,-34.460117,-11.165360,18.367073,-1.068532,-1.703563,0.306749
1750016720.373070,0.843310,0.111828,-0.014170,-0.298735,0.317050,0.598812,nan,0.001773,0.000048,0.002515,0.005785,-0.006624,0.000635,nan,3.430820,-25.222100,15.956000,1.330830,0.406254,1.017780,nan,-0.442371,0.553477,-0.731397,-1.956330,-2.486958,2.376378,0.643660,-0.003826,0.002062,0.001500,0.001738,-0.005611,-0.000369,0.002835,0.042774,-34.483921,-11.244706,18.343269,-1.074941,-1.722789,0.300340
1750016720.406959,0.843393,0.111816,-0.014074,-0.298519,0.316798,0.598836,nan,0.001665,-0.000120,0.002432,0.005654,-0.006540,0.000575,nan,2.886970,-25.133800,15.927700,1.326410,0.359436,1.018380,nan,-0.442452,0.553567,-0.731410,-1.956270,-2.487144,2.376345,0.643795,-0.002824,0.004088,-0.000517,0.001403,-0.005087,-0.000400,0.003368,-0.004833,-34.511692,-11.165360,18.343269,-1.068532,-1.709972,0.320482
1750016720.440397,0.843441,0.111804,-0.014002,-0.298316,0.316606,0.598848,nan,0.001437,-0.000635,0.002156,0.005282,-0.005833,0.000515,nan,3.070470,-24.844400,16.168200,1.314310,0.336572,1.036230,nan,-0.442533,0.553642,-0.731412,-1.956212,-2.487304,2.376314,0.643916,-0.003095,0.003644,-0.002541,0.002857,-0.006031,-0.001179,0.002942,0.042774,-34.483921,-11.216935,18.319466,-1.062124,-1.703563,0.320482
1750016720.474750,0.843441,0.111816,-0.013978,-0.298292,0.316547,0.598860,nan,0.001569,-0.000240,0.002180,0.005342,-0.005893,0.000539,nan,3.263790,-25.506300,15.681000,1.328000,0.420764,1.008680,nan,-0.442600,0.553712,-0.731416,-1.956171,-2.487467,2.376287,0.644019,-0.002008,0.002392,-0.000380,0.000303,-0.005439,-0.000778,-0.000974,-0.004833,-34.483921,-11.193131,18.390877,-1.062124,-1.722789,0.373582
1750016720.508462,0.843501,0.111792,-0.013907,-0.298076,0.316331,0.598872,nan,0.001437,-0.000551,0.002096,0.005007,-0.005402,0.000311,nan,3.200760,-24.672400,16.299500,1.295410,0.405840,1.029640,nan,-0.442673,0.553781,-0.731420,-1.956119,-2.487612,2.376259,0.644141,-0.001930,0.000900,0.000764,0.000361,-0.005833,-0.000017,0.003255,-0.004833,-34.460117,-11.193131,18.367073,-1.054799,-1.716380,0.293016
1750016720.542728,0.843561,0.111792,-0.013823,-0.297861,0.316103,0.598895,nan,0.001174,-0.000012,0.002024,0.004731,-0.005199,0.000575,nan,3.145210,-25.032900,16.414000,1.257790,0.407073,1.015500,nan,-0.442742,0.553856,-0.731422,-1.956072,-2.487755,2.376235,0.644239,-0.003264,0.002421,0.000115,0.000631,-0.004138,-0.000397,0.002235,-0.032604,-34.511692,-11.216935,18.343269,-1.068532,-1.729198,0.313158
1750016720.576836,0.843621,0.111804,-0.013739,-0.297693,0.315900,0.598907,nan,0.001306,0.000000,0.002036,0.004384,-0.005199,0.000419,nan,2.990360,-25.921900,16.305400,1.317250,0.390082,1.071680,nan,-0.442813,0.553921,-0.731432,-1.956024,-2.487889,2.376209,0.644340,-0.002493,0.002349,-0.000677,0.001310,-0.004011,-0.001345,0.004855,0.018970,-34.460117,-11.165360,18.343269,-1.068532,-1.736522,0.339708
1750016720.610334,0.843657,0.111792,-0.013667,-0.297525,0.315732,0.598919,nan,0.001246,0.000036,0.001964,0.004468,-0.005055,0.000335,nan,3.292580,-25.584800,16.347900,1.274590,0.330043,1.046650,nan,-0.442880,0.553990,-0.731435,-1.955980,-2.488015,2.376187,0.644438,-0.000875,0.001834,-0.000919,0.000777,-0.005151,-0.000010,0.002644,-0.004833,-34.511692,-11.165360,18.367073,-1.062124,-1.716380,0.320482
1750016720.648097,0.843669,0.111792,-0.013655,-0.297501,0.315708,0.598931,nan,0.001258,-0.000611,0.001881,0.004204,-0.004743,0.000527,nan,3.074710,-25.530000,16.086000,1.275650,0.361757,1.011670,nan,-0.442939,0.554048,-0.731438,-1.955948,-2.488141,2.376164,0.644523,-0.002295,0.002018,-0.000899,-0.001536,-0.003974,-0.000084,0.001808,0.042774,-34.483921,-11.165360,18.390877,-1.068532,-1.716380,0.347032
1750016720.678571,0.843705,0.111792,-0.013595,-0.297346,0.315516,0.598931,nan,0.001018,0.000000,0.001581,0.003989,-0.004228,0.000108,nan,3.304360,-25.261900,16.131100,1.303430,0.403213,1.063300,nan,-0.442990,0.554097,-0.731436,-1.955918,-2.488235,2.376148,0.644616,-0.001619,0.001104,0.000479,-0.000010,-0.000582,0.000096,0.004382,-0.004833,-34.483921,-11.244706,18.367073,-1.054799,-1.716380,0.320482
1750016720.712398,0.843765,0.111768,-0.013535,-0.297202,0.315349,0.598955,nan,0.001030,-0.000323,0.001497,0.003857,-0.004144,0.000311,nan,2.883720,-25.450700,16.228600,1.309030,0.388075,1.033950,nan,-0.443039,0.554151,-0.731438,-1.955882,-2.488336,2.376134,0.644692,-0.001117,0.001063,0.000620,0.000327,-0.003686,-0.000797,0.002168,-0.004833,-34.432346,-11.216935,18.291695,-1.062124,-1.722789,0.333299
1750016720.746885,0.843801,0.111780,-0.013475,-0.297034,0.315157,0.598967,nan,0.001126,0.000000,0.001749,0.003821,-0.004228,0.000443,nan,3.032390,-25.671600,16.457500,1.307960,0.444996,1.029760,nan,-0.443087,0.554204,-0.731441,-1.955850,-2.488444,2.376117,0.644770,-0.000867,0.000347,0.000014,0.002794,-0.002480,-0.000587,0.002558,-0.032604,-34.511692,-11.216935,18.319466,-1.068532,-1.729198,0.313158
1750016720.780787,0.843825,0.111780,-0.013404,-0.296890,0.315013,0.599003,nan,0.000803,0.000000,0.001677,0.003486,-0.004001,-0.000060,nan,3.437970,-25.853600,16.176600,1.305550,0.396765,0.958607,nan,-0.443139,0.554251,-0.731443,-1.955821,-2.488532,2.376100,0.644838,-0.002370,0.002420,-0.000381,0.001494,-0.002318,-0.001032,0.001577,0.018970,-34.511692,-11.193131,18.367073,-1.062124,-1.716380,0.359850
1750016720.814349,0.843825,0.111780,-0.013404,-0.296890,0.315013,0.599003,nan,0.000803,0.000000,0.001677,0.003486,-0.004001,-0.000060,nan,3.437860,-25.853600,16.176600,1.305550,0.396785,0.958607,nan,-0.443188,0.554288,-0.731442,-1.955786,-2.488620,2.376083,0.644911,-0.002792,-0.000378,0.000243,0.001227,-0.000655,-0.001505,0.002406,-0.004833,-34.432346,-11.216935,18.367073,-1.068532,-1.729198,0.339708
1750016720.848619,0.843861,0.111768,-0.013344,-0.296735,0.314858,0.598967,nan,0.000898,-0.000491,0.001318,0.003426,-0.003929,-0.000060,nan,3.454810,-25.407800,16.119100,1.260160,0.388882,1.095160,nan,-0.443229,0.554339,-0.731448,-1.955757,-2.488700,2.376071,0.644978,-0.000398,0.001957,-0.001296,0.001684,-0.001082,-0.000449,0.000942,-0.032604,-34.511692,-11.165360,18.291695,-1.054799,-1.716380,0.353441
1750016720.882905,0.843897,0.111756,-0.013296,-0.296615,0.314702,0.599003,nan,0.000874,0.000000,0.001437,0.003222,-0.003462,-0.000048,nan,3.371290,-24.442600,16.324200,1.285210,0.423086,1.007360,nan,-0.443274,0.554378,-0.731449,-1.955740,-2.488776,2.376062,0.645059,-0.000649,0.000306,-0.001071,0.000127,-0.001815,0.000655,0.004744,0.018970,-34.432346,-11.193131,18.390877,-1.068532,-1.722789,0.273790
1750016720.916836,0.843932,0.111756,-0.013224,-0.296471,0.314546,0.599015,nan,0.000767,-0.000156,0.001521,0.002947,-0.003414,0.000216,nan,3.366600,-25.175000,15.957300,1.292290,0.434107,0.986037,nan,-0.443314,0.554422,-0.731451,-1.955716,-2.488848,2.376048,0.645109,-0.001996,0.001079,-0.000838,0.001237,-0.002665,0.000350,0.001573,0.042774,-34.511692,-11.165360,18.343269,-1.068532,-1.722789,0.300340
1750016720.950754,0.843968,0.111768,-0.013176,-0.296375,0.314426,0.599015,nan,0.000647,0.000000,0.001389,0.002875,-0.003558,0.000467,nan,3.255340,-25.876400,16.400500,1.321870,0.376425,1.003640,nan,-0.443349,0.554458,-0.731445,-1.955689,-2.488918,2.376039,0.645159,-0.001186,0.002512,0.000632,0.002146,-0.002107,0.000106,0.000902,-0.004833,-34.535496,-11.244706,18.267891,-1.048391,-1.729198,0.359850
1750016720.984721,0.846292,0.114296,-0.009798,-0.295908,0.313875,0.601279,nan,0.079427,0.094651,0.110978,0.014446,-0.015212,0.069725,nan,3.406470,-22.122900,13.293200,1.109890,0.370729,0.921954,nan,-0.443409,0.554476,-0.731456,-1.955676,-2.488980,2.376030,0.645227,-0.003952,0.000533,0.000301,0.005469,-0.000582,-0.002731,0.002924,0.193531,-34.333164,-11.117753,18.343269,-1.048391,-1.736522,0.313158
1750016721.018597,0.846759,0.114858,-0.009211,-0.295848,0.313756,0.601686,nan,0.079295,0.097310,0.109349,0.013104,-0.017153,0.071809,nan,3.176810,-22.851700,15.038800,1.179410,0.467684,0.935609,nan,-0.443418,0.554541,-0.731442,-1.955650,-2.489041,2.376011,0.645279,0.000081,-0.002357,0.000573,-0.000487,-0.001596,0.001067,0.002456,-0.179394,-34.432346,-11.371659,18.835213,-1.062124,-1.788707,0.320482
1750016721.052484,0.849958,0.119051,-0.004923,-0.295321,0.313109,0.604645,nan,0.077690,0.099203,0.101563,0.012266,-0.017596,0.070779,nan,1.337560,-28.518100,16.116700,1.149010,0.436154,0.750426,nan,-0.443467,0.554595,-0.731482,-1.955569,-2.489105,2.375984,0.645323,0.001625,0.002581,0.001111,-0.000200,-0.001277,0.000362,0.000845,-0.056408,-34.793369,-10.963029,18.291695,-1.048391,-1.670604,0.353441
1750016721.086767,0.852653,0.122728,-0.000862,-0.294974,0.312426,0.607352,nan,0.066623,0.090675,0.098736,0.010828,-0.015104,0.067197,nan,3.191060,-22.283000,16.532700,1.486830,0.526158,0.799178,nan,-0.443508,0.554593,-0.731490,-1.955589,-2.489156,2.375986,0.645374,-0.001486,0.001322,-0.003132,0.001280,-0.002071,-0.001997,0.001311,0.169727,-34.535496,-10.887650,18.442451,-1.068532,-1.689830,0.320482
1750016721.120484,0.855491,0.126621,0.003078,-0.294459,0.311851,0.609951,nan,0.065544,0.093909,0.096053,0.011008,-0.015140,0.065401,nan,1.398840,-28.201400,16.666300,1.374440,0.487565,0.824332,nan,-0.443527,0.554623,-0.731457,-1.955574,-2.489207,2.375983,0.645421,-0.001068,0.000915,-0.000567,-0.002026,-0.001039,0.000819,0.002431,-0.056408,-34.460117,-11.470841,18.613045,-1.074941,-1.742931,0.333299
1750016721.154408,0.857875,0.130023,0.006768,-0.294064,0.311204,0.612335,nan,0.064790,0.091273,0.098700,0.012062,-0.016326,0.062119,nan,3.320860,-25.700300,16.122500,1.549370,0.597079,0.847090,nan,-0.443559,0.554647,-0.731484,-1.955550,-2.489260,2.375972,0.645468,-0.001642,-0.000421,-0.000849,-0.004407,-0.000565,0.000047,0.002388,0.094349,-34.483921,-11.117753,18.418648,-1.062124,-1.683421,0.293016
1750016721.188747,0.858055,0.130286,0.007043,-0.294016,0.311168,0.612503,nan,0.063688,0.090770,0.099622,0.012349,-0.015320,0.060490,nan,3.446530,-26.595800,15.716000,1.500550,0.568244,0.859068,nan,-0.443584,0.554672,-0.731484,-1.955511,-2.489309,2.375969,0.645503,-0.001048,0.003218,-0.000143,0.000110,-0.001319,0.000226,0.000793,0.066578,-34.610874,-11.117753,18.097298,-1.068532,-1.670604,0.333299
1750016721.222682,0.860786,0.134203,0.011211,-0.293357,0.310498,0.615042,nan,0.061520,0.089249,0.094783,0.014554,-0.017057,0.060190,nan,1.491850,-29.599400,15.073200,1.333470,0.470398,0.890810,nan,-0.443606,0.554691,-0.731480,-1.955505,-2.489352,2.375972,0.645541,-0.000535,0.001757,0.000270,0.004323,-0.000728,-0.000611,0.001986,0.018970,-34.563267,-11.165360,18.069527,-1.062124,-1.689830,0.326891
1750016721.256789,0.863098,0.137605,0.015009,-0.292818,0.309755,0.617306,nan,0.060238,0.086782,0.095406,0.014637,-0.017560,0.058274,nan,2.266790,-24.615100,15.232200,1.447710,0.491122,0.951659,nan,-0.443622,0.554708,-0.731465,-1.955512,-2.489393,2.375971,0.645585,-0.002315,-0.001198,0.000345,0.000668,-0.000130,0.000088,0.001724,0.018970,-34.380772,-11.320085,18.390877,-1.074941,-1.722789,0.313158
1750016721.290391,0.865721,0.141270,0.019009,-0.292183,0.309048,0.619690,nan,0.062550,0.089046,0.096736,0.014913,-0.018087,0.058166,nan,1.422940,-24.750200,15.004600,1.373130,0.389948,0.965674,nan,-0.443661,0.554735,-0.731487,-1.955484,-2.489438,2.375965,0.645622,-0.000208,-0.002378,0.002237,0.000628,-0.001307,0.000248,0.003400,0.042774,-34.432346,-11.117753,18.168709,-1.062124,-1.670604,0.300340
1750016721.324521,0.868116,0.144995,0.023046,-0.291584,0.308210,0.622061,nan,0.057543,0.088339,0.096783,0.014829,-0.019524,0.055986,nan,2.169870,-24.870200,15.682700,1.488960,0.458961,1.049280,nan,-0.443681,0.554772,-0.731486,-1.955487,-2.489476,2.375962,0.645647,-0.000491,0.002588,-0.000997,0.001867,-0.001131,-0.001360,-0.000414,0.042774,-34.638645,-11.089982,18.267891,-1.068532,-1.683421,0.353441
1750016721.358416,0.868116,0.144995,0.023046,-0.291584,0.308210,0.622061,nan,0.057543,0.088339,0.096783,0.014829,-0.019524,0.055986,nan,2.170000,-24.870200,15.682700,1.488960,0.458964,1.049280,nan,-0.443689,0.554783,-0.731476,-1.955474,-2.489514,2.375965,0.645683,-0.000624,-0.000535,-0.000330,0.003149,-0.001098,-0.000818,0.001895,-0.032604,-34.511692,-11.216935,18.267891,-1.048391,-1.703563,0.347032
1750016721.392768,0.870488,0.148481,0.026855,-0.290937,0.307455,0.624229,nan,0.058369,0.087680,0.095682,0.016003,-0.019249,0.056106,nan,0.808533,-24.540800,14.990700,1.402510,0.438971,1.023650,nan,-0.443726,0.554804,-0.731486,-1.955474,-2.489551,2.375965,0.645721,-0.000561,0.002202,0.000277,0.000429,-0.002470,0.000902,0.001646,0.042774,-34.535496,-11.089982,18.343269,-1.041982,-1.716380,0.306749
1750016721.439466,0.875136,0.155812,0.034856,-0.289500,0.305718,0.628697,nan,0.054345,0.084853,0.091261,0.017308,-0.021261,0.051818,nan,1.440360,-24.907100,15.836900,1.432720,0.402787,0.970226,nan,-0.443732,0.554823,-0.731474,-1.955460,-2.489574,2.375967,0.645750,-0.000559,-0.001773,-0.000298,-0.000469,0.000020,0.000576,0.003197,-0.056408,-34.511692,-11.244706,18.343269,-1.054799,-1.722789,0.300340
1750016721.473141,0.877292,0.159285,0.038701,-0.288829,0.304832,0.630781,nan,0.052895,0.085596,0.093957,0.017129,-0.021836,0.050476,nan,2.034190,-25.474200,15.360400,1.529390,0.448785,1.010950,nan,-0.443765,0.554837,-0.731488,-1.955436,-2.489609,2.375961,0.645779,-0.001362,0.000723,-0.001026,0.001639,-0.000454,0.000313,-0.000666,0.066578,-34.511692,-11.066178,18.168709,-1.048391,-1.683421,0.347032
1750016721.506495,0.879088,0.162280,0.041947,-0.288218,0.304113,0.632518,nan,0.055674,0.084985,0.094292,0.017548,-0.021561,0.051338,nan,2.031490,-28.109100,15.707500,1.497910,0.408622,0.926146,nan,-0.443784,0.554855,-0.731482,-1.955434,-2.489641,2.375961,0.645804,-0.001176,0.001849,-0.000952,0.001231,-0.002687,-0.001896,-0.000918,0.018970,-34.610874,-11.141557,18.267891,-1.041982,-1.696239,0.347032
1750016721.539385,0.879388,0.162747,0.042451,-0.288110,0.303993,0.632782,nan,0.054548,0.084745,0.091561,0.018315,-0.021034,0.051051,nan,1.799350,-28.467300,15.953100,1.455780,0.380307,0.963518,nan,-0.443789,0.554873,-0.731480,-1.955428,-2.489671,2.375962,0.645839,0.000369,0.001748,-0.000784,0.000485,-0.000547,0.000207,0.001267,-0.056408,-34.563267,-11.165360,18.244087,-1.048391,-1.722789,0.326891
1750016721.573109,0.881640,0.166221,0.046367,-0.287332,0.303035,0.634866,nan,0.050272,0.081943,0.093909,0.018913,-0.022555,0.047134,nan,1.129150,-27.220600,15.651800,1.478580,0.406943,0.874760,nan,-0.443811,0.554881,-0.731478,-1.955419,-2.489698,2.375961,0.645861,0.000530,-0.000688,0.000197,0.001407,-0.001058,0.000018,0.000891,0.018970,-34.460117,-11.193131,18.291695,-1.062124,-1.722789,0.347032
1750016721.606815,0.883604,0.169479,0.050069,-0.286517,0.302113,0.636722,nan,0.051494,0.080254,0.091765,0.019297,-0.023321,0.047362,nan,0.948637,-26.471700,15.575100,1.359820,0.392902,0.899794,nan,-0.443823,0.554904,-0.731478,-1.955408,-2.489725,2.375957,0.645892,-0.000024,0.000976,0.000533,0.001386,-0.001452,-0.001371,0.000964,-0.032604,-34.563267,-11.193131,18.244087,-1.041982,-1.696239,0.286607
1750016721.639385,0.885676,0.172737,0.053842,-0.285751,0.301167,0.638651,nan,0.049613,0.082014,0.090699,0.019261,-0.023226,0.047601,nan,0.757750,-24.111300,14.808500,1.416310,0.354438,0.903148,nan,-0.443843,0.554915,-0.731484,-1.955403,-2.489753,2.375960,0.645911,0.000653,0.000513,-0.000300,0.000396,-0.002152,0.000034,0.000201,0.042774,-34.535496,-11.117753,18.291695,-1.029165,-1.709972,0.300340
1750016721.673125,0.887569,0.175947,0.057471,-0.284984,0.300220,0.640460,nan,0.049422,0.080865,0.093226,0.019572,-0.023849,0.045984,nan,1.119180,-25.384300,13.592700,1.391690,0.386423,0.844575,nan,-0.443862,0.554929,-0.731482,-1.955395,-2.489769,2.375957,0.645927,-0.000375,0.001637,-0.000761,0.000547,0.000571,-0.001462,-0.001951,0.018970,-34.587070,-11.141557,18.319466,-1.035573,-1.696239,0.339708
1750016721.706505,0.887701,0.176175,0.057723,-0.284924,0.300160,0.640567,nan,0.050236,0.082386,0.089680,0.019560,-0.023837,0.047110,nan,1.254140,-25.453100,14.271100,1.378900,0.369002,0.893685,nan,-0.443867,0.554942,-0.731476,-1.955389,-2.489791,2.375961,0.645955,0.000875,-0.000395,-0.000682,0.000629,0.000076,0.000551,0.001923,-0.080212,-34.511692,-11.193131,18.319466,-1.048391,-1.722789,0.320482
1750016721.739402,0.889713,0.179457,0.061424,-0.284098,0.299178,0.642388,nan,0.044846,0.080361,0.092471,0.019956,-0.024220,0.042271,nan,1.285420,-24.368100,14.666400,1.356330,0.341083,0.982323,nan,-0.443893,0.554952,-0.731484,-1.955384,-2.489815,2.375956,0.645978,-0.001052,-0.000103,-0.000341,0.000411,-0.001426,0.000172,0.001725,0.094349,-34.511692,-11.117753,18.343269,-1.041982,-1.716380,0.286607
1750016721.773097,0.891534,0.182691,0.065125,-0.283271,0.298172,0.644161,nan,0.046272,0.079679,0.088638,0.019548,-0.024903,0.042690,nan,1.750580,-24.081400,14.813500,1.336180,0.351780,0.919199,nan,-0.443902,0.554973,-0.731482,-1.955377,-2.489835,2.375957,0.645994,0.000113,0.001020,-0.001714,-0.000980,-0.001994,0.000169,0.000236,-0.004833,-34.587070,-11.141557,18.343269,-1.035573,-1.722789,0.320482
1750016721.806314,0.893402,0.185769,0.068575,-0.282469,0.297202,0.645850,nan,0.045038,0.078625,0.091070,0.021141,-0.024052,0.043648,nan,1.131900,-23.568000,14.630400,1.308920,0.357294,0.951300,nan,-0.443921,0.554980,-0.731482,-1.955370,-2.489848,2.375956,0.646015,-0.001844,-0.000994,-0.000642,-0.001221,-0.000490,-0.000945,-0.001075,0.042774,-34.535496,-11.141557,18.367073,-1.041982,-1.716380,0.339708
1750016721.839359,0.895367,0.189195,0.072504,-0.281594,0.296100,0.647682,nan,0.045373,0.076852,0.089177,0.020183,-0.025190,0.041828,nan,0.823595,-25.517300,13.632200,1.377590,0.443116,0.952258,nan,-0.443928,0.554986,-0.731477,-1.955357,-2.489866,2.375952,0.646031,0.001636,-0.000080,0.001986,0.000090,-0.001311,0.000985,0.001486,-0.032604,-34.535496,-11.193131,18.319466,-1.054799,-1.709972,0.326891
1750016721.873045,0.895367,0.189195,0.072504,-0.281594,0.296100,0.647682,nan,0.045373,0.076852,0.089177,0.020183,-0.025190,0.041828,nan,0.823595,-25.517300,13.632200,1.377590,0.443116,0.952258,nan,-0.443947,0.554997,-0.731478,-1.955347,-2.489883,2.375953,0.646051,-0.002177,0.000305,-0.000589,0.001170,-0.001187,0.000366,0.001041,0.042774,-34.511692,-11.165360,18.267891,-1.041982,-1.729198,0.306749
1750016721.906393,0.897139,0.192201,0.075858,-0.280780,0.295154,0.649288,nan,0.044583,0.078026,0.089094,0.020890,-0.025310,0.042223,nan,1.203140,-26.705000,14.088800,1.328910,0.403928,0.995739,nan,-0.443958,0.555012,-0.731480,-1.955346,-2.489897,2.375953,0.646071,-0.000184,0.001048,0.000316,-0.000222,-0.000751,0.000473,0.001932,0.066578,-34.535496,-11.165360,18.343269,-1.041982,-1.729198,0.306749
1750016721.939579,0.898828,0.195268,0.079379,-0.279905,0.294147,0.650893,nan,0.042858,0.073486,0.087944,0.021237,-0.025130,0.038486,nan,1.218950,-26.911300,14.640800,1.249450,0.357172,1.023050,nan,-0.443968,0.555027,-0.731484,-1.955327,-2.489919,2.375949,0.646083,0.000708,0.000493,-0.001543,-0.000096,-0.000920,-0.000042,0.001285,-0.004833,-34.587070,-11.117753,18.267891,-1.041982,-1.703563,0.320482
1750016721.973801,0.900601,0.198298,0.082901,-0.279067,0.293093,0.652498,nan,0.044439,0.074480,0.085428,0.022208,-0.024938,0.041037,nan,0.776923,-27.281000,13.483100,1.323480,0.403364,1.039220,nan,-0.443974,0.555039,-0.731480,-1.955326,-2.489935,2.375946,0.646097,0.000078,0.001821,-0.001560,0.000688,-0.000788,0.000520,-0.000645,0.018970,-34.610874,-11.117753,18.291695,-1.035573,-1.703563,0.347032
1750016722.006365,0.902302,0.201305,0.086422,-0.278193,0.292039,0.654103,nan,0.042295,0.073043,0.084494,0.021070,-0.024951,0.038474,nan,0.892954,-26.198100,13.441300,1.333630,0.397284,1.051920,nan,-0.443990,0.555040,-0.731477,-1.955324,-2.489947,2.375946,0.646112,-0.001308,0.000345,0.000193,0.001199,-0.002728,-0.001205,-0.000029,0.042774,-34.511692,-11.165360,18.319466,-1.029165,-1.709972,0.333299
1750016722.039473,0.903919,0.204048,0.089680,-0.277426,0.291057,0.655540,nan,0.042774,0.073414,0.083236,0.022195,-0.026376,0.037947,nan,0.441043,-24.740600,12.117000,1.460430,0.414266,1.060060,nan,-0.443996,0.555057,-0.731475,-1.955321,-2.489958,2.375949,0.646135,-0.000324,0.002313,0.000626,0.000496,0.001306,-0.000725,0.001137,0.018970,-34.587070,-11.193131,18.367073,-1.054799,-1.703563,0.293016
1750016722.072594,0.904123,0.204407,0.090100,-0.277318,0.290925,0.655756,nan,0.041768,0.069988,0.084039,0.020926,-0.025525,0.036605,nan,1.111840,-24.102000,12.745200,1.484730,0.386861,1.026040,nan,-0.444005,0.555064,-0.731479,-1.955313,-2.489979,2.375946,0.646140,-0.000505,0.002175,-0.000335,0.000393,0.000565,0.000288,-0.001594,0.042774,-34.563267,-11.141557,18.367073,-1.029165,-1.709972,0.339708
1750016722.106736,0.905692,0.207282,0.093394,-0.276444,0.289895,0.657229,nan,0.037851,0.071821,0.083775,0.022279,-0.025801,0.034569,nan,1.172630,-25.937700,12.409300,1.421140,0.393389,0.986037,nan,-0.444022,0.555069,-0.731476,-1.955299,-2.489990,2.375945,0.646157,-0.000458,0.000746,0.000701,-0.000660,-0.001326,0.000821,0.002106,0.066578,-34.535496,-11.141557,18.267891,-1.022756,-1.703563,0.313158
1750016722.140291,0.907237,0.210169,0.096807,-0.275593,0.288805,0.658726,nan,0.038390,0.071282,0.080661,0.021058,-0.025861,0.036018,nan,2.119890,-24.279900,12.832800,1.505450,0.436639,0.938483,nan,-0.444021,0.555073,-0.731474,-1.955297,-2.490001,2.375950,0.646168,-0.000598,-0.001709,0.000822,0.000834,0.001363,0.001135,-0.001222,-0.032604,-34.511692,-11.193131,18.291695,-1.035573,-1.722789,0.339708
1750016722.174536,0.908866,0.213055,0.100089,-0.274683,0.287751,0.660176,nan,0.039528,0.071246,0.081559,0.022040,-0.025106,0.034138,nan,1.469500,-25.550100,13.344200,1.508960,0.429722,0.911293,nan,-0.444032,0.555081,-0.731477,-1.955296,-2.490013,2.375946,0.646182,0.000175,-0.000989,-0.000776,0.000930,-0.000477,0.000167,0.001919,0.042774,-34.511692,-11.165360,18.367073,-1.029165,-1.716380,0.313158
1750016722.208396,0.910232,0.215643,0.103132,-0.273844,0.286781,0.661517,nan,0.039181,0.068922,0.084590,0.021297,-0.025693,0.036306,nan,2.142000,-24.861600,13.358800,1.464800,0.456806,0.799058,nan,-0.444043,0.555091,-0.731480,-1.955282,-2.490026,2.375945,0.646191,-0.000715,-0.000797,-0.000236,-0.001495,-0.000394,-0.000320,-0.000279,-0.004833,-34.563267,-11.117753,18.319466,-1.035573,-1.716380,0.347032
1750016722.242652,0.910447,0.216050,0.103587,-0.273725,0.286637,0.661709,nan,0.038330,0.069497,0.080936,0.021956,-0.026112,0.035491,nan,2.298170,-25.636100,13.723500,1.475550,0.455047,0.825889,nan,-0.444050,0.555101,-0.731476,-1.955271,-2.490034,2.375943,0.646204,0.000054,0.000005,0.000270,0.000637,-0.000263,0.000087,0.000488,0.018970,-34.587070,-11.165360,18.196480,-1.022756,-1.689830,0.320482
1750016722.276633,0.911980,0.218793,0.106737,-0.272838,0.285571,0.663027,nan,0.038522,0.066814,0.078936,0.022495,-0.026364,0.031586,nan,2.049500,-27.635500,13.256100,1.474880,0.489757,0.929620,nan,-0.444055,0.555102,-0.731473,-1.955274,-2.490044,2.375944,0.646214,0.000937,0.000251,0.000996,0.001194,0.000124,0.000253,-0.000308,-0.004833,-34.511692,-11.216935,18.319466,-1.054799,-1.696239,0.347032
1750016722.310790,0.913418,0.221440,0.109911,-0.271964,0.284529,0.664356,nan,0.034078,0.065964,0.081116,0.021525,-0.025298,0.033695,nan,2.219830,-26.805200,13.095200,1.515020,0.445488,0.843856,nan,-0.444069,0.555111,-0.731474,-1.955268,-2.490058,2.375947,0.646227,-0.000093,0.000532,0.001253,-0.000451,-0.000731,-0.000342,0.000937,0.018970,-34.535496,-11.193131,18.343269,-1.029165,-1.722789,0.306749
1750016722.344447,0.914867,0.224195,0.113050,-0.271054,0.283475,0.665674,nan,0.036821,0.065760,0.076720,0.021740,-0.026867,0.032808,nan,1.876270,-29.215900,13.903400,1.465850,0.466046,0.851283,nan,-0.444074,0.555119,-0.731476,-1.955259,-2.490064,2.375945,0.646237,-0.000043,0.000121,-0.000437,0.000121,0.000325,0.000202,-0.000313,-0.004833,-34.610874,-11.141557,18.291695,-1.035573,-1.703563,0.320482
1750016722.378689,0.916388,0.226950,0.116332,-0.270095,0.282373,0.667015,nan,0.035252,0.065017,0.079008,0.022507,-0.026436,0.030975,nan,1.882590,-29.422600,13.032100,1.369480,0.442153,0.855235,nan,-0.444079,0.555122,-0.731477,-1.955254,-2.490070,2.375944,0.646243,0.001245,-0.000219,-0.000105,-0.000892,0.001639,-0.000134,-0.000799,0.018970,-34.587070,-11.117753,18.267891,-1.035573,-1.696239,0.347032
1750016722.412458,0.917550,0.229166,0.119015,-0.269317,0.281463,0.668081,nan,0.034988,0.066000,0.074264,0.022004,-0.026052,0.031586,nan,2.164870,-29.244700,12.866000,1.344360,0.408050,0.883624,nan,-0.444090,0.555130,-0.731478,-1.955252,-2.490084,2.375943,0.646256,-0.000264,0.000185,-0.001112,0.000317,-0.000610,0.000013,0.000528,-0.004833,-34.587070,-11.141557,18.291695,-1.035573,-1.689830,0.326891
1750016722.446432,0.917778,0.229537,0.119446,-0.269185,0.281331,0.668249,nan,0.035192,0.063891,0.076504,0.021597,-0.026615,0.032089,nan,1.339980,-29.947500,12.592000,1.325820,0.404254,0.904465,nan,-0.444096,0.555135,-0.731472,-1.955243,-2.490087,2.375945,0.646267,0.000512,0.001978,0.001333,0.001128,-0.000215,0.000075,0.002820,-0.004833,-34.563267,-11.193131,18.244087,-1.029165,-1.709972,0.280199
1750016722.480672,0.919155,0.232065,0.122429,-0.268275,0.280229,0.669507,nan,0.032952,0.062754,0.073522,0.022423,-0.025705,0.031035,nan,1.669060,-28.126900,13.470600,1.306500,0.487634,0.815827,nan,-0.444104,0.555135,-0.731478,-1.955241,-2.490093,2.375945,0.646271,-0.000203,-0.000172,-0.000304,-0.000149,-0.000038,0.000092,-0.002196,0.042774,-34.511692,-11.141557,18.267891,-1.016347,-1.703563,0.353441
1750016722.514554,0.920569,0.234568,0.125543,-0.267364,0.279163,0.670704,nan,0.031910,0.060190,0.078050,0.022519,-0.025705,0.029658,nan,1.324940,-25.771000,12.649700,1.291410,0.477034,0.874161,nan,-0.444110,0.555145,-0.731471,-1.955241,-2.490103,2.375945,0.646285,-0.001175,-0.000899,0.000709,0.000019,-0.000380,0.000687,0.000847,0.042774,-34.563267,-11.193131,18.319466,-1.035573,-1.703563,0.286607
1750016722.548262,0.921922,0.237227,0.128705,-0.266382,0.278049,0.671974,nan,0.033048,0.060358,0.070623,0.022303,-0.026280,0.030209,nan,1.165640,-25.631800,13.569000,1.258060,0.407124,0.870088,nan,-0.444118,0.555153,-0.731477,-1.955233,-2.490111,2.375944,0.646294,0.000242,0.001296,0.000237,0.001025,0.000231,0.000190,0.000835,0.042774,-34.587070,-11.117753,18.244087,-1.016347,-1.696239,0.280199
1750016722.582655,0.923048,0.239407,0.131221,-0.265615,0.277138,0.672980,nan,0.032616,0.061364,0.075894,0.022735,-0.026843,0.029083,nan,0.813767,-27.368400,14.459900,1.308480,0.388080,0.895721,nan,-0.444122,0.555159,-0.731474,-1.955233,-2.490119,2.375944,0.646289,-0.000427,0.000070,0.000060,0.000223,-0.001346,-0.000245,-0.002100,0.042774,-34.587070,-11.165360,18.291695,-1.022756,-1.696239,0.339708
1750016722.616649,0.923204,0.239743,0.131640,-0.265496,0.276995,0.673124,nan,0.032928,0.060490,0.070647,0.022878,-0.026065,0.029406,nan,1.320620,-27.582100,14.626300,1.307170,0.387194,0.925547,nan,-0.444124,0.555164,-0.731471,-1.955231,-2.490124,2.375942,0.646302,0.001139,0.001015,0.000096,-0.001202,-0.000742,-0.000585,0.000945,0.018970,-34.563267,-11.165360,18.319466,-1.022756,-1.703563,0.320482
1750016722.650550,0.924498,0.242114,0.134575,-0.264585,0.275941,0.674250,nan,0.029310,0.058094,0.067353,0.021656,-0.026316,0.026771,nan,1.216990,-26.179400,13.934000,1.236240,0.415118,0.898716,nan,-0.444134,0.555169,-0.731476,-1.955225,-2.490130,2.375943,0.646315,0.000713,0.000765,0.000632,-0.000055,0.000096,0.000451,0.002715,0.066578,-34.587070,-11.141557,18.267891,-1.016347,-1.689830,0.280199
1750016722.684396,0.925659,0.244486,0.137377,-0.263723,0.274899,0.675316,nan,0.030125,0.058957,0.069689,0.021740,-0.025993,0.027849,nan,1.439460,-26.055300,13.902800,1.286110,0.377939,0.918121,nan,-0.444138,0.555172,-0.731471,-1.955226,-2.490133,2.375944,0.646315,-0.001984,0.001262,-0.001111,-0.001226,0.000554,-0.000072,-0.000067,0.042774,-34.587070,-11.165360,18.319466,-1.029165,-1.696239,0.313158
1750016722.718190,0.926965,0.247037,0.140396,-0.262789,0.273797,0.676490,nan,0.032042,0.057327,0.068347,0.022543,-0.026520,0.027825,nan,1.716560,-27.703300,13.933100,1.281350,0.349287,0.896799,nan,-0.444144,0.555177,-0.731475,-1.955219,-2.490141,2.375942,0.646321,-0.000909,0.001564,-0.001068,0.000868,0.001054,-0.001057,0.000201,0.066578,-34.563267,-11.141557,18.291695,-1.009023,-1.683421,0.306749
1750016722.752455,0.928175,0.249313,0.143127,-0.261962,0.272826,0.677532,nan,0.029035,0.058082,0.069342,0.021561,-0.026017,0.026412,nan,1.678450,-28.476600,14.723600,1.386350,0.230029,0.912371,nan,-0.444146,0.555180,-0.731470,-1.955214,-2.490149,2.375943,0.646323,-0.000089,0.000286,0.001293,-0.000753,0.000467,0.000255,-0.002084,0.018970,-34.563267,-11.165360,18.244087,-1.016347,-1.689830,0.333299
1750016722.786715,0.928175,0.249313,0.143127,-0.261962,0.272826,0.677532,nan,0.029035,0.058082,0.069342,0.021561,-0.026017,0.026412,nan,1.678850,-28.476600,14.723500,1.386390,0.229939,0.912371,nan,-0.444150,0.555186,-0.731473,-1.955217,-2.490150,2.375942,0.646333,0.000145,0.000111,0.000206,-0.000830,-0.000804,-0.000940,-0.000396,0.018970,-34.563267,-11.165360,18.343269,-1.035573,-1.677013,0.326891
1750016722.820518,0.929361,0.251757,0.146026,-0.261052,0.271736,0.678610,nan,0.026711,0.055794,0.068359,0.021656,-0.025130,0.024675,nan,1.316550,-29.271700,14.542200,1.448910,0.201879,0.945551,nan,-0.444153,0.555187,-0.731473,-1.955211,-2.490159,2.375944,0.646334,0.001829,-0.000464,-0.000643,0.000653,-0.002337,0.000693,-0.001923,0.018970,-34.563267,-11.165360,18.291695,-1.009023,-1.683421,0.353441
1750016722.854256,0.930451,0.253973,0.148709,-0.260201,0.270706,0.679556,nan,0.028592,0.057327,0.067341,0.021189,-0.026220,0.025046,nan,1.606010,-30.434300,14.274200,1.446600,0.248271,1.061140,nan,-0.444158,0.555191,-0.731475,-1.955208,-2.490162,2.375945,0.646347,0.000165,-0.000791,0.000057,0.000725,-0.001325,-0.000057,0.001781,0.042774,-34.535496,-11.117753,18.291695,-1.029165,-1.696239,0.286607
1750016722.888504,0.931672,0.256356,0.151560,-0.259255,0.269616,0.680622,nan,0.028484,0.055016,0.062442,0.021537,-0.025514,0.025166,nan,1.638820,-31.659000,14.571100,1.385750,0.219381,1.078630,nan,-0.444159,0.555199,-0.731472,-1.955203,-2.490167,2.375943,0.646355,0.002298,0.001144,0.000077,-0.000306,-0.000833,0.001046,0.001478,-0.032604,-34.610874,-11.141557,18.291695,-1.029165,-1.689830,0.300340
1750016722.922260,0.932738,0.258536,0.154159,-0.258369,0.268574,0.681593,nan,0.024962,0.052261,0.068719,0.022112,-0.025418,0.024831,nan,1.335200,-32.602800,13.646700,1.336970,0.308780,1.048920,nan,-0.444167,0.555201,-0.731470,-1.955203,-2.490168,2.375943,0.646352,-0.000529,0.000499,0.000167,-0.000293,-0.000007,-0.000728,-0.000967,0.042774,-34.587070,-11.165360,18.319466,-1.022756,-1.683421,0.326891
1750016722.956616,0.933649,0.260357,0.156387,-0.257650,0.267724,0.682395,nan,0.028328,0.053890,0.065125,0.021225,-0.025561,0.023202,nan,1.159570,-33.390000,14.509100,1.413400,0.265635,1.020650,nan,-0.444172,0.555204,-0.731473,-1.955200,-2.490173,2.375947,0.646358,-0.001486,0.000047,-0.000622,-0.000715,-0.000981,-0.001236,-0.001010,0.066578,-34.587070,-11.141557,18.319466,-1.029165,-1.683421,0.353441
1750016722.990277,0.933817,0.260657,0.156770,-0.257506,0.267568,0.682551,nan,0.027969,0.052931,0.065724,0.021441,-0.025286,0.024100,nan,1.365170,-32.683300,14.688600,1.353820,0.284269,1.027480,nan,-0.444178,0.555207,-0.731478,-1.955189,-2.490179,2.375941,0.646366,0.000659,0.000646,-0.001862,-0.001814,-0.000009,-0.000561,0.001557,0.066578,-34.587070,-11.089982,18.244087,-1.022756,-1.656871,0.306749
1750016723.024535,0.934990,0.262837,0.159477,-0.256620,0.266478,0.683533,nan,0.025777,0.049889,0.062993,0.021213,-0.025310,0.023106,nan,0.754340,-30.838900,15.293400,1.409530,0.268151,1.050360,nan,-0.444184,0.555207,-0.731467,-1.955188,-2.490183,2.375941,0.646375,-0.002036,-0.000893,0.000197,0.000274,-0.000741,-0.000883,0.001516,0.066578,-34.535496,-11.165360,18.267891,-1.016347,-1.656871,0.266466
1750016723.058794,0.936044,0.264921,0.162112,-0.255733,0.265412,0.684479,nan,0.024615,0.051961,0.064466,0.021585,-0.024340,0.022519,nan,1.136550,-29.198700,14.334100,1.456270,0.321365,1.001610,nan,-0.444183,0.555210,-0.731467,-1.955190,-2.490189,2.375946,0.646376,0.000556,-0.000256,0.000894,0.000151,-0.001458,-0.001329,0.000471,0.042774,-34.535496,-11.216935,18.291695,-1.029165,-1.683421,0.286607
1750016723.092501,0.936955,0.266861,0.164544,-0.254907,0.264454,0.685330,nan,0.024447,0.050392,0.064383,0.021129,-0.024447,0.020890,nan,1.232820,-28.896600,14.485200,1.436460,0.336654,1.068210,nan,-0.444186,0.555218,-0.731470,-1.955191,-2.490192,2.375945,0.646374,-0.000280,-0.000155,-0.000068,0.000923,-0.000674,-0.000224,-0.000036,0.042774,-34.610874,-11.165360,18.319466,-1.016347,-1.664195,0.347032
1750016723.139430,0.937961,0.268933,0.167095,-0.254045,0.263435,0.686204,nan,0.024855,0.050572,0.057304,0.020962,-0.023873,0.021944,nan,2.006990,-27.916800,15.517600,1.485640,0.306331,1.132410,nan,-0.444188,0.555226,-0.731469,-1.955192,-2.490197,2.375947,0.646384,-0.001570,0.000826,0.000427,-0.001034,-0.001502,0.000713,0.000679,0.018970,-34.662449,-11.141557,18.343269,-1.016347,-1.683421,0.300340
1750016723.173073,0.938991,0.271042,0.169659,-0.253158,0.262417,0.687139,nan,0.023884,0.048200,0.061376,0.020686,-0.024986,0.019668,nan,2.002160,-28.906600,14.540200,1.459710,0.256972,1.035870,nan,-0.444195,0.555223,-0.731471,-1.955189,-2.490200,2.375946,0.646384,0.001695,-0.000161,0.000793,-0.001521,0.000446,-0.000113,-0.001135,0.066578,-34.587070,-11.117753,18.343269,-1.029165,-1.670604,0.313158
1750016723.206790,0.939925,0.272958,0.172042,-0.252356,0.261447,0.687953,nan,0.023549,0.049254,0.060370,0.020231,-0.024256,0.019740,nan,1.940970,-28.486900,14.684500,1.478700,0.271083,1.071080,nan,-0.444195,0.555230,-0.731463,-1.955185,-2.490201,2.375946,0.646387,0.000196,0.001656,0.001457,0.000663,0.001396,-0.000741,-0.001296,0.018970,-34.638645,-11.193131,18.291695,-1.022756,-1.670604,0.347032
1750016723.239358,0.940824,0.274887,0.174414,-0.251505,0.260477,0.688792,nan,0.023717,0.048068,0.055998,0.020578,-0.024292,0.020806,nan,2.276160,-27.752900,15.742900,1.449440,0.285636,1.007240,nan,-0.444201,0.555224,-0.731467,-1.955186,-2.490208,2.375944,0.646391,0.000946,-0.001257,0.000119,-0.000450,-0.000590,-0.001968,-0.001057,0.066578,-34.511692,-11.165360,18.319466,-1.002614,-1.656871,0.347032
1750016723.273047,0.941710,0.276707,0.176606,-0.250703,0.259531,0.689546,nan,0.022591,0.047098,0.057783,0.021273,-0.023537,0.019129,nan,2.234840,-28.364700,15.438700,1.403770,0.367030,1.058500,nan,-0.444204,0.555229,-0.731465,-1.955188,-2.490208,2.375946,0.646403,-0.000810,-0.000477,0.000949,-0.000873,0.000975,0.000223,0.001255,0.066578,-34.535496,-11.193131,18.367073,-1.009023,-1.670604,0.300340
1750016723.306453,0.941770,0.276839,0.176774,-0.250655,0.259471,0.689594,nan,0.022974,0.047206,0.056944,0.020674,-0.024088,0.019872,nan,2.567240,-28.468700,15.083000,1.435670,0.392575,1.068330,nan,-0.444206,0.555237,-0.731467,-1.955176,-2.490213,2.375945,0.646399,-0.001419,0.001180,-0.000077,0.001459,0.001162,0.000222,-0.000830,0.094349,-34.610874,-11.141557,18.244087,-1.016347,-1.656871,0.347032
1750016723.339512,0.942716,0.278708,0.179085,-0.249840,0.258512,0.690385,nan,0.023142,0.045721,0.056429,0.019932,-0.023873,0.019608,nan,1.896440,-29.678700,14.824200,1.430290,0.368575,1.003400,nan,-0.444209,0.555236,-0.731469,-1.955176,-2.490217,2.375949,0.646407,-0.001055,0.000729,-0.000504,0.000308,-0.000238,-0.000883,0.000963,0.094349,-34.587070,-11.141557,18.244087,-1.009023,-1.664195,0.306749
1750016723.373111,0.943567,0.280540,0.181349,-0.249062,0.257590,0.691115,nan,0.021118,0.044679,0.055159,0.019560,-0.022806,0.018997,nan,2.708460,-30.099900,14.381600,1.475780,0.314592,1.025330,nan,-0.444208,0.555234,-0.731467,-1.955178,-2.490221,2.375945,0.646406,0.000772,-0.000813,-0.000663,-0.000710,0.000382,-0.000204,-0.001051,0.042774,-34.563267,-11.165360,18.319466,-1.016347,-1.664195,0.320482
1750016723.406556,0.944489,0.282517,0.183721,-0.248163,0.256584,0.691966,nan,0.020650,0.043900,0.055447,0.019776,-0.022938,0.018530,nan,2.201310,-30.712000,14.248100,1.403270,0.318613,0.961002,nan,-0.444215,0.555240,-0.731468,-1.955178,-2.490225,2.375950,0.646414,-0.000970,0.001864,0.000224,-0.000463,-0.000234,-0.001328,0.000297,0.094349,-34.587070,-11.141557,18.319466,-1.009023,-1.664195,0.286607
1750016723.439567,0.945256,0.284218,0.185853,-0.247409,0.255686,0.692684,nan,0.021141,0.043121,0.056177,0.019261,-0.022735,0.018782,nan,2.669410,-31.619900,14.577800,1.414260,0.375323,0.922552,nan,-0.444217,0.555243,-0.731466,-1.955171,-2.490223,2.375949,0.646407,-0.000017,0.001275,0.001490,0.000277,0.001269,-0.000637,-0.001715,0.066578,-34.638645,-11.141557,18.267891,-1.002614,-1.656871,0.347032
1750016723.472928,0.945974,0.285739,0.187734,-0.246738,0.254895,0.693283,nan,0.020938,0.042439,0.056285,0.019584,-0.022854,0.018171,nan,2.456000,-32.903500,13.939300,1.415350,0.382231,0.984719,nan,-0.444221,0.555242,-0.731466,-1.955168,-2.490227,2.375948,0.646415,-0.001308,0.000683,0.001138,0.001082,-0.000630,0.000160,0.000934,0.118152,-34.563267,-11.141557,18.244087,-1.016347,-1.650462,0.313158
1750016723.506042,0.946166,0.286098,0.188189,-0.246558,0.254703,0.693427,nan,0.021237,0.043097,0.056166,0.019740,-0.022555,0.017261,nan,2.051210,-32.732200,14.147900,1.333380,0.369004,1.013950,nan,-0.444220,0.555245,-0.731469,-1.955175,-2.490231,2.375951,0.646420,-0.000390,0.000722,-0.001530,0.000655,-0.000562,0.000215,0.001111,0.066578,-34.610874,-11.141557,18.319466,-1.009023,-1.670604,0.293016
1750016723.539269,0.946981,0.287835,0.190297,-0.245780,0.253745,0.694098,nan,0.021046,0.042055,0.050596,0.019273,-0.021812,0.016506,nan,2.494530,-33.949900,14.990700,1.381230,0.466402,1.068930,nan,-0.444225,0.555245,-0.731462,-1.955169,-2.490231,2.375950,0.646424,-0.000735,0.001088,0.001011,-0.001380,0.001977,0.000638,0.001191,0.066578,-34.587070,-11.193131,18.291695,-1.016347,-1.670604,0.286607
1750016723.573052,0.947759,0.289476,0.192237,-0.245061,0.252907,0.694745,nan,0.019129,0.040127,0.051949,0.018961,-0.022148,0.016554,nan,2.268740,-34.651600,15.282400,1.449100,0.414968,1.048320,nan,-0.444228,0.555252,-0.731471,-1.955168,-2.490234,2.375949,0.646426,-0.001386,0.000264,-0.001070,-0.000361,0.000272,0.000121,0.000238,0.094349,-34.638645,-11.038407,18.319466,-1.029165,-1.656871,0.313158
1750016723.606385,0.948538,0.291177,0.194489,-0.244258,0.251984,0.695463,nan,0.017823,0.039516,0.051290,0.018410,-0.021836,0.016781,nan,2.370750,-33.303800,14.659200,1.473390,0.342670,1.066170,nan,-0.444228,0.555252,-0.731466,-1.955160,-2.490235,2.375949,0.646429,0.000303,0.001219,-0.000147,0.000544,0.000076,0.000351,0.001216,0.042774,-34.638645,-11.141557,18.244087,-1.016347,-1.656871,0.286607
1750016723.639431,0.949256,0.292638,0.196394,-0.243540,0.251146,0.696086,nan,0.018902,0.039396,0.051626,0.018854,-0.022423,0.016195,nan,2.090920,-33.448700,14.377600,1.422990,0.403111,1.004480,nan,-0.444228,0.555251,-0.731461,-1.955168,-2.490237,2.375950,0.646427,0.000503,-0.000355,0.001186,-0.000250,0.000811,-0.000393,-0.000214,0.042774,-34.610874,-11.165360,18.319466,-1.009023,-1.644054,0.333299
1750016723.672746,0.949304,0.292746,0.196537,-0.243504,0.251098,0.696122,nan,0.019201,0.039408,0.049290,0.019536,-0.022208,0.015703,nan,2.165110,-33.586700,14.300300,1.460720,0.369340,1.028080,nan,-0.444230,0.555250,-0.731459,-1.955165,-2.490241,2.375948,0.646429,0.001388,-0.000866,0.001478,-0.002827,-0.000998,-0.000891,-0.001062,0.066578,-34.563267,-11.193131,18.319466,-1.009023,-1.650462,0.333299
1750016723.706545,0.950083,0.294267,0.198478,-0.242749,0.250224,0.696781,nan,0.018339,0.037108,0.046403,0.017560,-0.021992,0.015619,nan,1.781950,-31.854200,14.416400,1.497760,0.349874,0.975735,nan,-0.444233,0.555252,-0.731463,-1.955153,-2.490246,2.375949,0.646432,-0.000388,-0.000470,0.000949,0.000471,-0.000637,-0.001523,-0.000511,0.066578,-34.587070,-11.141557,18.196480,-0.976980,-1.623912,0.313158
1750016723.739490,0.950837,0.295812,0.200418,-0.241983,0.249349,0.697404,nan,0.018949,0.039791,0.047984,0.018374,-0.020507,0.015200,nan,1.774850,-31.015500,14.687500,1.422100,0.378055,0.974178,nan,-0.444230,0.555256,-0.731457,-1.955157,-2.490251,2.375953,0.646439,0.000963,0.000670,0.001273,0.001121,-0.000775,0.000212,0.001906,0.066578,-34.610874,-11.216935,18.267891,-0.996206,-1.650462,0.280199
1750016723.773118,0.951592,0.297382,0.202383,-0.241240,0.248499,0.698003,nan,0.016698,0.035683,0.047961,0.018686,-0.021070,0.015344,nan,1.465090,-29.657700,16.073200,1.444890,0.370681,1.001490,nan,-0.444233,0.555255,-0.731458,-1.955152,-2.490249,2.375957,0.646432,-0.001415,0.000364,-0.000164,0.000909,-0.001143,0.001708,-0.002667,0.066578,-34.587070,-11.193131,18.220284,-0.983388,-1.650462,0.339708
1750016723.806688,0.952215,0.298843,0.204347,-0.240509,0.247660,0.698602,nan,0.015332,0.036893,0.046379,0.018135,-0.020638,0.015152,nan,1.656270,-28.915300,14.670400,1.401580,0.413690,1.027840,nan,-0.444231,0.555264,-0.731451,-1.955162,-2.490252,2.375958,0.646442,-0.001408,0.000920,0.000956,0.001195,-0.000789,-0.000667,0.000965,0.042774,-34.638645,-11.244706,18.319466,-0.996206,-1.670604,0.300340
1750016723.840349,0.952251,0.298939,0.204467,-0.240461,0.247612,0.698638,nan,0.015248,0.037204,0.045313,0.017680,-0.020602,0.014877,nan,1.470450,-29.385000,14.820300,1.410460,0.393167,0.968788,nan,-0.444226,0.555261,-0.731458,-1.955160,-2.490254,2.375958,0.646440,0.002011,-0.001195,-0.000123,-0.001191,-0.000640,0.002095,0.001258,-0.032604,-34.587070,-11.165360,18.319466,-0.983388,-1.664195,0.313158
1750016723.874421,0.952922,0.300412,0.206288,-0.239743,0.246810,0.699224,nan,0.016841,0.036186,0.044966,0.017165,-0.020650,0.014793,nan,1.239060,-29.058000,14.815700,1.348110,0.268490,0.981126,nan,-0.444234,0.555263,-0.731462,-1.955155,-2.490254,2.375954,0.646445,0.000015,-0.000139,-0.000482,0.000700,0.000002,0.000091,0.001884,0.042774,-34.610874,-11.141557,18.267891,-0.989797,-1.656871,0.286607
1750016723.908325,0.953545,0.301873,0.208120,-0.239012,0.245959,0.699799,nan,0.015847,0.035707,0.046164,0.017404,-0.019716,0.013727,nan,2.254760,-29.228100,14.582300,1.308390,0.317964,0.996098,nan,-0.444230,0.555269,-0.731443,-1.955161,-2.490258,2.375958,0.646443,-0.001440,0.001262,0.000027,-0.001180,0.000487,-0.000353,-0.001219,0.018970,-34.690220,-11.268510,18.367073,-0.989797,-1.664195,0.326891
1750016723.942650,0.954203,0.303311,0.209941,-0.238293,0.245169,0.700350,nan,0.016626,0.036773,0.043720,0.016434,-0.020111,0.014374,nan,2.104290,-29.469800,14.604700,1.224710,0.290188,1.022690,nan,-0.444233,0.555262,-0.731444,-1.955160,-2.490256,2.375953,0.646448,-0.000774,-0.000346,0.001513,-0.001259,-0.000365,-0.001422,0.001401,0.066578,-34.587070,-11.216935,18.343269,-1.009023,-1.650462,0.326891
1750016723.976756,0.954850,0.304748,0.211738,-0.237611,0.244366,0.700901,nan,0.015991,0.034976,0.044870,0.016518,-0.019991,0.013212,nan,2.388030,-28.981100,14.160100,1.224000,0.293024,0.998374,nan,-0.444230,0.555261,-0.731450,-1.955159,-2.490260,2.375957,0.646445,0.000711,0.000404,0.000754,0.000031,-0.000386,-0.000210,-0.000705,0.018970,-34.535496,-11.193131,18.319466,-0.996206,-1.644054,0.339708
1750016724.010702,0.955377,0.305886,0.213223,-0.237036,0.243683,0.701357,nan,0.015093,0.034234,0.041337,0.016326,-0.019968,0.012733,nan,2.570670,-27.958900,13.759400,1.214420,0.302835,0.957169,nan,-0.444232,0.555268,-0.731448,-1.955157,-2.490259,2.375957,0.646452,0.000435,0.000993,-0.000801,-0.000203,-0.000209,-0.000189,-0.000024,0.018970,-34.638645,-11.244706,18.291695,-0.983388,-1.650462,0.293016
1750016724.044447,0.955509,0.306209,0.213558,-0.236916,0.243516,0.701440,nan,0.014865,0.034066,0.040702,0.016302,-0.019764,0.012337,nan,2.155310,-29.600200,14.301800,1.269330,0.303563,1.035870,nan,-0.444238,0.555267,-0.731456,-1.955159,-2.490259,2.375956,0.646456,-0.000828,-0.000017,-0.000249,0.000364,0.000827,-0.000490,0.001374,0.094349,-34.610874,-11.089982,18.319466,-0.983388,-1.637645,0.286607
1750016724.078229,0.956048,0.307467,0.215128,-0.236281,0.242773,0.701908,nan,0.013691,0.032772,0.041313,0.016530,-0.018842,0.011511,nan,2.177380,-29.376700,14.157300,1.254200,0.279784,1.078630,nan,-0.444236,0.555267,-0.731440,-1.955155,-2.490261,2.375964,0.646454,-0.000179,-0.001309,0.000650,0.001122,0.000391,-0.000485,0.001762,0.018970,-34.610874,-11.320085,18.291695,-0.989797,-1.664195,0.280199
1750016724.112499,0.956623,0.308785,0.216816,-0.235634,0.242030,0.702423,nan,0.015224,0.032018,0.043744,0.016027,-0.019345,0.011894,nan,1.866180,-29.422600,14.495700,1.273690,0.209887,1.010110,nan,-0.444229,0.555274,-0.731433,-1.955162,-2.490260,2.375967,0.646452,0.001227,-0.000399,-0.000556,0.000186,0.002549,-0.000739,-0.000517,-0.032604,-34.638645,-11.320085,18.367073,-0.969655,-1.689830,0.293016
1750016724.146794,0.957258,0.310138,0.218529,-0.234927,0.241240,0.702950,nan,0.015033,0.032736,0.041612,0.016111,-0.018387,0.012541,nan,1.987220,-29.782000,15.047100,1.226910,0.197318,0.993583,nan,-0.444228,0.555279,-0.731430,-1.955166,-2.490259,2.375969,0.646457,0.000832,-0.000620,0.001737,-0.000369,0.001487,0.000467,0.000980,-0.056408,-34.662449,-11.292314,18.390877,-0.983388,-1.703563,0.280199
1750016724.180426,0.957785,0.311336,0.220027,-0.234364,0.240557,0.703393,nan,0.014554,0.032760,0.038522,0.015931,-0.018937,0.012050,nan,2.248410,-30.171800,15.325200,1.310670,0.214259,1.030120,nan,-0.444230,0.555291,-0.731424,-1.955169,-2.490259,2.375973,0.646456,-0.000339,0.001437,0.001052,0.000113,0.000947,0.000120,0.001717,-0.056408,-34.793369,-11.395463,18.418648,-0.976980,-1.696239,0.293016
1750016724.214301,0.957833,0.311420,0.220134,-0.234317,0.240497,0.703429,nan,0.014637,0.032401,0.039588,0.015787,-0.018830,0.011164,nan,2.062890,-29.832800,15.229400,1.300670,0.238928,1.026040,nan,-0.444226,0.555285,-0.731420,-1.955167,-2.490264,2.375974,0.646455,0.000911,-0.000260,-0.000141,0.001606,-0.000772,0.000122,-0.000433,-0.107983,-34.690220,-11.371659,18.390877,-0.976980,-1.703563,0.306749
1750016724.248321,0.958432,0.312690,0.221656,-0.233694,0.239767,0.703872,nan,0.014326,0.029538,0.037372,0.014494,-0.018410,0.011056,nan,1.737210,-31.173400,14.818100,1.294960,0.267708,1.057310,nan,-0.444224,0.555275,-0.731418,-1.955162,-2.490264,2.375973,0.646454,0.000637,0.000705,0.000448,0.001638,-0.000357,-0.000094,-0.000321,-0.107983,-34.587070,-11.395463,18.367073,-0.976980,-1.703563,0.320482
1750016724.282583,0.958995,0.313947,0.223225,-0.233023,0.238976,0.704363,nan,0.012661,0.028628,0.037492,0.014913,-0.017728,0.010517,nan,2.009470,-31.360000,16.747800,1.233300,0.273748,1.010950,nan,-0.444224,0.555283,-0.731420,-1.955165,-2.490266,2.375968,0.646458,-0.000595,0.000975,0.000048,-0.000378,-0.001532,-0.000932,-0.000252,-0.107983,-34.662449,-11.371659,18.367073,-0.963247,-1.696239,0.286607
1750016724.316962,0.959486,0.315085,0.224758,-0.232448,0.238281,0.704794,nan,0.011619,0.028436,0.038210,0.016206,-0.017536,0.010864,nan,1.770850,-31.883200,15.659200,1.280790,0.265963,0.993104,nan,-0.444223,0.555282,-0.731420,-1.955166,-2.490264,2.375978,0.646462,0.001018,0.000502,-0.000608,0.000080,0.000447,0.001577,0.000374,-0.131787,-34.662449,-11.371659,18.390877,-0.969655,-1.716380,0.280199
1750016724.350582,0.959977,0.316295,0.226267,-0.231825,0.237551,0.705214,nan,0.011104,0.028999,0.037971,0.014853,-0.017560,0.010493,nan,1.076130,-33.202500,15.914500,1.272800,0.286243,1.052870,nan,-0.444213,0.555287,-0.731394,-1.955175,-2.490265,2.375978,0.646456,-0.000238,0.000527,0.001509,-0.002040,0.000792,0.000778,-0.000096,-0.254772,-34.714024,-11.597795,18.490059,-0.963247,-1.742931,0.313158
1750016724.384635,0.959977,0.316295,0.226267,-0.231825,0.237551,0.705214,nan,0.011104,0.028999,0.037971,0.014853,-0.017560,0.010493,nan,1.076120,-33.202500,15.914500,1.272810,0.286229,1.052870,nan,-0.444203,0.555285,-0.731389,-1.955171,-2.490270,2.375980,0.646456,0.000499,-0.000256,-0.000704,-0.000685,-0.000842,-0.000072,-0.000701,-0.353955,-34.690220,-11.546220,18.442451,-0.950429,-1.755748,0.300340
1750016724.418380,0.960444,0.317421,0.227800,-0.231250,0.236868,0.705633,nan,0.012349,0.027921,0.035060,0.015033,-0.017320,0.010684,nan,1.360040,-32.663500,15.098700,1.354430,0.223343,1.048080,nan,-0.444206,0.555284,-0.731387,-1.955178,-2.490267,2.375985,0.646462,0.000208,0.000844,0.000897,0.000394,0.001889,0.001720,-0.000686,-0.306347,-34.662449,-11.546220,18.490059,-0.950429,-1.755748,0.280199
1750016724.452479,0.960935,0.318595,0.229202,-0.230639,0.236137,0.706052,nan,0.012266,0.026795,0.032892,0.014134,-0.016410,0.009642,nan,1.940730,-33.916600,16.174400,1.344780,0.298928,1.022570,nan,-0.444200,0.555292,-0.731375,-1.955178,-2.490267,2.375986,0.646458,0.000662,-0.000203,-0.000120,0.000404,0.001460,0.000574,0.000003,-0.353955,-34.741795,-11.673173,18.490059,-0.950429,-1.768565,0.320482
1750016724.486368,0.961450,0.319757,0.230639,-0.230064,0.235431,0.706435,nan,0.011763,0.027346,0.035192,0.014398,-0.017105,0.010098,nan,1.412950,-34.096500,15.482400,1.373800,0.314437,1.098510,nan,-0.444190,0.555288,-0.731363,-1.955180,-2.490268,2.375992,0.646457,0.001017,0.000463,0.000622,-0.000829,0.000312,0.000547,-0.000776,-0.480908,-34.690220,-11.752519,18.513863,-0.950429,-1.775890,0.320482
1750016724.520489,0.961929,0.320847,0.232053,-0.229489,0.234760,0.706867,nan,0.011307,0.025549,0.035611,0.013392,-0.016374,0.009954,nan,1.815890,-34.631900,15.840200,1.398290,0.278266,1.078390,nan,-0.444185,0.555294,-0.731344,-1.955192,-2.490269,2.376001,0.646453,-0.000075,0.000073,0.000153,-0.000331,-0.000111,0.001078,-0.002502,-0.504711,-34.741795,-11.879472,18.640816,-0.904653,-1.854625,0.326891
1750016724.554254,0.962313,0.321685,0.233215,-0.229046,0.234197,0.707178,nan,0.011583,0.025226,0.032533,0.013655,-0.016518,0.010038,nan,2.000200,-33.318700,16.009600,1.470430,0.311259,1.109170,nan,-0.444161,0.555306,-0.731311,-1.955190,-2.490274,2.376007,0.646463,0.002364,0.000083,0.000494,-0.000378,-0.000113,-0.000190,0.002898,-0.730847,-34.840977,-12.054032,18.541634,-0.891836,-1.867442,0.280199
1750016724.588298,0.962384,0.321829,0.233394,-0.228974,0.234101,0.707250,nan,0.011547,0.025394,0.033455,0.013595,-0.016039,0.009511,nan,1.775180,-33.657400,16.088400,1.478280,0.330762,1.058380,nan,-0.444155,0.555297,-0.731287,-1.955175,-2.490277,2.376000,0.646459,0.000754,-0.000069,0.000711,0.002255,-0.001819,-0.000450,0.001105,-0.754650,-34.714024,-12.006425,18.367073,-0.878103,-1.808849,0.280199
1750016724.622596,0.962828,0.322823,0.234724,-0.228423,0.233454,0.707609,nan,0.010565,0.024507,0.033371,0.013679,-0.015452,0.009559,nan,1.915740,-33.619300,16.132200,1.486120,0.382260,1.113960,nan,-0.444150,0.555287,-0.731290,-1.955165,-2.490275,2.376000,0.646460,-0.000108,-0.000095,-0.000040,-0.000490,-0.000246,0.001988,0.001440,-0.778454,-34.587070,-11.954850,18.367073,-0.884511,-1.808849,0.266466
1750016724.656420,0.963247,0.323757,0.235970,-0.227884,0.232855,0.707969,nan,0.009918,0.022663,0.031766,0.013943,-0.014769,0.008624,nan,1.469790,-33.489000,16.007300,1.505090,0.363847,1.093120,nan,-0.444156,0.555293,-0.731296,-1.955184,-2.490275,2.375999,0.646453,0.000080,0.000521,-0.000642,-0.000020,-0.000194,0.000249,-0.001023,-0.730847,-34.662449,-11.879472,18.541634,-0.858877,-1.834483,0.333299
1750016724.690686,0.963642,0.324692,0.237215,-0.227333,0.232256,0.708328,nan,0.008948,0.023477,0.030652,0.013559,-0.015416,0.008792,nan,1.621420,-32.494300,15.748400,1.524770,0.314155,1.084260,nan,-0.444156,0.555306,-0.731291,-1.955194,-2.490278,2.376001,0.646456,-0.000548,0.001779,-0.000110,-0.000017,-0.000490,-0.000443,-0.001010,-0.730847,-34.840977,-11.954850,18.589241,-0.858877,-1.854625,0.300340
1750016724.724392,0.963989,0.325554,0.238365,-0.226854,0.231681,0.708639,nan,0.009475,0.023118,0.029706,0.012697,-0.015057,0.008205,nan,1.500620,-32.087100,15.276700,1.575100,0.342140,1.101630,nan,-0.444151,0.555307,-0.731274,-1.955193,-2.490275,2.376006,0.646456,-0.000316,-0.000906,0.000787,-0.000062,0.000987,0.000182,-0.001012,-0.778454,-34.840977,-12.133378,18.613045,-0.846059,-1.881175,0.300340
1750016724.758637,0.964037,0.325674,0.238533,-0.226770,0.231598,0.708687,nan,0.009415,0.023154,0.029442,0.012769,-0.015081,0.007918,nan,1.684420,-31.613500,15.426300,1.541350,0.338014,1.101630,nan,-0.444150,0.555305,-0.731271,-1.955197,-2.490273,2.376007,0.646459,-0.000156,-0.001112,0.000696,0.001941,0.001750,-0.000383,0.000344,-0.778454,-34.793369,-12.081803,18.589241,-0.832326,-1.881175,0.273790
1750016724.792380,0.964445,0.326584,0.239731,-0.226267,0.231023,0.709011,nan,0.010457,0.022567,0.030520,0.012182,-0.014290,0.007750,nan,1.826950,-30.974100,15.239700,1.496960,0.305569,1.074560,nan,-0.444143,0.555301,-0.731270,-1.955199,-2.490277,2.376006,0.646462,0.001344,-0.000665,0.000403,-0.000051,-0.000303,-0.000642,0.001019,-0.877636,-34.741795,-12.133378,18.640816,-0.825918,-1.900401,0.246324
1750016724.839666,0.965247,0.328381,0.242019,-0.225297,0.229873,0.709622,nan,0.009870,0.022016,0.029526,0.012230,-0.013176,0.007438,nan,1.185110,-31.294800,15.617100,1.561260,0.331594,1.093480,nan,-0.444144,0.555308,-0.731256,-1.955211,-2.490278,2.376010,0.646460,-0.000800,-0.000699,0.001539,-0.000721,0.000554,0.000197,-0.000057,-0.853832,-34.840977,-12.284135,18.688423,-0.806692,-1.933360,0.266466
1750016724.872797,0.965619,0.329172,0.243156,-0.224806,0.229322,0.709945,nan,0.008516,0.020914,0.025957,0.012194,-0.014146,0.007187,nan,1.303720,-29.273600,16.082200,1.561650,0.328281,1.044250,nan,-0.444126,0.555319,-0.731220,-1.955227,-2.490280,2.376021,0.646461,0.001418,0.000125,0.001845,-0.001021,-0.000479,-0.000582,-0.000252,-1.052197,-34.944126,-12.486466,18.811409,-0.792959,-1.992870,0.253648
1750016724.905897,0.965619,0.329172,0.243156,-0.224806,0.229322,0.709945,nan,0.008516,0.020914,0.025957,0.012194,-0.014146,0.007187,nan,1.303710,-29.273600,16.082300,1.561660,0.328272,1.044250,nan,-0.444096,0.555321,-0.731175,-1.955217,-2.490278,2.376022,0.646458,0.001161,0.000583,0.001664,0.000456,0.000565,0.000615,-0.000426,-1.278332,-34.971897,-12.641191,18.664619,-0.780141,-1.992870,0.253648
1750016724.939591,0.965990,0.330058,0.244306,-0.224291,0.228735,0.710244,nan,0.009547,0.021237,0.025885,0.011691,-0.013535,0.007606,nan,1.866310,-28.698000,15.406200,1.548050,0.329255,1.107610,nan,-0.444099,0.555321,-0.731164,-1.955222,-2.490279,2.376027,0.646465,-0.000235,0.000833,0.001470,-0.000714,0.000092,0.000755,0.000902,-1.179150,-34.920322,-12.641191,18.739998,-0.773733,-2.032237,0.226183
1750016724.972721,0.966349,0.330860,0.245289,-0.223836,0.228196,0.710520,nan,0.008433,0.018985,0.025070,0.011487,-0.012996,0.006995,nan,1.656750,-28.996700,15.389800,1.550110,0.382743,1.129530,nan,-0.444086,0.555336,-0.731155,-1.955236,-2.490276,2.376021,0.646463,0.000918,0.001008,0.000856,-0.000817,-0.001116,-0.001206,0.000259,-1.302136,-35.098850,-12.688798,18.886787,-0.753591,-2.025829,0.233507
1750016725.006135,0.966673,0.331639,0.246355,-0.223381,0.227645,0.710807,nan,0.007762,0.019536,0.025250,0.011164,-0.013164,0.007558,nan,1.823480,-28.448300,14.726900,1.563430,0.411682,1.142590,nan,-0.444094,0.555341,-0.731157,-1.955244,-2.490279,2.376026,0.646458,-0.000117,0.000360,0.000628,0.000180,0.000706,0.000319,0.000096,-1.226757,-35.098850,-12.664994,18.862984,-0.721547,-2.065196,0.239915
1750016725.039403,0.966984,0.332418,0.247373,-0.222913,0.227142,0.711095,nan,0.007510,0.019273,0.026891,0.010337,-0.012829,0.006720,nan,1.900890,-28.052600,15.675400,1.508480,0.353628,1.130850,nan,-0.444081,0.555339,-0.731149,-1.955247,-2.490278,2.376027,0.646458,0.000117,-0.000067,0.000289,0.000588,-0.000728,-0.000031,-0.001609,-1.377514,-35.047276,-12.768144,18.862984,-0.694997,-2.078014,0.246324
1750016725.072613,0.967224,0.333064,0.248259,-0.222530,0.226710,0.711322,nan,0.006696,0.018207,0.023621,0.011020,-0.011942,0.006289,nan,1.921930,-27.833600,15.754200,1.464300,0.350487,1.102100,nan,-0.444079,0.555331,-0.731164,-1.955227,-2.490279,2.376019,0.646463,0.000385,-0.000337,-0.002419,0.000547,0.000276,0.000603,0.001447,-1.353710,-34.971897,-12.589616,18.664619,-0.688589,-2.045055,0.199632
1750016725.106459,0.967260,0.333172,0.248391,-0.222470,0.226627,0.711346,nan,0.006708,0.018902,0.024076,0.010708,-0.012805,0.006480,nan,2.016840,-27.757700,16.000800,1.478930,0.389242,1.141870,nan,-0.444081,0.555321,-0.731175,-1.955230,-2.490279,2.376007,0.646461,0.000446,0.000062,0.000339,-0.001176,0.000551,-0.001620,0.001373,-1.329907,-34.840977,-12.589616,18.712227,-0.662038,-2.032237,0.186815
1750016725.139652,0.967547,0.333963,0.249373,-0.222027,0.226124,0.711598,nan,0.006995,0.018207,0.024196,0.010457,-0.011858,0.005881,nan,2.008520,-28.129500,15.792600,1.477170,0.365326,1.160800,nan,-0.444074,0.555315,-0.731168,-1.955216,-2.490277,2.376006,0.646458,0.001544,-0.000540,0.000543,0.000257,0.001003,0.001304,-0.000794,-1.429089,-34.840977,-12.688798,18.565437,-0.622671,-2.025829,0.199632
1750016725.174519,0.967799,0.334681,0.250331,-0.221620,0.225656,0.711837,nan,0.006744,0.018387,0.023813,0.010122,-0.011451,0.005594,nan,2.337560,-27.923500,15.180600,1.471990,0.384067,1.150740,nan,-0.444081,0.555318,-0.731189,-1.955226,-2.490278,2.375996,0.646459,-0.000790,-0.000107,-0.001820,-0.000798,-0.000300,0.000778,-0.000431,-1.329907,-34.840977,-12.486466,18.664619,-0.616262,-2.018504,0.226183
1750016725.206253,0.968098,0.335436,0.251242,-0.221212,0.225189,0.712077,nan,0.007822,0.017452,0.022914,0.009439,-0.011810,0.005785,nan,2.190340,-28.471300,15.782900,1.503340,0.351524,1.174690,nan,-0.444096,0.555313,-0.731212,-1.955221,-2.490278,2.375982,0.646464,-0.001029,-0.000119,-0.000025,0.002123,-0.000541,-0.001297,0.002750,-1.179150,-34.817173,-12.434892,18.589241,-0.609853,-2.012096,0.152940
1750016725.239468,0.968373,0.336059,0.252068,-0.220829,0.224758,0.712293,nan,0.007151,0.016674,0.020866,0.010062,-0.011176,0.005534,nan,2.369010,-27.626900,15.733800,1.491380,0.346565,1.158520,nan,-0.444091,0.555322,-0.731196,-1.955244,-2.490273,2.375991,0.646458,0.000168,0.001322,0.001008,-0.000910,-0.000301,-0.000921,-0.002748,-1.278332,-34.944126,-12.688798,18.862984,-0.603444,-2.058788,0.173082
1750016725.272578,0.968397,0.336119,0.252116,-0.220793,0.224734,0.712317,nan,0.007343,0.016482,0.020399,0.009882,-0.011834,0.006109,nan,2.235820,-28.309400,16.063400,1.467330,0.331550,1.164270,nan,-0.444091,0.555330,-0.731198,-1.955237,-2.490271,2.375988,0.646461,-0.000425,-0.000668,-0.000334,0.000160,-0.000296,0.000510,-0.000110,-1.254528,-35.023472,-12.664994,18.763802,-0.564077,-2.065196,0.146532
1750016725.306892,0.968673,0.336754,0.252967,-0.220386,0.224279,0.712544,nan,0.006600,0.015811,0.020519,0.010026,-0.010912,0.005714,nan,2.587190,-28.502000,15.298200,1.448680,0.332295,1.146660,nan,-0.444091,0.555311,-0.731219,-1.955231,-2.490270,2.375969,0.646460,-0.000741,-0.000422,0.001037,0.000371,-0.000927,-0.001760,0.000188,-1.278332,-34.793369,-12.434892,18.688423,-0.557668,-2.025829,0.179491
1750016725.339486,0.968936,0.337436,0.253829,-0.219991,0.223824,0.712760,nan,0.006013,0.014877,0.020063,0.008960,-0.010936,0.005390,nan,2.759950,-29.140900,15.501000,1.463690,0.313774,1.151340,nan,-0.444093,0.555315,-0.731234,-1.955251,-2.490260,2.375964,0.646456,0.000161,0.001129,-0.000855,-0.000920,0.001507,-0.000505,-0.002032,-1.254528,-34.892551,-12.486466,18.910591,-0.564077,-2.071605,0.179491
1750016725.372633,0.969188,0.338083,0.254667,-0.219607,0.223369,0.712963,nan,0.006301,0.015631,0.021429,0.009475,-0.010684,0.004803,nan,2.799820,-30.323900,15.270600,1.439930,0.357098,1.183080,nan,-0.444097,0.555321,-0.731243,-1.955249,-2.490258,2.375963,0.646457,-0.001489,0.001494,0.001140,0.001083,0.000417,0.000301,-0.001196,-1.202954,-34.971897,-12.538041,18.835213,-0.543935,-2.065196,0.173082
1750016725.406788,0.969452,0.338682,0.255482,-0.219224,0.222925,0.713179,nan,0.006085,0.014913,0.020231,0.008816,-0.010816,0.005019,nan,2.587610,-30.192100,16.187100,1.403450,0.407153,1.142110,nan,-0.444090,0.555314,-0.731243,-1.955254,-2.490261,2.375967,0.646460,0.000884,0.000300,0.000702,-0.001109,-0.000518,0.000339,-0.000101,-1.302136,-34.868748,-12.688798,18.910591,-0.518300,-2.098155,0.140123
1750016725.439497,0.969452,0.338682,0.255482,-0.219224,0.222925,0.713179,nan,0.006085,0.014913,0.020231,0.008816,-0.010816,0.005019,nan,2.587640,-30.192100,16.187100,1.403460,0.407144,1.142110,nan,-0.444093,0.555330,-0.731246,-1.955256,-2.490256,2.375964,0.646462,0.000397,0.000759,-0.001136,-0.000331,-0.000135,-0.000879,0.000120,-1.254528,-35.075047,-12.664994,18.886787,-0.511892,-2.098155,0.126390
1750016725.472746,0.969715,0.339245,0.256273,-0.218877,0.222530,0.713359,nan,0.006085,0.014374,0.018398,0.008600,-0.010649,0.004803,nan,2.168610,-29.376400,15.938900,1.434420,0.332025,1.194580,nan,-0.444090,0.555328,-0.731242,-1.955281,-2.490251,2.375965,0.646461,-0.000654,0.001031,-0.000881,-0.000099,0.000451,-0.000021,-0.001138,-1.302136,-35.023472,-12.716569,19.057381,-0.518300,-2.117381,0.132799
1750016725.507016,0.969919,0.339808,0.257003,-0.218541,0.222135,0.713574,nan,0.005606,0.014889,0.018303,0.008265,-0.009487,0.004120,nan,2.932890,-29.438200,15.947600,1.437790,0.341923,1.106540,nan,-0.444090,0.555321,-0.731250,-1.955280,-2.490248,2.375966,0.646457,0.000938,-0.000581,0.000775,-0.000089,0.000040,0.000073,-0.001509,-1.329907,-34.995701,-12.768144,19.009773,-0.505483,-2.131114,0.132799
1750016725.540624,0.970182,0.340419,0.257830,-0.218182,0.221728,0.713742,nan,0.006001,0.013056,0.018650,0.008445,-0.009942,0.004264,nan,2.545970,-30.356200,15.557100,1.423080,0.327730,1.181280,nan,-0.444094,0.555325,-0.731276,-1.955289,-2.490242,2.375966,0.646460,0.000478,-0.000353,-0.002843,-0.000394,-0.000069,0.000108,-0.000767,-1.278332,-35.023472,-12.561845,19.085152,-0.518300,-2.131114,0.132799
1750016725.574321,0.970398,0.340958,0.258548,-0.217835,0.221332,0.713910,nan,0.005378,0.013380,0.016913,0.008421,-0.009714,0.004336,nan,2.841460,-30.781900,15.713600,1.364460,0.377040,1.200690,nan,-0.444103,0.555323,-0.731310,-1.955299,-2.490243,2.375962,0.646461,0.000048,0.000128,-0.000027,-0.001513,-0.000911,0.000200,-0.000743,-1.202954,-34.995701,-12.561845,19.184334,-0.491750,-2.170482,0.093431
1750016725.608607,0.970601,0.341449,0.259171,-0.217535,0.221009,0.714077,nan,0.004851,0.013799,0.017404,0.007702,-0.009211,0.004516,nan,2.566990,-31.788100,15.400000,1.370230,0.287166,1.177330,nan,-0.444094,0.555338,-0.731291,-1.955320,-2.490237,2.375968,0.646459,0.000914,0.001734,0.000512,-0.000950,-0.000847,0.001231,-0.001104,-1.329907,-35.202000,-12.815751,19.279549,-0.491750,-2.209850,0.112657
1750016725.642498,0.970601,0.341521,0.259267,-0.217499,0.220949,0.714113,nan,0.005055,0.013344,0.017069,0.007582,-0.008864,0.004240,nan,3.247590,-31.164500,15.322400,1.391570,0.313830,1.141270,nan,-0.444077,0.555350,-0.731261,-1.955348,-2.490236,2.375972,0.646462,-0.000372,-0.000907,0.000573,-0.001069,0.000492,0.000327,0.001344,-1.528271,-35.328953,-13.069657,19.354927,-0.478933,-2.222667,0.086107
1750016725.676756,0.970805,0.342024,0.259878,-0.217176,0.220590,0.714269,nan,0.004695,0.012445,0.015021,0.007558,-0.008984,0.003893,nan,2.886980,-30.942900,16.244000,1.345840,0.319290,1.170620,nan,-0.444078,0.555326,-0.731278,-1.955344,-2.490237,2.375969,0.646459,0.000650,-0.002115,-0.000205,0.000332,0.000396,-0.000021,0.000849,-1.504467,-34.995701,-12.867326,19.208138,-0.478933,-2.229076,0.106248
1750016725.710545,0.970985,0.342515,0.260489,-0.216864,0.220230,0.714449,nan,0.004468,0.011930,0.015392,0.007882,-0.008552,0.004049,nan,2.878080,-30.334900,15.941400,1.336890,0.330729,1.107260,nan,-0.444088,0.555333,-0.731291,-1.955363,-2.490233,2.375969,0.646455,-0.000804,-0.000367,0.001087,-0.000489,-0.000642,-0.000056,-0.000919,-1.401318,-35.122654,-12.791947,19.378731,-0.466115,-2.229076,0.132799
1750016725.744292,0.971176,0.343030,0.261148,-0.216553,0.219847,0.714580,nan,0.004731,0.011978,0.015464,0.006935,-0.008768,0.003605,nan,3.012040,-30.568200,16.349200,1.356470,0.351463,1.203680,nan,-0.444081,0.555335,-0.731286,-1.955381,-2.490229,2.375969,0.646454,0.001141,-0.000258,-0.000272,-0.002869,0.000329,-0.000303,-0.001568,-1.452893,-35.122654,-12.895097,19.378731,-0.466115,-2.262035,0.112657
1750016725.778571,0.971344,0.343449,0.261723,-0.216301,0.219536,0.714724,nan,0.003641,0.011020,0.015368,0.007319,-0.008457,0.003701,nan,2.690760,-30.134600,16.017100,1.379960,0.346897,1.182600,nan,-0.444075,0.555334,-0.731274,-1.955400,-2.490232,2.375969,0.646456,0.000786,-0.000699,0.000652,-0.001124,-0.001300,-0.000047,-0.000101,-1.552075,-35.150425,-13.022050,19.454109,-0.445974,-2.275768,0.099840
1750016725.812314,0.971344,0.343473,0.261758,-0.216277,0.219512,0.714736,nan,0.003761,0.011271,0.015536,0.007115,-0.008588,0.003953,nan,2.944770,-30.460700,16.181900,1.364750,0.352521,1.211710,nan,-0.444073,0.555334,-0.731274,-1.955414,-2.490225,2.375967,0.646453,-0.000038,-0.001104,-0.000096,-0.000242,0.002330,-0.000299,0.000080,-1.575878,-35.150425,-13.022050,19.430305,-0.458791,-2.294994,0.126390
1750016725.846678,0.971488,0.343917,0.262333,-0.216002,0.219200,0.714880,nan,0.003941,0.010157,0.014338,0.006887,-0.007654,0.003174,nan,3.324310,-31.055300,16.739800,1.365590,0.315884,1.160560,nan,-0.444063,0.555338,-0.731266,-1.955438,-2.490225,2.375969,0.646459,0.001207,-0.000787,0.000636,-0.000606,-0.000208,0.000247,-0.000065,-1.679028,-35.174229,-13.097428,19.577095,-0.458791,-2.315135,0.065965
1750016725.880296,0.971667,0.344324,0.262968,-0.215726,0.218853,0.715036,nan,0.004204,0.009475,0.015404,0.006324,-0.007666,0.003354,nan,3.123350,-30.905100,16.069700,1.356860,0.380651,1.119950,nan,-0.444065,0.555336,-0.731268,-1.955458,-2.490224,2.375969,0.646456,0.000311,-0.000020,0.001263,-0.000157,-0.000035,0.001104,-0.000145,-1.679028,-35.174229,-13.097428,19.628670,-0.452382,-2.348094,0.099840
1750016725.914548,0.971835,0.344743,0.263555,-0.215475,0.218541,0.715155,nan,0.004420,0.010744,0.014314,0.006624,-0.007870,0.003378,nan,3.296940,-32.036000,16.617800,1.441550,0.391314,1.158520,nan,-0.444057,0.555339,-0.731259,-1.955473,-2.490224,2.375973,0.646453,0.001665,0.001707,0.000725,-0.000776,-0.000379,0.000319,-0.000816,-1.750439,-35.225803,-13.224381,19.751656,-0.426748,-2.393871,0.112657
1750016725.948343,0.972027,0.345150,0.264082,-0.215199,0.218242,0.715263,nan,0.004288,0.009535,0.013356,0.006456,-0.007606,0.003126,nan,2.968490,-31.799800,16.543300,1.403030,0.371336,1.232910,nan,-0.444042,0.555354,-0.731234,-1.955479,-2.490223,2.375971,0.646453,0.000100,0.001200,0.000603,0.000573,-0.000343,-0.000526,-0.000727,-1.924999,-35.380527,-13.426713,19.700081,-0.420339,-2.400279,0.119981
1750016725.982517,0.972027,0.345150,0.264082,-0.215199,0.218242,0.715263,nan,0.004288,0.009535,0.013356,0.006456,-0.007606,0.003126,nan,2.968390,-31.799800,16.543300,1.403030,0.371337,1.232910,nan,-0.444028,0.555329,-0.731222,-1.955468,-2.490224,2.375972,0.646458,0.000425,-0.000880,0.001094,-0.000517,-0.001251,-0.000189,0.000602,-2.028149,-35.122654,-13.502091,19.553291,-0.420339,-2.420421,0.079698
1750016726.016756,0.972183,0.345558,0.264645,-0.214936,0.217942,0.715395,nan,0.004049,0.008960,0.013368,0.006456,-0.007007,0.002971,nan,3.475820,-31.958400,16.183100,1.410230,0.359570,1.197090,nan,-0.444026,0.555340,-0.731225,-1.955482,-2.490223,2.375971,0.646458,-0.000658,0.002273,-0.000025,-0.000875,-0.000988,-0.000938,0.001517,-2.000378,-35.305149,-13.502091,19.751656,-0.393789,-2.452464,0.073289
1750016726.050413,0.972350,0.345917,0.265148,-0.214708,0.217667,0.715491,nan,0.003653,0.008612,0.012960,0.005989,-0.007019,0.002887,nan,2.940050,-32.144300,16.813000,1.455180,0.366807,1.248240,nan,-0.444027,0.555349,-0.731227,-1.955502,-2.490218,2.375973,0.646458,-0.000208,0.000020,0.000099,0.001345,0.000652,-0.000189,-0.000741,-2.000378,-35.404331,-13.478288,19.874641,-0.420339,-2.472606,0.079698
1750016726.084687,0.972482,0.346264,0.265663,-0.214445,0.217379,0.715611,nan,0.003546,0.008600,0.012278,0.005929,-0.007115,0.002731,nan,3.340720,-32.120100,16.677800,1.401210,0.379155,1.198050,nan,-0.444022,0.555333,-0.731227,-1.955507,-2.490217,2.375971,0.646455,0.001163,-0.000281,0.001992,0.002162,-0.000750,0.000065,-0.000428,-2.028149,-35.225803,-13.478288,19.850838,-0.400197,-2.492748,0.073289
1750016726.118380,0.972626,0.346600,0.266131,-0.214217,0.217116,0.715718,nan,0.003546,0.008708,0.012050,0.005761,-0.006863,0.002707,nan,3.194430,-32.155800,16.914700,1.420140,0.359394,1.228470,nan,-0.444023,0.555339,-0.731223,-1.955528,-2.490213,2.375973,0.646460,-0.001183,-0.000089,0.001487,-0.001708,0.000333,0.001261,0.000843,-2.075756,-35.305149,-13.553666,20.096809,-0.393789,-2.538524,0.065965
1750016726.152774,0.972734,0.346935,0.266550,-0.213990,0.216876,0.715826,nan,0.003150,0.008265,0.010972,0.005690,-0.006720,0.002503,nan,3.616580,-32.876400,16.257400,1.373420,0.349347,1.204640,nan,-0.444016,0.555355,-0.731212,-1.955561,-2.490210,2.375975,0.646452,0.000274,0.002080,0.001661,-0.000505,0.000539,0.000351,0.000010,-2.151135,-35.483677,-13.680619,20.195992,-0.380971,-2.565074,0.132799
1750016726.186507,0.972769,0.346995,0.266598,-0.213966,0.216828,0.715838,nan,0.003150,0.008504,0.010625,0.005558,-0.006253,0.002707,nan,3.159420,-33.519700,16.720400,1.394840,0.383546,1.211230,nan,-0.444006,0.555351,-0.731197,-1.955586,-2.490209,2.375979,0.646452,-0.000922,-0.000755,0.001017,-0.001751,-0.000683,-0.000540,0.000693,-2.250317,-35.455906,-13.831376,20.295174,-0.387380,-2.604442,0.093431
1750016726.220368,0.972877,0.347282,0.267029,-0.213762,0.216589,0.715922,nan,0.002947,0.007403,0.010708,0.005558,-0.006540,0.002300,nan,3.506290,-32.568100,16.192700,1.423550,0.370717,1.242610,nan,-0.444006,0.555364,-0.731195,-1.955590,-2.490210,2.375978,0.646448,-0.001757,0.001834,0.000223,0.000520,0.000432,-0.000224,0.000456,-2.202709,-35.610630,-13.859147,20.243599,-0.367238,-2.630077,0.119981
1750016726.254321,0.972997,0.347618,0.267448,-0.213558,0.216337,0.716018,nan,0.002779,0.007834,0.009415,0.005139,-0.006037,0.002084,nan,3.599090,-33.530200,16.345900,1.475120,0.334205,1.237580,nan,-0.443987,0.555368,-0.731177,-1.955587,-2.490206,2.375972,0.646447,0.000369,-0.001086,0.000917,0.000231,0.002124,0.000911,0.000810,-2.424877,-35.634434,-14.037675,20.195992,-0.360830,-2.650218,0.093431
1750016726.288674,0.973117,0.347917,0.267819,-0.213355,0.216086,0.716114,nan,0.002515,0.007211,0.009439,0.005115,-0.006145,0.002156,nan,3.351110,-33.569200,16.578200,1.476740,0.368488,1.208110,nan,-0.443984,0.555340,-0.731215,-1.955570,-2.490177,2.375926,0.646445,-0.002959,-0.003030,-0.004106,-0.002060,-0.001074,-0.000755,-0.000995,-2.274121,-35.277378,-13.529862,20.073006,-0.341604,-2.643810,0.106248
1750016726.322477,0.973225,0.348181,0.268191,-0.213139,0.215870,0.716174,nan,0.002623,0.006456,0.009103,0.004959,-0.005606,0.001881,nan,3.209880,-33.547000,16.393400,1.433690,0.312894,1.258300,nan,-0.443939,0.555365,-0.731126,-1.955622,-2.490176,2.375947,0.646445,0.001701,0.002607,0.000670,0.001647,-0.000592,-0.001769,-0.000841,-2.773998,-35.713779,-14.442338,20.493538,-0.387380,-2.735362,0.106248
1750016726.356350,0.973225,0.348181,0.268191,-0.213139,0.215870,0.716174,nan,0.002623,0.006456,0.009103,0.004959,-0.005606,0.001881,nan,3.209120,-33.547000,16.393600,1.433680,0.312940,1.258300,nan,-0.443925,0.555373,-0.731111,-1.955563,-2.490174,2.375938,0.646444,0.002010,-0.003108,0.000345,0.000419,0.000018,0.001556,0.000073,-2.797802,-35.686008,-14.517716,19.997627,-0.373647,-2.735362,0.119981
1750016726.390752,0.973308,0.348408,0.268526,-0.212948,0.215655,0.716257,nan,0.002192,0.005738,0.008157,0.004228,-0.004923,0.001461,nan,3.512640,-32.413800,17.198100,1.450990,0.294757,1.207870,nan,-0.443932,0.555342,-0.731141,-1.955544,-2.490166,2.375928,0.646444,0.000998,-0.000964,0.001766,-0.000589,0.001341,0.000081,-0.002026,-2.651013,-35.352757,-14.188432,19.922249,-0.387380,-2.695995,0.119981
1750016726.424604,0.973404,0.348660,0.268838,-0.212780,0.215439,0.716317,nan,0.002024,0.005390,0.007558,0.004240,-0.004791,0.001425,nan,3.151260,-33.919700,17.324400,1.462310,0.352489,1.202480,nan,-0.443957,0.555355,-0.731195,-1.955534,-2.490168,2.375881,0.646448,-0.002338,-0.000674,-0.000107,-0.001806,-0.000362,-0.000592,-0.000061,-2.349499,-35.582859,-13.859147,19.898445,-0.367238,-2.617259,0.086107
1750016726.458612,0.973488,0.348852,0.269161,-0.212612,0.215259,0.716377,nan,0.002216,0.005630,0.007043,0.004180,-0.005019,0.001581,nan,3.352450,-33.402300,17.065600,1.500260,0.288709,1.210990,nan,-0.443995,0.555352,-0.731253,-1.955577,-2.490165,2.375877,0.646449,-0.000532,0.001484,-0.001578,0.002182,0.001017,-0.000885,0.000589,-2.075756,-35.582859,-13.553666,20.271370,-0.354421,-2.669444,0.073289
1750016726.492300,0.973572,0.349079,0.269448,-0.212444,0.215068,0.716413,nan,0.001881,0.005222,0.007115,0.004276,-0.004683,0.001174,nan,3.229330,-33.967900,17.024000,1.503530,0.276933,1.252430,nan,-0.443986,0.555359,-0.731259,-1.955577,-2.490164,2.375867,0.646443,0.001447,0.000237,0.001018,-0.000072,0.001708,0.000662,-0.000044,-2.301892,-35.634434,-13.859147,20.318977,-0.367238,-2.669444,0.126390
1750016726.539801,0.973632,0.349295,0.269748,-0.212277,0.214852,0.716485,nan,0.001773,0.004947,0.006792,0.003929,-0.004504,0.001126,nan,3.653610,-33.684500,16.820300,1.515540,0.335706,1.182480,nan,-0.443980,0.555356,-0.731252,-1.955579,-2.490164,2.375868,0.646442,-0.000151,0.002433,0.001343,-0.000544,0.000363,-0.000836,-0.001019,-2.349499,-35.634434,-13.910722,20.342781,-0.367238,-2.676769,0.106248
1750016726.572927,0.973704,0.349486,0.269999,-0.212121,0.214684,0.716521,nan,0.001461,0.004156,0.006073,0.003665,-0.004061,0.000946,nan,3.349650,-34.591000,17.388700,1.493670,0.331460,1.202960,nan,-0.443977,0.555363,-0.731239,-1.955601,-2.490161,2.375875,0.646448,0.000170,0.000487,0.000208,-0.002507,-0.000071,0.000555,0.000944,-2.377270,-35.737583,-14.037675,20.616524,-0.360830,-2.741771,0.079698
1750016726.606170,0.973752,0.349642,0.270275,-0.211965,0.214529,0.716557,nan,0.001413,0.004037,0.006049,0.003713,-0.004049,0.000898,nan,3.458290,-34.417300,16.223800,1.452860,0.328666,1.210630,nan,-0.443975,0.555365,-0.731238,-1.955588,-2.490160,2.375876,0.646441,-0.000037,-0.000547,0.000857,0.001238,0.000099,0.001155,-0.002242,-2.401074,-35.765354,-14.061479,20.418159,-0.367238,-2.741771,0.140123
1750016726.639422,0.973800,0.349798,0.270491,-0.211834,0.214373,0.716581,nan,0.001330,0.003941,0.005606,0.003450,-0.003761,0.000910,nan,3.617420,-34.405800,17.270500,1.491340,0.323125,1.250750,nan,-0.443972,0.555367,-0.731232,-1.955580,-2.490160,2.375872,0.646448,-0.000139,0.000839,0.001079,0.000276,0.000439,-0.000244,0.000118,-2.476452,-35.789158,-14.136857,20.366585,-0.360830,-2.749095,0.079698
1750016726.672671,0.973859,0.349930,0.270706,-0.211714,0.214241,0.716605,nan,0.001174,0.003881,0.005630,0.003186,-0.003857,0.000719,nan,3.148990,-34.239300,16.873200,1.491100,0.325540,1.274230,nan,-0.443972,0.555367,-0.731239,-1.955581,-2.490163,2.375873,0.646442,0.000104,0.000028,-0.000338,-0.000379,0.000343,0.000060,-0.000578,-2.448681,-35.789158,-14.085282,20.418159,-0.367238,-2.761913,0.132799
1750016726.705947,0.973859,0.349942,0.270730,-0.211690,0.214229,0.716641,nan,0.001102,0.004025,0.005666,0.003234,-0.003605,0.000886,nan,3.309260,-34.393100,16.223300,1.473350,0.298635,1.179120,nan,-0.443971,0.555371,-0.731234,-1.955575,-2.490164,2.375865,0.646443,-0.000955,-0.001064,0.001351,0.001192,0.000068,0.000112,-0.000338,-2.476452,-35.840733,-14.136857,20.366585,-0.335195,-2.774730,0.112657
1750016726.739780,0.973883,0.350109,0.270946,-0.211558,0.214073,0.716665,nan,0.001054,0.003773,0.005055,0.002911,-0.003605,0.000635,nan,3.802930,-35.136700,16.458200,1.462180,0.334641,1.198890,nan,-0.443965,0.555369,-0.731234,-1.955584,-2.490161,2.375863,0.646441,0.000279,0.000286,-0.000525,-0.001023,0.000155,-0.000189,-0.001596,-2.551831,-35.812962,-14.160661,20.517342,-0.348012,-2.788463,0.146532
1750016726.772981,0.973931,0.350241,0.271137,-0.211450,0.213942,0.716689,nan,0.000910,0.003030,0.004731,0.002815,-0.003522,0.000731,nan,3.536900,-34.137200,17.008500,1.504800,0.306546,1.199370,nan,-0.443977,0.555366,-0.731246,-1.955572,-2.490163,2.375848,0.646445,-0.000346,-0.002506,-0.000200,0.000597,-0.000935,-0.001291,0.000165,-2.424877,-35.789158,-14.061479,20.418159,-0.335195,-2.761913,0.106248
1750016726.806132,0.973967,0.350373,0.271317,-0.211330,0.213798,0.716713,nan,0.000862,0.003018,0.004468,0.002755,-0.003761,0.000647,nan,3.586470,-34.431700,17.302300,1.505330,0.317723,1.198770,nan,-0.443970,0.555372,-0.731241,-1.955585,-2.490165,2.375850,0.646444,0.001407,-0.000241,0.001747,-0.001313,-0.001094,-0.001107,0.001088,-2.524060,-35.864536,-14.188432,20.564949,-0.341604,-2.807689,0.119981
1750016726.839426,0.974003,0.350481,0.271461,-0.211211,0.213678,0.716737,nan,0.000838,0.002851,0.003833,0.002623,-0.003318,0.000515,nan,3.490670,-34.479800,17.791100,1.466340,0.307693,1.155530,nan,-0.443968,0.555370,-0.731237,-1.955567,-2.490163,2.375851,0.646453,0.000966,-0.000791,0.000623,0.001632,-0.000547,-0.000089,0.001623,-2.551831,-35.864536,-14.240006,20.394356,-0.327871,-2.814098,0.079698
1750016726.872568,0.974015,0.350505,0.271485,-0.211199,0.213678,0.716737,nan,0.000791,0.002707,0.003857,0.002839,-0.003474,0.000299,nan,3.241830,-35.281900,17.268100,1.448350,0.281998,1.197930,nan,-0.443976,0.555385,-0.731248,-1.955581,-2.490157,2.375854,0.646442,-0.000367,0.001915,-0.001128,-0.000137,-0.000622,0.000824,-0.001920,-2.476452,-36.047031,-14.136857,20.588753,-0.341604,-2.847057,0.132799
1750016726.906494,0.974039,0.350588,0.271605,-0.211103,0.213558,0.716737,nan,0.000803,0.002360,0.003450,0.002599,-0.002851,0.000575,nan,3.406480,-34.398100,18.006100,1.485150,0.264478,1.256980,nan,-0.443985,0.555399,-0.731246,-1.955599,-2.490157,2.375857,0.646439,0.001069,0.000399,-0.000101,-0.001245,0.000045,-0.000272,-0.001237,-2.476452,-36.225559,-14.240006,20.787117,-0.341604,-2.880016,0.132799
1750016726.939385,0.974051,0.350684,0.271772,-0.210995,0.213439,0.716772,nan,0.000623,0.002372,0.003881,0.002503,-0.002911,0.000587,nan,3.824290,-34.558900,17.177400,1.467340,0.268152,1.203680,nan,-0.443996,0.555412,-0.731256,-1.955585,-2.490156,2.375870,0.646443,-0.001568,0.002451,0.000063,0.003957,-0.000591,0.004969,-0.000446,-2.349499,-36.352512,-14.160661,20.588753,-0.308645,-2.985301,0.126390
1750016726.973099,0.974087,0.350780,0.271916,-0.210899,0.213295,0.716796,nan,0.000611,0.002216,0.003677,0.002456,-0.003078,0.000287,nan,3.619710,-34.858800,17.411900,1.469170,0.318887,1.183680,nan,-0.443997,0.555418,-0.731257,-1.955610,-2.490148,2.375866,0.646441,-0.001453,-0.000236,0.000525,-0.000320,0.000567,0.000633,-0.000102,-2.377270,-36.404087,-14.188432,20.910103,-0.341604,-2.945934,0.140123
1750016727.006522,0.974123,0.350864,0.272072,-0.210803,0.213199,0.716796,nan,0.000731,0.002120,0.003785,0.002360,-0.002671,0.000503,nan,3.395290,-34.710800,17.114800,1.471550,0.294737,1.231830,nan,-0.444008,0.555425,-0.731260,-1.955604,-2.490147,2.375867,0.646442,-0.000544,0.001312,-0.000865,0.000091,0.000104,0.000412,0.000122,-2.349499,-36.507236,-14.188432,20.814888,-0.348012,-2.952342,0.132799
1750016727.039544,0.974159,0.350936,0.272179,-0.210732,0.213103,0.716796,nan,0.000635,0.001952,0.003474,0.002156,-0.002803,-0.000048,nan,3.030630,-34.781700,17.484200,1.495150,0.306121,1.274710,nan,-0.444006,0.555427,-0.731245,-1.955618,-2.490146,2.375877,0.646446,0.000909,0.000054,0.000376,0.000095,0.000155,-0.000029,0.001457,-2.424877,-36.531040,-14.442338,21.009285,-0.341604,-3.038402,0.099840
1750016727.072876,0.974147,0.350936,0.272215,-0.210696,0.213079,0.716808,nan,0.000707,0.001881,0.003617,0.002384,-0.002515,0.000635,nan,3.454720,-33.953700,17.274400,1.443900,0.307779,1.204640,nan,-0.444011,0.555438,-0.731257,-1.955611,-2.490146,2.375864,0.646442,-0.000436,-0.001249,-0.000000,0.001805,-0.000484,0.000075,-0.000318,-2.349499,-36.634190,-14.315385,20.910103,-0.348012,-2.952342,0.160265
1750016727.106326,0.974171,0.351032,0.272335,-0.210612,0.212971,0.716820,nan,0.000599,0.001761,0.003258,0.002264,-0.002228,0.000635,nan,3.437710,-34.758700,17.594400,1.460880,0.317909,1.247760,nan,-0.444029,0.555410,-0.731293,-1.955590,-2.490144,2.375863,0.646442,0.000276,0.000066,-0.000335,0.000306,-0.000048,-0.000368,-0.001289,-2.274121,-36.324741,-14.160661,20.787117,-0.354421,-3.005443,0.146532
1750016727.139510,0.974183,0.351092,0.272467,-0.210540,0.212888,0.716844,nan,0.000419,0.001761,0.003378,0.002012,-0.002204,0.000611,nan,3.677340,-34.189700,17.296300,1.499310,0.317733,1.217810,nan,-0.444029,0.555443,-0.731276,-1.955621,-2.490145,2.375868,0.646449,0.000035,0.003056,0.000359,-0.000457,0.001016,0.000260,0.002611,-2.325695,-36.737339,-14.414567,21.160042,-0.360830,-3.038402,0.112657
1750016727.172741,0.974207,0.351163,0.272587,-0.210456,0.212792,0.716868,nan,0.000515,0.001689,0.003126,0.002108,-0.002372,0.000168,nan,3.550420,-34.340400,17.516700,1.498330,0.292149,1.190620,nan,-0.443985,0.555454,-0.731183,-1.955628,-2.490152,2.375937,0.646436,0.004699,0.006725,0.009025,-0.000727,0.002783,-0.000622,-0.000885,-2.900952,-36.812717,-15.481767,21.183846,-0.341604,-3.261791,0.146532
1750016727.206656,0.974231,0.351223,0.272719,-0.210360,0.212708,0.716868,nan,0.000575,0.001689,0.002755,0.002036,-0.002192,0.000060,nan,3.378330,-34.112800,16.975300,1.441540,0.286063,1.227640,nan,-0.443995,0.555466,-0.731245,-1.955603,-2.490122,2.375874,0.646438,-0.001427,-0.002775,0.000848,0.002405,0.001120,-0.001520,-0.000130,-2.623242,-36.812717,-14.414567,20.862495,-0.433156,-3.044811,0.179491
1750016727.240326,0.974231,0.351235,0.272719,-0.210360,0.212696,0.716868,nan,0.000479,0.001641,0.002971,0.001988,-0.002228,0.000623,nan,3.420730,-34.448400,17.261400,1.459260,0.303697,1.224880,nan,-0.444068,0.555435,-0.731310,-1.955570,-2.490126,2.375882,0.646439,-0.001485,0.001363,-0.001521,0.001821,0.000627,0.001073,-0.000036,-1.924999,-36.657993,-14.113053,20.687935,-0.400197,-3.129955,0.160265
1750016727.274685,0.974255,0.351319,0.272838,-0.210288,0.212600,0.716868,nan,0.000587,0.001773,0.002012,0.001857,-0.002360,0.000287,nan,3.256150,-35.807000,17.312100,1.496450,0.308027,1.259860,nan,-0.444086,0.555527,-0.731297,-1.955684,-2.490124,2.375907,0.646441,-0.000478,0.001307,0.001158,0.000185,-0.000478,0.000880,0.001232,-2.174938,-37.578403,-14.593095,21.850349,-0.406606,-3.294749,0.173082
1750016727.308481,0.974267,0.351367,0.272934,-0.210193,0.212516,0.716880,nan,0.000467,0.001845,0.002000,0.001785,-0.002204,-0.000012,nan,3.395740,-34.928000,17.744600,1.432460,0.289290,1.249920,nan,-0.444140,0.555530,-0.731339,-1.955655,-2.490124,2.375894,0.646442,-0.002591,-0.002972,-0.000892,-0.000696,-0.000813,-0.000204,0.000596,-1.802014,-37.169773,-14.113053,21.453621,-0.420339,-3.222423,0.132799
1750016727.342287,0.974291,0.351427,0.273042,-0.210109,0.212432,0.716904,nan,0.000599,0.001366,0.002491,0.001809,-0.002108,0.000000,nan,3.158310,-34.893300,17.503000,1.403440,0.281223,1.203800,nan,-0.444195,0.555485,-0.731435,-1.955583,-2.490118,2.375861,0.646438,-0.001318,-0.001348,-0.002452,0.002315,0.000239,0.000420,-0.000803,-1.702832,-36.761143,-13.807572,20.862495,-0.433156,-3.143687,0.206956
1750016727.376432,0.974303,0.351475,0.273138,-0.210049,0.212349,0.716892,nan,0.000455,0.001413,0.002348,0.001893,-0.002096,-0.000012,nan,3.227600,-34.603200,17.336500,1.435630,0.272563,1.300220,nan,-0.444206,0.555486,-0.731431,-1.955590,-2.490122,2.375855,0.646435,-0.000036,0.001151,0.000251,-0.000833,0.000369,0.000469,-0.001543,-1.679028,-36.864292,-14.037675,21.259224,-0.433156,-3.175731,0.233507
1750016727.410295,0.974303,0.351487,0.273150,-0.210049,0.212337,0.716892,nan,0.000323,0.001437,0.002144,0.001773,-0.002192,0.000000,nan,3.272540,-34.993000,17.139300,1.451190,0.292237,1.265610,nan,-0.444184,0.555490,-0.731411,-1.955532,-2.490119,2.375820,0.646440,0.000537,-0.002802,0.000562,0.002682,0.000598,-0.001025,-0.000440,-1.952770,-36.915867,-14.263810,20.814888,-0.458791,-3.077770,0.219774
1750016727.444489,0.974303,0.351523,0.273258,-0.209977,0.212265,0.716916,nan,0.000240,0.001258,0.002108,0.001677,-0.001940,0.000527,nan,3.613250,-34.129300,16.531800,1.443490,0.230856,1.210030,nan,-0.444175,0.555436,-0.731424,-1.955333,-2.490123,2.375759,0.646441,0.001447,-0.001107,0.000207,0.008031,-0.000234,-0.004957,0.000419,-2.099560,-36.427891,-14.085282,20.096809,-0.466115,-2.900157,0.213365
1750016727.478642,0.974327,0.351583,0.273341,-0.209905,0.212193,0.716916,nan,0.000635,0.001090,0.002144,0.001653,-0.001988,0.000000,nan,3.321510,-34.609900,16.726400,1.426450,0.242905,1.233980,nan,-0.444160,0.555358,-0.731428,-1.955178,-2.490122,2.375627,0.646437,-0.002012,-0.003928,-0.000775,0.006042,-0.000693,-0.003099,0.000377,-2.226513,-35.995457,-14.037675,19.652473,-0.472524,-2.695995,0.253648
1750016727.512445,0.974327,0.351631,0.273425,-0.209833,0.212109,0.716928,nan,0.000527,0.001258,0.001988,0.001569,-0.001893,0.000000,nan,3.340620,-34.607300,16.830400,1.407150,0.262125,1.215300,nan,-0.444168,0.555256,-0.731475,-1.955046,-2.490126,2.375550,0.646439,-0.000812,-0.002496,-0.001496,0.004166,-0.000121,-0.001040,0.000878,-2.075756,-35.789158,-13.704423,19.406502,-0.478933,-2.544933,0.239915
1750016727.546746,0.974339,0.351690,0.273509,-0.209773,0.212025,0.716916,nan,-0.000060,0.001030,0.001952,0.001581,-0.001881,-0.000024,nan,3.680750,-35.171700,16.797900,1.422820,0.290802,1.267280,nan,-0.444185,0.555199,-0.731554,-1.954962,-2.490126,2.375498,0.646441,-0.001254,0.000574,-0.002336,0.003063,-0.001790,-0.002368,-0.000142,-1.924999,-35.713779,-13.351335,19.184334,-0.498159,-2.387462,0.219774
1750016727.580414,0.974351,0.351714,0.273581,-0.209713,0.211977,0.716940,nan,0.000168,0.000994,0.001988,0.001318,-0.001785,0.000000,nan,3.628730,-34.507400,16.615000,1.402450,0.249616,1.205240,nan,-0.444229,0.555158,-0.731649,-1.954877,-2.490122,2.375462,0.646436,-0.001329,-0.000643,-0.002469,0.003823,0.000136,0.000629,-0.000249,-1.575878,-35.455906,-12.994279,18.862984,-0.518300,-2.255626,0.266466
1750016727.614641,0.974363,0.351726,0.273581,-0.209713,0.211965,0.716940,nan,0.000419,0.001030,0.002024,0.001401,-0.001797,0.000599,nan,3.645880,-34.784800,17.043400,1.425980,0.255639,1.200690,nan,-0.444305,0.555137,-0.731746,-1.954822,-2.490128,2.375443,0.646440,-0.004055,-0.001271,-0.003591,0.000985,-0.002161,0.000369,0.000067,-1.226757,-35.328953,-12.664994,18.811409,-0.511892,-2.163158,0.226183
1750016727.648404,0.974363,0.351762,0.273665,-0.209654,0.211905,0.716928,nan,-0.000024,0.001078,0.001952,0.001413,-0.001593,-0.000012,nan,3.640450,-34.426400,16.672700,1.417200,0.230679,1.254230,nan,-0.444363,0.555126,-0.731806,-1.954791,-2.490124,2.375435,0.646440,-0.002492,0.000056,-0.002268,0.001831,0.000835,-0.001084,0.001508,-1.103771,-35.277378,-12.486466,18.739998,-0.537526,-2.098155,0.246324
1750016727.682631,0.974375,0.351810,0.273737,-0.209618,0.211822,0.716940,nan,0.000359,0.000970,0.001701,0.001533,-0.001605,0.000000,nan,3.589100,-34.709300,16.731500,1.479210,0.275462,1.226800,nan,-0.444420,0.555125,-0.731857,-1.954733,-2.490127,2.375419,0.646440,-0.001205,0.000831,-0.001873,0.001381,0.000310,-0.000676,0.001695,-0.877636,-35.305149,-12.232560,18.442451,-0.551259,-1.953502,0.233507
1750016727.716751,0.974387,0.351834,0.273809,-0.209534,0.211762,0.716940,nan,0.000563,0.000982,0.001677,0.001330,-0.001689,0.000431,nan,3.528620,-33.800400,16.787400,1.407920,0.256201,1.231110,nan,-0.444501,0.555093,-0.731934,-1.954637,-2.490122,2.375410,0.646435,-0.003025,-0.002483,-0.002489,0.002360,0.000795,0.000010,-0.000361,-0.504711,-34.944126,-11.827897,18.121101,-0.597036,-1.841808,0.273790
1750016727.750603,0.974398,0.351870,0.273856,-0.209510,0.211702,0.716940,nan,-0.000060,0.000779,0.001677,0.001318,-0.001665,0.000000,nan,3.464880,-33.958100,17.110700,1.475590,0.267474,1.277110,nan,-0.444587,0.555079,-0.732024,-1.954626,-2.490122,2.375411,0.646440,-0.003219,0.000709,-0.003160,-0.000824,0.000758,0.000290,-0.000641,-0.230969,-34.971897,-11.470841,18.291695,-0.629079,-1.782298,0.233507
1750016727.784319,0.974387,0.351882,0.273880,-0.209486,0.211690,0.716952,nan,0.000012,0.001018,0.001557,0.001342,-0.001497,0.000084,nan,3.795600,-34.305400,16.546600,1.426470,0.274446,1.204400,nan,-0.444662,0.555081,-0.732057,-1.954620,-2.490127,2.375412,0.646440,-0.001718,0.001058,-0.000848,0.000326,-0.000384,0.000940,0.001037,-0.032604,-34.971897,-11.419267,18.220284,-0.662038,-1.709972,0.233507
1750016727.818573,0.974398,0.351930,0.273916,-0.209426,0.211630,0.716940,nan,0.000311,0.000898,0.001366,0.001282,-0.001437,0.000000,nan,3.692670,-34.791700,17.408100,1.404040,0.266720,1.246920,nan,-0.444665,0.555074,-0.732049,-1.954608,-2.490130,2.375422,0.646440,-0.000326,-0.001012,0.001119,-0.000843,0.000028,0.000876,-0.000174,-0.179394,-34.868748,-11.498612,18.121101,-0.682180,-1.664195,0.260057
1750016727.852348,0.974410,0.351954,0.273976,-0.209378,0.211570,0.716952,nan,0.000287,0.000731,0.001162,0.001354,-0.001437,0.000000,nan,3.599830,-34.316400,16.941100,1.423440,0.272479,1.216740,nan,-0.444663,0.555063,-0.732054,-1.954582,-2.490131,2.375440,0.646438,-0.000159,-0.000781,0.000481,0.000507,0.000277,0.003205,-0.000238,-0.179394,-34.714024,-11.320085,17.998116,-0.721547,-1.617503,0.293016
1750016727.886692,0.974422,0.352014,0.274036,-0.209330,0.211534,0.716940,nan,0.000635,0.000862,0.001330,0.001330,-0.001342,0.000000,nan,3.469300,-35.584000,16.656200,1.433740,0.203968,1.256980,nan,-0.444683,0.555079,-0.732057,-1.954590,-2.490138,2.375469,0.646439,-0.001014,0.001764,0.000978,0.000423,-0.000734,0.000450,-0.000202,0.018970,-34.892551,-11.244706,18.097298,-0.747182,-1.584544,0.280199
1750016727.920630,0.974422,0.352026,0.274084,-0.209270,0.211450,0.716940,nan,0.000000,0.000838,0.001449,0.001282,-0.001294,0.000000,nan,3.706800,-34.602500,16.465600,1.404010,0.282592,1.261290,nan,-0.444686,0.555074,-0.732052,-1.954594,-2.490143,2.375503,0.646441,-0.001696,0.000126,0.001231,-0.001433,0.000852,0.001185,-0.000688,0.018970,-34.793369,-11.216935,18.121101,-0.786550,-1.551585,0.306749
1750016727.954396,0.974422,0.352026,0.274084,-0.209270,0.211450,0.716940,nan,0.000000,0.000838,0.001449,0.001282,-0.001294,0.000000,nan,3.707240,-34.602500,16.465500,1.404000,0.282604,1.261290,nan,-0.444683,0.555074,-0.732044,-1.954595,-2.490148,2.375567,0.646445,-0.000166,-0.000892,-0.000318,-0.000667,-0.000095,0.002749,0.000011,0.018970,-34.765598,-11.141557,18.121101,-0.819509,-1.551585,0.273790
1750016727.988351,0.974434,0.352038,0.274156,-0.209234,0.211390,0.716952,nan,0.000000,0.000683,0.001354,0.001066,-0.001270,0.000000,nan,3.577460,-33.650700,16.366100,1.439190,0.303993,1.228230,nan,-0.444694,0.555084,-0.732043,-1.954601,-2.490152,2.375634,0.646445,-0.001217,0.000640,0.001529,0.000085,-0.001260,0.002047,0.000157,0.118152,-34.817173,-11.066178,18.168709,-0.838735,-1.525951,0.286607
1750016728.022171,0.974434,0.352074,0.274192,-0.209186,0.211354,0.716952,nan,0.000060,0.000623,0.001246,0.001078,-0.001330,-0.000012,nan,3.754470,-33.893900,16.806800,1.431870,0.262921,1.232670,nan,-0.444690,0.555082,-0.732025,-1.954609,-2.490161,2.375681,0.646447,0.000502,-0.000404,0.002019,-0.000334,-0.000878,0.000970,0.000690,0.118152,-34.714024,-11.066178,18.196480,-0.871694,-1.545177,0.293016
1750016728.056346,0.974446,0.352110,0.274228,-0.209138,0.211307,0.716952,nan,0.000000,0.000575,0.001270,0.001114,-0.001330,0.000000,nan,3.628440,-34.297800,17.002000,1.417140,0.260038,1.235420,nan,-0.444692,0.555088,-0.732009,-1.954600,-2.490170,2.375698,0.646450,-0.000404,0.000101,-0.000331,0.001360,-0.000139,-0.000333,0.000797,0.141956,-34.741795,-11.014604,18.069527,-0.878103,-1.486583,0.306749
1750016728.090574,0.974446,0.352158,0.274300,-0.209103,0.211247,0.716952,nan,0.000539,0.000599,0.001234,0.000994,-0.001306,0.000000,nan,3.760370,-35.165500,16.250400,1.454240,0.285746,1.238300,nan,-0.444692,0.555087,-0.731993,-1.954607,-2.490177,2.375738,0.646456,0.001374,-0.000282,0.001679,-0.001332,-0.001271,0.000923,0.000155,0.169727,-34.690220,-10.939225,18.144905,-0.904653,-1.499400,0.293016
1750016728.124234,0.974458,0.352170,0.274348,-0.209067,0.211211,0.716964,nan,-0.000024,0.000623,0.001246,0.001078,-0.001030,0.000000,nan,3.620680,-34.735900,15.871900,1.407400,0.278681,1.203800,nan,-0.444692,0.555099,-0.731962,-1.954616,-2.490183,2.375778,0.646457,-0.000135,-0.000452,0.001880,-0.000709,0.000067,0.000088,0.001908,0.169727,-34.741795,-11.014604,18.196480,-0.931203,-1.505809,0.293016
1750016728.158506,0.974458,0.352182,0.274336,-0.209067,0.211199,0.716952,nan,-0.000060,0.000695,0.001246,0.001078,-0.001126,0.000000,nan,3.659370,-35.063200,16.698400,1.467730,0.288359,1.241170,nan,-0.444689,0.555106,-0.731916,-1.954626,-2.490194,2.375826,0.646459,0.001109,-0.000720,0.001999,-0.000475,-0.001625,0.001845,-0.000744,0.141956,-34.741795,-11.014604,18.244087,-0.950429,-1.512218,0.300340
1750016728.192291,0.974458,0.352206,0.274383,-0.209031,0.211163,0.716976,nan,0.000000,0.000575,0.001186,0.000934,-0.001054,0.000000,nan,3.800350,-35.003300,16.649800,1.473440,0.266153,1.169300,nan,-0.444693,0.555111,-0.731876,-1.954620,-2.490203,2.375861,0.646463,-0.000662,0.001277,0.001177,0.000345,-0.001321,0.000564,0.000561,0.193531,-34.714024,-11.038407,18.121101,-0.963247,-1.525951,0.320482
1750016728.239640,0.974470,0.352253,0.274479,-0.208947,0.211067,0.716964,nan,0.000431,0.000527,0.001174,0.001030,-0.001090,0.000000,nan,3.761770,-35.043000,16.596400,1.443700,0.301080,1.209550,nan,-0.444691,0.555125,-0.731848,-1.954642,-2.490211,2.375906,0.646466,0.000252,0.001396,0.000337,-0.001584,-0.001221,0.001695,-0.000211,0.217335,-34.793369,-11.038407,18.291695,-0.976980,-1.565318,0.333299
1750016728.272750,0.974470,0.352265,0.274515,-0.208911,0.211043,0.716940,nan,-0.000036,0.000599,0.001258,0.000886,-0.001054,0.000000,nan,3.914930,-34.551000,16.930100,1.442270,0.257581,1.282860,nan,-0.444689,0.555129,-0.731830,-1.954647,-2.490219,2.375936,0.646465,0.000456,0.001330,-0.000259,-0.000886,-0.001728,0.001132,-0.001503,0.193531,-34.765598,-11.014604,18.267891,-0.989797,-1.551585,0.347032
1750016728.306497,0.974482,0.352265,0.274527,-0.208899,0.211043,0.716952,nan,0.000060,0.000503,0.001018,0.000982,-0.001018,0.000000,nan,3.609260,-34.448400,16.628100,1.411130,0.250027,1.246920,nan,-0.444687,0.555135,-0.731801,-1.954655,-2.490228,2.375956,0.646472,0.000732,-0.000543,0.000854,0.000408,-0.001375,-0.000802,-0.000290,0.193531,-34.741795,-11.089982,18.291695,-1.002614,-1.545177,0.359850
1750016728.339580,0.974494,0.352301,0.274575,-0.208863,0.210995,0.716976,nan,-0.000060,0.000551,0.000982,0.000826,-0.000874,0.000000,nan,3.439690,-35.068700,16.433400,1.414110,0.275916,1.173610,nan,-0.444687,0.555145,-0.731787,-1.954663,-2.490240,2.375979,0.646484,0.000532,-0.000020,0.001086,-0.000353,-0.001280,0.000126,0.000787,0.241138,-34.765598,-11.038407,18.267891,-1.016347,-1.551585,0.293016
1750016728.372756,0.974482,0.352325,0.274611,-0.208827,0.210959,0.716976,nan,0.000000,0.000575,0.001006,0.000850,-0.000958,0.000000,nan,3.855910,-35.071500,16.646600,1.405270,0.265214,1.175050,nan,-0.444684,0.555151,-0.731765,-1.954674,-2.490247,2.376003,0.646483,-0.000522,0.000719,-0.000108,-0.000443,-0.000433,0.000379,-0.000475,0.217335,-34.741795,-11.066178,18.291695,-1.041982,-1.551585,0.313158
1750016728.406456,0.974506,0.352325,0.274647,-0.208803,0.210935,0.716964,nan,0.000000,0.000719,0.000958,0.000635,-0.000994,0.000000,nan,3.378350,-33.928100,16.363200,1.428990,0.222437,1.212420,nan,-0.444681,0.555164,-0.731749,-1.954679,-2.490265,2.376021,0.646486,-0.000215,0.000079,0.000222,0.000726,-0.002300,0.000444,-0.000118,0.241138,-34.793369,-11.038407,18.244087,-1.048391,-1.538768,0.333299
1750016728.439559,0.974506,0.352349,0.274683,-0.208779,0.210875,0.716976,nan,0.000000,0.000503,0.000731,0.000671,-0.000874,0.000000,nan,3.487210,-33.925000,16.868500,1.448760,0.288784,1.176490,nan,-0.444680,0.555175,-0.731727,-1.954689,-2.490277,2.376038,0.646488,0.000082,0.001176,0.000461,0.000910,-0.000934,0.000634,0.000303,0.268909,-34.765598,-11.038407,18.244087,-1.068532,-1.565318,0.320482
1750016728.472721,0.974506,0.352349,0.274683,-0.208779,0.210875,0.716976,nan,0.000000,0.000503,0.000731,0.000671,-0.000874,0.000000,nan,3.487510,-33.925000,16.868500,1.448760,0.288779,1.176490,nan,-0.444681,0.555186,-0.731707,-1.954698,-2.490288,2.376051,0.646493,-0.000785,0.001654,0.001609,0.000254,-0.001877,0.000397,0.000182,0.292713,-34.741795,-11.038407,18.244087,-1.062124,-1.551585,0.313158
1750016728.506519,0.974506,0.352385,0.274719,-0.208743,0.210827,0.716964,nan,0.000395,0.000539,0.000791,0.000659,-0.000994,0.000000,nan,3.580790,-34.543800,16.988600,1.434530,0.315802,1.213860,nan,-0.444677,0.555200,-0.731684,-1.954712,-2.490300,2.376065,0.646497,0.000061,0.000004,0.001736,-0.000701,0.000594,0.000936,0.001585,0.292713,-34.714024,-11.038407,18.291695,-1.074941,-1.551585,0.293016
1750016728.539561,0.974518,0.352409,0.274755,-0.208719,0.210803,0.716964,nan,0.000539,0.000264,0.000862,0.000635,-0.000886,0.000000,nan,3.368080,-34.670000,16.874100,1.452030,0.284506,1.213860,nan,-0.444672,0.555222,-0.731668,-1.954720,-2.490312,2.376072,0.646499,0.000738,0.000895,-0.000431,0.000085,0.001259,0.001078,0.000084,0.268909,-34.714024,-11.038407,18.267891,-1.054799,-1.558910,0.306749
1750016728.572705,0.974506,0.352433,0.274779,-0.208671,0.210768,0.716964,nan,-0.000060,0.000587,0.000755,0.000707,-0.000815,0.000000,nan,3.806120,-34.799900,17.350800,1.405330,0.283749,1.213860,nan,-0.444671,0.555242,-0.731653,-1.954731,-2.490323,2.376083,0.646502,-0.001091,0.001060,0.000625,0.000178,0.000443,-0.001258,0.000646,0.292713,-34.714024,-11.038407,18.244087,-1.062124,-1.545177,0.339708
1750016728.606465,0.974506,0.352433,0.274815,-0.208647,0.210732,0.716964,nan,0.000144,0.000599,0.000743,0.000767,-0.000850,0.000000,nan,3.888520,-34.437200,17.190000,1.420550,0.299882,1.213860,nan,-0.444667,0.555260,-0.731640,-1.954746,-2.490336,2.376091,0.646510,-0.000099,0.001613,-0.000347,-0.000354,0.000209,0.000816,0.001210,0.292713,-34.741795,-11.038407,18.267891,-1.062124,-1.551585,0.286607
1750016728.639545,0.974518,0.352457,0.274839,-0.208635,0.210708,0.716964,nan,0.000000,0.000539,0.000791,0.000683,-0.000767,0.000000,nan,3.659180,-34.771400,17.311400,1.461640,0.287537,1.213860,nan,-0.444661,0.555275,-0.731623,-1.954755,-2.490346,2.376101,0.646503,0.000910,0.000924,0.001413,-0.000910,0.000516,0.000487,-0.002051,0.292713,-34.741795,-11.089982,18.267891,-1.054799,-1.565318,0.347032
1750016728.672612,0.974518,0.352469,0.274839,-0.208611,0.210708,0.716964,nan,0.000527,0.000443,0.000623,0.000707,-0.000719,0.000000,nan,3.646520,-34.623300,17.488100,1.399600,0.274116,1.213860,nan,-0.444658,0.555280,-0.731614,-1.954766,-2.490356,2.376110,0.646509,-0.000443,0.000045,0.001196,0.000365,-0.000256,0.001754,-0.000619,0.292713,-34.714024,-11.038407,18.244087,-1.048391,-1.558910,0.320482
1750016728.707156,0.974518,0.352493,0.274887,-0.208599,0.210672,0.716964,nan,0.000000,0.000240,0.000635,0.000575,-0.000922,-0.000012,nan,3.755940,-34.826500,16.822100,1.446920,0.290501,1.213980,nan,-0.444655,0.555284,-0.731608,-1.954776,-2.490362,2.376109,0.646507,-0.000020,0.000506,0.000108,0.000271,0.000801,-0.000176,-0.001993,0.292713,-34.765598,-11.038407,18.244087,-1.048391,-1.545177,0.313158
1750016728.739613,0.974518,0.352493,0.274911,-0.208564,0.210636,0.716976,nan,0.000000,0.000527,0.000850,0.000575,-0.000635,-0.000048,nan,3.828940,-33.973400,17.054000,1.416760,0.304816,1.175530,nan,-0.444657,0.555285,-0.731603,-1.954789,-2.490371,2.376115,0.646508,-0.001258,0.000082,-0.000804,0.000386,0.000509,0.000193,-0.002028,0.368091,-34.714024,-10.990800,18.244087,-1.054799,-1.558910,0.347032
1750016728.772740,0.974530,0.352529,0.274946,-0.208540,0.210612,0.716952,nan,0.000563,0.000551,0.000719,0.000587,-0.000815,0.000563,nan,3.563140,-34.841100,16.903900,1.422410,0.286443,1.244170,nan,-0.444649,0.555291,-0.731595,-1.954796,-2.490381,2.376119,0.646517,-0.000144,-0.000311,-0.000560,0.000445,0.000115,0.000658,0.000526,0.292713,-34.765598,-10.990800,18.220284,-1.041982,-1.551585,0.313158
1750016728.805928,0.974530,0.352553,0.274958,-0.208516,0.210576,0.716952,nan,0.000000,0.000599,0.000587,0.000587,-0.000779,-0.000096,nan,3.651030,-35.302000,17.382700,1.413800,0.321985,1.250750,nan,-0.444642,0.555292,-0.731580,-1.954808,-2.490388,2.376123,0.646520,-0.000136,0.001567,0.001566,0.000670,0.000327,0.001139,0.001356,0.292713,-34.741795,-11.066178,18.244087,-1.054799,-1.551585,0.293016
1750016728.839617,0.974530,0.352541,0.274958,-0.208504,0.210588,0.716952,nan,0.000611,0.000108,0.000623,0.000575,-0.000635,0.000048,nan,3.620690,-34.628600,17.451300,1.382300,0.278846,1.247880,nan,-0.444637,0.555291,-0.731570,-1.954818,-2.490396,2.376124,0.646521,0.000571,-0.000273,0.002982,0.000821,-0.000995,0.000376,-0.000608,0.268909,-34.690220,-11.089982,18.267891,-1.035573,-1.558910,0.306749
1750016728.872745,0.974530,0.352553,0.274994,-0.208492,0.210564,0.716964,nan,0.000000,0.000311,0.000695,0.000563,-0.000743,-0.000491,nan,3.724810,-34.471000,17.121000,1.418380,0.269802,1.217330,nan,-0.444637,0.555293,-0.731568,-1.954832,-2.490396,2.376125,0.646517,-0.000466,-0.000130,0.000242,0.000033,0.000894,0.000600,-0.002655,0.316517,-34.714024,-11.014604,18.267891,-1.041982,-1.558910,0.353441
1750016728.906766,0.974530,0.352577,0.275018,-0.208468,0.210528,0.716976,nan,0.000000,0.000048,0.000647,0.000455,-0.000599,-0.000072,nan,3.786240,-34.962800,17.304700,1.413730,0.302814,1.177210,nan,-0.444635,0.555294,-0.731565,-1.954841,-2.490405,2.376129,0.646523,-0.001488,0.000329,-0.000997,-0.000689,0.000012,0.000702,-0.000751,0.368091,-34.690220,-10.963029,18.267891,-1.041982,-1.558910,0.339708
1750016728.940600,0.974530,0.352577,0.275030,-0.208444,0.210516,0.716964,nan,0.000216,-0.000012,0.000623,0.000563,-0.000539,-0.000048,nan,3.832420,-34.363900,17.773700,1.404050,0.303608,1.214340,nan,-0.444627,0.555300,-0.731555,-1.954851,-2.490410,2.376129,0.646528,-0.000684,0.000368,-0.001136,-0.001797,-0.000998,0.000259,-0.000217,0.344288,-34.765598,-11.014604,18.291695,-1.035573,-1.558910,0.306749
1750016728.974442,0.974542,0.352601,0.275078,-0.208396,0.210504,0.716952,nan,-0.000072,0.000599,0.000575,0.000515,-0.000443,-0.000299,nan,3.601350,-34.983400,16.933500,1.324040,0.230761,1.251350,nan,-0.444622,0.555294,-0.731546,-1.954855,-2.490411,2.376128,0.646525,0.000541,-0.000743,-0.000629,-0.000615,-0.000830,-0.000473,0.001021,0.368091,-34.714024,-10.990800,18.267891,-1.029165,-1.551585,0.326891
1750016729.008336,0.974542,0.352601,0.275078,-0.208396,0.210504,0.716952,nan,-0.000072,0.000599,0.000575,0.000515,-0.000443,-0.000299,nan,3.601420,-34.983400,16.933500,1.324040,0.230757,1.251350,nan,-0.444616,0.555297,-0.731536,-1.954866,-2.490417,2.376129,0.646530,-0.000182,-0.001671,0.000219,-0.001023,-0.000206,-0.000248,0.000972,0.368091,-34.714024,-11.014604,18.291695,-1.022756,-1.551585,0.293016
1750016729.042373,0.974554,0.352601,0.275102,-0.208396,0.210468,0.716964,nan,0.000000,-0.000012,0.000527,0.000539,-0.000599,0.000036,nan,3.345210,-34.318400,16.937700,1.384180,0.272542,1.212060,nan,-0.444606,0.555296,-0.731531,-1.954874,-2.490421,2.376130,0.646532,-0.000141,-0.001639,-0.001017,-0.000465,0.000476,0.000815,-0.000644,0.316517,-34.714024,-10.990800,18.267891,-1.022756,-1.571727,0.306749
1750016729.076757,0.974542,0.352601,0.275114,-0.208384,0.210456,0.716964,nan,0.000000,0.000012,0.000635,0.000467,-0.000587,0.000000,nan,3.692990,-33.797800,17.341100,1.406470,0.240780,1.212420,nan,-0.444596,0.555301,-0.731522,-1.954879,-2.490422,2.376129,0.646530,0.001147,0.000001,0.000056,-0.000179,0.000114,-0.001751,-0.001076,0.316517,-34.765598,-10.990800,18.244087,-1.022756,-1.558910,0.320482
1750016729.110728,0.974554,0.352637,0.275138,-0.208372,0.210432,0.716976,nan,-0.000060,-0.000060,0.000563,0.000539,-0.000671,0.000000,nan,3.458610,-34.949800,17.347400,1.423010,0.234400,1.175050,nan,-0.444588,0.555298,-0.731514,-1.954885,-2.490424,2.376127,0.646533,0.000161,-0.000809,0.001478,0.000894,-0.000486,0.000019,-0.000223,0.344288,-34.741795,-11.038407,18.196480,-1.016347,-1.571727,0.293016
1750016729.144481,0.974554,0.352625,0.275162,-0.208348,0.210408,0.716952,nan,0.000395,-0.000012,0.000527,0.000599,-0.000587,0.000000,nan,3.476140,-33.863200,17.296400,1.370690,0.232051,1.248360,nan,-0.444577,0.555301,-0.731507,-1.954894,-2.490428,2.376130,0.646536,0.000255,0.000406,0.000060,0.000200,0.000623,-0.000110,0.000133,0.316517,-34.765598,-11.014604,18.244087,-1.035573,-1.565318,0.300340
1750016729.178780,0.974566,0.352649,0.275162,-0.208324,0.210384,0.716964,nan,0.000515,0.000024,0.000359,0.000599,-0.000587,0.000000,nan,3.204470,-34.550300,18.012100,1.379330,0.243531,1.212420,nan,-0.444564,0.555307,-0.731503,-1.954903,-2.490432,2.376129,0.646531,0.002449,0.001774,-0.000320,-0.001601,-0.001049,-0.000852,-0.000460,0.316517,-34.817173,-11.014604,18.244087,-1.016347,-1.558910,0.353441
1750016729.212585,0.974554,0.352649,0.275174,-0.208324,0.210372,0.716952,nan,0.000000,0.000383,0.000527,0.000168,-0.000563,0.000000,nan,3.540520,-34.525100,17.637500,1.390840,0.270562,1.248360,nan,-0.444552,0.555303,-0.731496,-1.954907,-2.490428,2.376130,0.646539,0.000738,0.000760,0.000938,0.000064,0.000962,-0.000038,0.001074,0.368091,-34.765598,-10.990800,18.244087,-1.016347,-1.571727,0.286607
1750016729.246930,0.974542,0.352649,0.275198,-0.208300,0.210360,0.716964,nan,0.000000,0.000635,0.000168,0.000287,-0.000527,0.000000,nan,3.888760,-34.054600,17.543900,1.375300,0.244261,1.212420,nan,-0.444539,0.555301,-0.731492,-1.954919,-2.490430,2.376130,0.646530,0.000229,0.000353,0.000625,-0.000851,0.001850,0.000198,-0.001620,0.368091,-34.741795,-11.014604,18.291695,-1.029165,-1.565318,0.367174
1750016729.280514,0.974554,0.352661,0.275222,-0.208276,0.210336,0.716964,nan,0.000000,-0.000012,0.000563,0.000611,-0.000563,0.000000,nan,3.626620,-34.045300,17.418100,1.351980,0.258913,1.212420,nan,-0.444521,0.555298,-0.731493,-1.954922,-2.490434,2.376131,0.646540,0.000377,-0.000920,0.000665,0.000259,-0.001078,-0.000045,0.001085,0.415699,-34.690220,-10.990800,18.244087,-1.002614,-1.578136,0.280199
1750016729.314276,0.974554,0.352685,0.275234,-0.208264,0.210312,0.716952,nan,0.000000,-0.000012,0.000455,0.000515,-0.000575,0.000000,nan,3.663240,-34.728000,17.751000,1.367330,0.279098,1.248360,nan,-0.444503,0.555305,-0.731487,-1.954924,-2.490434,2.376129,0.646532,0.000359,0.001709,-0.001485,0.000622,0.001319,-0.001204,-0.002753,0.391895,-34.793369,-10.990800,18.220284,-1.002614,-1.558910,0.347032
1750016729.348451,0.974554,0.352697,0.275246,-0.208240,0.210312,0.716976,nan,-0.000012,0.000108,0.000455,0.000611,-0.000359,0.000000,nan,3.700860,-34.856200,17.984400,1.341970,0.256753,1.175050,nan,-0.444489,0.555301,-0.731479,-1.954927,-2.490435,2.376130,0.646534,0.000141,0.000622,0.001360,-0.000360,0.000781,0.000380,-0.000589,0.443470,-34.741795,-11.014604,18.196480,-0.989797,-1.571727,0.326891
1750016729.382733,0.974566,0.352697,0.275246,-0.208240,0.210300,0.716964,nan,0.000000,-0.000024,0.000623,0.000311,-0.000431,0.000000,nan,3.400840,-34.817600,18.005100,1.347840,0.253151,1.212420,nan,-0.444467,0.555303,-0.731473,-1.954939,-2.490435,2.376131,0.646545,0.002045,-0.000797,0.001377,-0.000120,0.000818,0.000235,0.002090,0.344288,-34.765598,-11.038407,18.244087,-0.996206,-1.578136,0.273790
1750016729.417004,0.974566,0.352685,0.275270,-0.208228,0.210288,0.716952,nan,0.000000,-0.000048,0.000503,0.000180,-0.000228,0.000000,nan,3.437740,-33.790600,17.854000,1.359240,0.229496,1.248360,nan,-0.444466,0.555305,-0.731469,-1.954944,-2.490437,2.376130,0.646535,-0.000184,0.000468,0.000765,0.000094,-0.000899,-0.000178,-0.000681,0.415699,-34.793369,-11.014604,18.220284,-0.976980,-1.571727,0.320482
1750016729.450568,0.974566,0.352709,0.275294,-0.208216,0.210252,0.716964,nan,0.000527,-0.000012,0.000611,0.000371,-0.000228,0.000000,nan,3.437590,-34.545900,17.646400,1.363110,0.284043,1.212420,nan,-0.444456,0.555299,-0.731471,-1.954950,-2.490436,2.376128,0.646540,0.000458,0.000352,0.000759,0.001203,-0.000594,-0.001730,0.001733,0.368091,-34.741795,-10.990800,18.220284,-0.983388,-1.584544,0.280199
1750016729.484368,0.974554,0.352721,0.275330,-0.208204,0.210229,0.716952,nan,0.000000,0.000539,0.000359,0.000240,-0.000623,0.000000,nan,3.798210,-34.725900,17.040100,1.370180,0.306660,1.248360,nan,-0.444451,0.555301,-0.731465,-1.954953,-2.490436,2.376129,0.646538,-0.000057,-0.000114,0.000343,0.002214,0.000622,0.001577,-0.000804,0.391895,-34.741795,-10.990800,18.220284,-0.983388,-1.591869,0.293016
1750016729.518668,0.974554,0.352721,0.275342,-0.208192,0.210217,0.716952,nan,-0.000036,0.000012,0.000072,0.000539,-0.000623,0.000000,nan,3.836890,-34.275700,17.281500,1.372940,0.287963,1.248360,nan,-0.444449,0.555301,-0.731464,-1.954965,-2.490435,2.376128,0.646539,-0.000155,-0.001009,-0.000226,-0.000279,0.000090,-0.000161,0.001247,0.443470,-34.741795,-10.990800,18.244087,-0.976980,-1.591869,0.286607
1750016729.552696,0.974554,0.352721,0.275342,-0.208192,0.210217,0.716952,nan,-0.000036,0.000012,0.000072,0.000539,-0.000623,0.000000,nan,3.836940,-34.275700,17.281500,1.372940,0.287960,1.248360,nan,-0.444440,0.555303,-0.731459,-1.954971,-2.490434,2.376128,0.646540,0.000483,0.001443,-0.000197,-0.000392,0.001760,-0.000144,0.000574,0.368091,-34.765598,-11.014604,18.244087,-0.963247,-1.591869,0.280199
1750016729.586899,0.974566,0.352733,0.275354,-0.208168,0.210193,0.716940,nan,0.000000,0.000311,0.000264,0.000096,-0.000132,0.000000,nan,3.559200,-34.493700,17.443900,1.344320,0.303152,1.284290,nan,-0.444437,0.555302,-0.731461,-1.954976,-2.490433,2.376126,0.646544,0.000012,0.000765,-0.000229,-0.000210,0.001238,-0.000662,0.001293,0.415699,-34.793369,-10.963029,18.196480,-0.969655,-1.584544,0.266466
1750016729.620258,0.974566,0.352745,0.275378,-0.208168,0.210193,0.716964,nan,0.000000,0.000563,0.000635,0.000647,-0.000443,0.000000,nan,3.584040,-34.706000,17.140700,1.381950,0.253040,1.210990,nan,-0.444430,0.555303,-0.731456,-1.954984,-2.490442,2.376124,0.646540,0.000419,0.000598,0.001447,-0.001196,-0.002216,-0.001583,0.000327,0.368091,-34.765598,-11.014604,18.244087,-0.931203,-1.598277,0.280199
1750016729.654567,0.974566,0.352757,0.275378,-0.208144,0.210169,0.716964,nan,0.000000,0.000599,0.000599,0.000395,-0.000120,0.000120,nan,3.608450,-34.937900,17.718800,1.391660,0.310165,1.209790,nan,-0.444431,0.555297,-0.731453,-1.954986,-2.490437,2.376124,0.646538,-0.000424,-0.000755,-0.000612,0.000459,0.000951,-0.000235,0.000090,0.415699,-34.714024,-11.014604,18.220284,-0.937612,-1.598277,0.293016
1750016729.688290,0.974566,0.352757,0.275414,-0.208132,0.210169,0.716964,nan,0.000000,0.000479,0.000563,0.000443,-0.000587,-0.000132,nan,3.633000,-34.582100,16.967300,1.361010,0.232875,1.213740,nan,-0.444425,0.555299,-0.731454,-1.954995,-2.490437,2.376124,0.646541,-0.000330,0.000654,-0.000294,-0.000536,0.000400,0.000017,0.001554,0.415699,-34.741795,-10.963029,18.267891,-0.937612,-1.598277,0.266466
1750016729.722579,0.974566,0.352768,0.275426,-0.208120,0.210133,0.716952,nan,0.000000,-0.000012,0.000503,0.000240,-0.000599,0.000000,nan,3.657120,-34.819000,17.026500,1.364490,0.297663,1.246920,nan,-0.444423,0.555300,-0.731454,-1.955000,-2.490438,2.376125,0.646540,-0.001743,0.000325,0.000539,-0.000142,0.001605,0.000741,-0.000213,0.443470,-34.765598,-10.963029,18.244087,-0.923879,-1.611095,0.280199
1750016729.756585,0.974578,0.352768,0.275426,-0.208108,0.210133,0.716964,nan,0.000000,0.000000,0.000635,0.000371,-0.000323,0.000000,nan,3.345920,-34.775000,17.086500,1.334430,0.287708,1.210990,nan,-0.444416,0.555304,-0.731445,-1.955004,-2.490435,2.376121,0.646542,-0.000103,0.000653,0.002033,-0.000308,0.000191,-0.000463,0.001744,0.391895,-34.793369,-11.066178,18.220284,-0.917470,-1.617503,0.260057
1750016729.790511,0.974566,0.352768,0.275450,-0.208108,0.210121,0.716964,nan,0.000000,-0.000060,0.000551,0.000168,-0.000395,0.000000,nan,3.681640,-34.449200,16.734600,1.376720,0.276912,1.210990,nan,-0.444415,0.555302,-0.731450,-1.955008,-2.490440,2.376120,0.646535,0.000021,0.000450,0.000107,0.000027,-0.002349,-0.000175,-0.001995,0.415699,-34.765598,-10.963029,18.220284,-0.904653,-1.611095,0.320482
1750016729.824727,0.974554,0.352768,0.275438,-0.208072,0.210109,0.716964,nan,0.000000,0.000287,0.000311,0.000419,-0.000323,0.000000,nan,3.993920,-34.172200,17.726200,1.305230,0.266067,1.210990,nan,-0.444411,0.555300,-0.731446,-1.955012,-2.490437,2.376118,0.646538,-0.000138,0.000349,-0.000453,0.000859,0.000040,0.000127,-0.000522,0.415699,-34.765598,-10.990800,18.196480,-0.891836,-1.631236,0.286607
1750016729.858240,0.974578,0.352780,0.275473,-0.208072,0.210097,0.716976,nan,0.000000,0.000240,0.000168,0.000311,-0.000587,0.000048,nan,3.407530,-34.416800,16.894500,1.346570,0.255729,1.171700,nan,-0.444412,0.555296,-0.731449,-1.955017,-2.490439,2.376116,0.646540,-0.000303,-0.000742,-0.001373,0.001034,0.000909,-0.000429,0.000447,0.467274,-34.714024,-10.963029,18.220284,-0.878103,-1.611095,0.280199
1750016729.892531,0.974602,0.352792,0.275485,-0.208060,0.210073,0.716964,nan,-0.000611,0.000000,0.000635,0.000012,-0.000323,0.000000,nan,2.863730,-34.706700,16.888300,1.351010,0.283251,1.209550,nan,-0.444403,0.555304,-0.731443,-1.955019,-2.490440,2.376112,0.646541,-0.000025,0.000811,0.000434,0.000662,-0.000719,-0.000438,0.000537,0.391895,-34.817173,-11.014604,18.196480,-0.871694,-1.611095,0.266466
1750016729.939725,0.974578,0.352792,0.275497,-0.208048,0.210061,0.716976,nan,0.000000,0.000623,0.000216,-0.000036,-0.000431,0.000000,nan,3.444580,-34.462800,16.979700,1.354390,0.272773,1.172180,nan,-0.444402,0.555296,-0.731449,-1.955027,-2.490438,2.376108,0.646540,-0.000406,-0.000239,-0.001529,-0.000820,-0.000528,-0.001254,0.002392,0.415699,-34.714024,-10.939225,18.220284,-0.852468,-1.623912,0.239915
1750016729.973053,0.974578,0.352816,0.275509,-0.208025,0.210049,0.716964,nan,-0.000012,-0.000024,0.000539,-0.000036,-0.000647,0.000000,nan,3.469720,-35.295500,16.950500,1.315600,0.269142,1.209550,nan,-0.444397,0.555301,-0.731443,-1.955032,-2.490441,2.376109,0.646533,-0.000032,-0.000533,0.000112,0.000756,0.000212,-0.000903,-0.002945,0.391895,-34.793369,-11.014604,18.244087,-0.852468,-1.631236,0.300340
1750016730.006361,0.974566,0.352804,0.275521,-0.208025,0.210037,0.716976,nan,0.000000,-0.000048,-0.000048,0.000108,-0.000611,0.000000,nan,3.792530,-34.450600,17.003200,1.347230,0.263009,1.172180,nan,-0.444395,0.555302,-0.731445,-1.955033,-2.490439,2.376106,0.646533,0.001138,0.001537,0.000837,-0.000722,0.000829,0.000847,-0.001871,0.368091,-34.793369,-10.990800,18.220284,-0.846059,-1.637645,0.313158
1750016730.039397,0.974578,0.352804,0.275533,-0.208013,0.210025,0.716964,nan,0.000000,0.000563,-0.000036,-0.000012,-0.000252,0.000000,nan,3.493720,-34.250800,17.002000,1.347020,0.255039,1.208110,nan,-0.444394,0.555303,-0.731439,-1.955039,-2.490439,2.376102,0.646538,0.001796,0.001167,0.001371,0.000871,0.000406,-0.000333,-0.000950,0.391895,-34.817173,-11.038407,18.220284,-0.832326,-1.617503,0.286607
1750016730.072562,0.974554,0.352816,0.275533,-0.208001,0.210013,0.716964,nan,0.000000,0.000563,0.000048,-0.000012,-0.000347,0.000000,nan,4.116670,-34.614900,17.371700,1.299590,0.258863,1.208110,nan,-0.444389,0.555298,-0.731442,-1.955043,-2.490441,2.376098,0.646542,0.000286,-0.000280,0.000171,-0.001056,-0.001907,-0.000057,0.000118,0.415699,-34.741795,-10.990800,18.220284,-0.819509,-1.617503,0.260057
1750016730.106026,0.974578,0.352816,0.275545,-0.208001,0.210013,0.716964,nan,0.000000,-0.000060,0.000240,-0.000060,-0.000659,0.000000,nan,3.506180,-34.494700,16.995000,1.343210,0.254744,1.208110,nan,-0.444387,0.555300,-0.731440,-1.955045,-2.490439,2.376096,0.646536,-0.000284,0.000949,0.000219,0.000139,-0.001264,-0.001267,-0.001619,0.391895,-34.765598,-11.014604,18.220284,-0.799367,-1.631236,0.273790
1750016730.139313,0.974566,0.352828,0.275569,-0.208001,0.210001,0.716964,nan,0.000000,0.000395,-0.000012,0.000240,-0.000395,0.000000,nan,3.842240,-34.867900,16.514300,1.371870,0.247718,1.208110,nan,-0.444380,0.555302,-0.731442,-1.955051,-2.490442,2.376096,0.646544,-0.000756,0.001147,-0.000494,-0.000268,0.000155,0.000259,0.000365,0.415699,-34.793369,-10.990800,18.244087,-0.799367,-1.644054,0.233507
1750016730.172650,0.974578,0.352828,0.275569,-0.207965,0.209977,0.716952,nan,0.000000,-0.000048,0.000539,0.000060,-0.000287,0.000000,nan,3.531170,-34.587100,16.895800,1.296070,0.282529,1.242610,nan,-0.444379,0.555296,-0.731442,-1.955052,-2.490442,2.376090,0.646538,0.000480,-0.000816,0.000164,-0.000439,-0.002143,-0.000583,0.000127,0.415699,-34.714024,-10.990800,18.220284,-0.767324,-1.637645,0.253648
1750016730.206077,0.974578,0.352828,0.275581,-0.207965,0.209977,0.716964,nan,0.000000,0.000287,0.000635,0.000036,0.000036,0.000000,nan,3.555630,-34.377000,16.869100,1.326520,0.241865,1.206670,nan,-0.444376,0.555301,-0.731443,-1.955056,-2.490438,2.376086,0.646535,-0.000278,0.000525,-0.000694,0.001200,0.000478,-0.000176,-0.000345,0.415699,-34.817173,-10.990800,18.244087,-0.773733,-1.631236,0.280199
1750016730.239337,0.974578,0.352840,0.275593,-0.207965,0.209965,0.716976,nan,0.000000,0.000000,0.000635,0.000527,-0.000599,0.000539,nan,3.568020,-34.729400,16.779100,1.350370,0.251039,1.163910,nan,-0.444373,0.555300,-0.731444,-1.955064,-2.490443,2.376089,0.646545,-0.000325,0.000804,-0.001653,-0.001490,-0.000482,0.000975,0.002139,0.415699,-34.765598,-10.963029,18.291695,-0.753591,-1.670604,0.199632
1750016730.273066,0.974566,0.352828,0.275593,-0.207965,0.209953,0.716976,nan,0.000000,0.000000,-0.000060,-0.000036,-0.000395,0.000168,nan,3.879970,-34.137700,16.859500,1.357460,0.282002,1.166190,nan,-0.444382,0.555302,-0.731458,-1.955071,-2.490434,2.376073,0.646538,-0.002141,0.000156,-0.000267,-0.000060,0.000620,-0.000503,0.000138,0.542652,-34.793369,-10.812272,18.291695,-0.767324,-1.604686,0.253648
1750016730.306360,0.974566,0.352840,0.275593,-0.207965,0.209929,0.716952,nan,0.000000,0.000000,0.000635,0.000311,-0.000539,0.000000,nan,3.581050,-34.479100,17.174100,1.382770,0.319302,1.241170,nan,-0.444375,0.555293,-0.731447,-1.955077,-2.490435,2.376069,0.646540,0.000310,-0.000735,0.001144,-0.001524,-0.000137,-0.000437,-0.000477,0.443470,-34.690220,-10.963029,18.291695,-0.747182,-1.617503,0.239915
1750016730.339341,0.974578,0.352852,0.275605,-0.207953,0.209953,0.716976,nan,0.000000,0.000000,0.000048,0.000000,0.000048,0.000000,nan,3.593910,-34.866000,17.118800,1.377310,0.238575,1.167860,nan,-0.444348,0.555303,-0.731429,-1.955070,-2.490436,2.376072,0.646543,0.001404,-0.000215,0.001777,0.000528,0.001653,0.001253,0.001051,0.241138,-34.817173,-11.117753,18.196480,-0.734365,-1.644054,0.213365
1750016730.373082,0.974578,0.352852,0.275617,-0.207941,0.209917,0.716952,nan,0.000000,0.000000,0.000539,-0.000048,-0.000036,0.000000,nan,3.606380,-34.661200,16.984600,1.370630,0.276717,1.239730,nan,-0.444349,0.555299,-0.731436,-1.955075,-2.490434,2.376069,0.646544,-0.000611,0.000333,-0.000341,0.000599,-0.000152,-0.000325,0.000505,0.391895,-34.793369,-10.990800,18.267891,-0.727956,-1.623912,0.219774
1750016730.406356,0.974578,0.352864,0.275629,-0.207929,0.209929,0.716976,nan,0.000000,0.000611,0.000635,-0.000012,0.000048,0.000000,nan,3.618690,-35.098600,16.868000,1.364540,0.211150,1.166430,nan,-0.444347,0.555293,-0.731438,-1.955075,-2.490438,2.376067,0.646537,0.000094,0.000210,0.000813,-0.000195,-0.000632,-0.000900,-0.001334,0.415699,-34.714024,-10.990800,18.220284,-0.714223,-1.644054,0.266466
1750016730.439382,0.974590,0.352864,0.275629,-0.207929,0.209917,0.716964,nan,0.000000,0.000000,-0.000060,0.000563,-0.000443,0.000000,nan,3.319410,-35.025300,16.948500,1.361670,0.214599,1.203800,nan,-0.444339,0.555303,-0.731434,-1.955076,-2.490435,2.376068,0.646539,0.000841,0.000921,-0.001311,0.001595,-0.000227,-0.000072,-0.000838,0.344288,-34.840977,-11.014604,18.244087,-0.701406,-1.650462,0.246324
1750016730.473119,0.974578,0.352852,0.275641,-0.207917,0.209917,0.716976,nan,0.000000,-0.000048,-0.000024,0.000467,-0.000096,0.000024,nan,3.631240,-34.245800,16.837300,1.355470,0.216816,1.164750,nan,-0.444340,0.555297,-0.731433,-1.955078,-2.490432,2.376066,0.646538,0.000358,0.000291,0.000127,-0.000634,0.000583,-0.001004,0.000404,0.391895,-34.765598,-11.014604,18.220284,-0.688589,-1.637645,0.253648
1750016730.506835,0.974590,0.352864,0.275641,-0.207917,0.209893,0.716964,nan,0.000000,0.000144,-0.000060,0.000012,-0.000647,0.000000,nan,3.344310,-34.655700,17.199700,1.387360,0.261060,1.202360,nan,-0.444339,0.555296,-0.731435,-1.955080,-2.490432,2.376063,0.646540,0.000507,-0.000316,-0.000089,-0.000799,-0.000373,-0.001235,0.000454,0.415699,-34.765598,-10.990800,18.244087,-0.688589,-1.650462,0.199632
1750016730.539476,0.974578,0.352876,0.275653,-0.207905,0.209893,0.716964,nan,0.000000,0.000012,-0.000048,0.000012,0.000048,0.000000,nan,3.656290,-35.049500,17.036700,1.377330,0.225299,1.200920,nan,-0.444332,0.555297,-0.731436,-1.955080,-2.490429,2.376060,0.646537,0.000755,-0.000328,-0.000301,0.001145,0.000203,0.001027,-0.001586,0.368091,-34.765598,-11.014604,18.220284,-0.675771,-1.664195,0.253648
1750016730.572968,0.974578,0.352876,0.275665,-0.207893,0.209881,0.716952,nan,0.000000,0.000000,0.000479,0.000084,-0.000635,0.000000,nan,3.668950,-34.888800,17.312500,1.366590,0.234902,1.236860,nan,-0.444335,0.555297,-0.731436,-1.955079,-2.490426,2.376059,0.646541,-0.000023,-0.001268,0.000757,0.000034,0.000511,-0.000934,0.000591,0.415699,-34.765598,-10.990800,18.196480,-0.662038,-1.656871,0.226183
1750016730.606810,0.974590,0.352888,0.275677,-0.207893,0.209857,0.716964,nan,0.000120,0.000635,-0.000048,0.000144,-0.000491,-0.000455,nan,3.672590,-35.397300,16.713100,1.387560,0.279453,1.204040,nan,-0.444337,0.555298,-0.731434,-1.955080,-2.490423,2.376056,0.646541,-0.002141,0.000880,-0.000157,0.002205,0.001524,0.000565,-0.000097,0.443470,-34.793369,-11.014604,18.168709,-0.655630,-1.670604,0.193224
1750016730.640628,0.974590,0.352888,0.275677,-0.207881,0.209869,0.716964,nan,0.000000,0.000000,0.000060,-0.000012,-0.000024,0.000024,nan,3.381740,-35.298400,16.775200,1.358940,0.233066,1.199250,nan,-0.444331,0.555295,-0.731434,-1.955081,-2.490423,2.376051,0.646541,-0.000165,-0.001250,0.000471,0.002468,-0.000479,0.000272,0.000948,0.415699,-34.741795,-11.014604,18.144905,-0.642812,-1.644054,0.186815
1750016730.674350,0.974578,0.352864,0.275677,-0.207881,0.209869,0.716964,nan,-0.000144,0.000000,0.000287,0.000108,-0.000551,0.000000,nan,3.703880,-34.001200,17.527100,1.382220,0.208073,1.199490,nan,-0.444332,0.555294,-0.731438,-1.955090,-2.490420,2.376048,0.646537,-0.000709,-0.000297,-0.001803,0.000262,-0.000731,-0.000924,-0.001307,0.443470,-34.741795,-10.963029,18.220284,-0.636403,-1.644054,0.226183
1750016730.708752,0.974578,0.352888,0.275677,-0.207869,0.209857,0.716964,nan,0.000000,0.000000,-0.000012,0.000000,-0.000024,0.000000,nan,3.694140,-35.002500,17.410200,1.371820,0.212818,1.198050,nan,-0.444325,0.555300,-0.731431,-1.955088,-2.490418,2.376048,0.646542,0.000531,0.001804,0.000348,0.000805,0.002156,-0.001022,-0.000059,0.368091,-34.817173,-11.038407,18.196480,-0.636403,-1.656871,0.179491
1750016730.742457,0.974578,0.352888,0.275677,-0.207857,0.209845,0.716976,nan,0.000000,0.000240,-0.000048,0.000575,-0.000443,0.000000,nan,3.706420,-34.872000,17.269500,1.354590,0.225592,1.160680,nan,-0.444327,0.555296,-0.731431,-1.955095,-2.490417,2.376044,0.646541,-0.000383,0.001084,0.001076,-0.000956,-0.000232,0.000014,0.000006,0.443470,-34.793369,-11.014604,18.196480,-0.616262,-1.650462,0.193224
1750016730.776725,0.974578,0.352900,0.275713,-0.207857,0.209845,0.716964,nan,0.000000,0.000000,0.000431,0.000467,-0.000395,0.000000,nan,3.706520,-35.321200,16.597500,1.377230,0.200662,1.196610,nan,-0.444321,0.555299,-0.731439,-1.955100,-2.490417,2.376042,0.646538,0.001394,0.001804,-0.001579,-0.001168,-0.001170,0.001141,-0.001747,0.368091,-34.817173,-10.939225,18.267891,-0.603444,-1.677013,0.213365
1750016730.810429,0.974578,0.352888,0.275701,-0.207857,0.209833,0.716964,nan,-0.000036,0.000359,0.000635,-0.000036,0.000036,0.000000,nan,3.721130,-34.749800,17.046300,1.383710,0.232268,1.196610,nan,-0.444324,0.555296,-0.731438,-1.955120,-2.490412,2.376042,0.646537,0.000280,-0.000500,-0.000207,0.000528,-0.000820,-0.000336,-0.000294,0.415699,-34.765598,-10.963029,18.319466,-0.609853,-1.677013,0.226183
1750016730.844694,0.974590,0.352888,0.275713,-0.207845,0.209821,0.716976,nan,0.000000,0.000000,-0.000060,-0.000012,-0.000216,0.000000,nan,3.419360,-34.570100,16.965000,1.367670,0.243375,1.157800,nan,-0.444326,0.555300,-0.731438,-1.955139,-2.490402,2.376041,0.646546,-0.000666,-0.000185,-0.000199,-0.000662,0.000062,0.000417,0.002089,0.467274,-34.817173,-10.963029,18.367073,-0.597036,-1.670604,0.146532
1750016730.878408,0.974578,0.352888,0.275713,-0.207845,0.209821,0.716964,nan,0.000000,-0.000012,-0.000024,0.000395,0.000000,0.000000,nan,3.730940,-34.432100,17.249200,1.349230,0.213888,1.193740,nan,-0.444326,0.555296,-0.731448,-1.955137,-2.490404,2.376035,0.646546,0.001167,-0.000986,-0.000065,-0.000588,0.001080,0.001287,0.001598,0.467274,-34.793369,-10.863847,18.244087,-0.590627,-1.656871,0.146532
1750016730.912680,0.974578,0.352888,0.275713,-0.207833,0.209797,0.716964,nan,0.000000,0.000144,0.000623,0.000000,0.000000,0.000000,nan,3.731100,-34.314300,17.478400,1.373320,0.262739,1.192300,nan,-0.444326,0.555295,-0.731445,-1.955142,-2.490393,2.376027,0.646540,0.000234,-0.000881,0.000092,-0.001371,0.001616,-0.001254,0.002183,0.467274,-34.793369,-10.911454,18.267891,-0.616262,-1.631236,0.199632
1750016730.946426,0.974578,0.352900,0.275737,-0.207821,0.209809,0.716964,nan,0.000000,0.000000,0.000168,0.000623,-0.000611,-0.000240,nan,3.743200,-34.775000,16.872500,1.352720,0.208460,1.191820,nan,-0.444333,0.555292,-0.731459,-1.955139,-2.490397,2.376018,0.646544,-0.001137,0.000730,-0.001080,0.001533,-0.001629,-0.000757,0.001236,0.566456,-34.741795,-10.760697,18.267891,-0.583303,-1.631236,0.173082
1750016730.980632,0.974602,0.352888,0.275737,-0.207833,0.209797,0.716976,nan,0.000000,0.000563,0.000060,0.000395,-0.000120,0.000000,nan,3.144330,-34.228000,16.900200,1.392370,0.238042,1.152050,nan,-0.444336,0.555292,-0.731471,-1.955147,-2.490391,2.376014,0.646543,0.000204,0.000366,-0.000189,0.000421,0.000334,0.000332,-0.000478,0.618030,-34.741795,-10.685319,18.319466,-0.590627,-1.637645,0.173082
1750016731.014366,0.974578,0.352888,0.275725,-0.207821,0.209809,0.716964,nan,0.000012,0.000000,-0.000060,0.000000,-0.000048,0.000000,nan,3.754670,-34.046700,17.611600,1.380530,0.178358,1.187990,nan,-0.444333,0.555293,-0.731466,-1.955150,-2.490387,2.376013,0.646539,0.000124,-0.000668,0.000622,0.000945,0.001096,-0.001152,0.000055,0.566456,-34.765598,-10.784501,18.291695,-0.616262,-1.637645,0.173082
1750016731.048647,0.974590,0.352900,0.275737,-0.207809,0.209785,0.716964,nan,0.000000,0.000000,-0.000012,-0.000036,-0.000096,0.000000,nan,3.456340,-34.501900,17.391600,1.365090,0.227662,1.185110,nan,-0.444337,0.555290,-0.731469,-1.955159,-2.490387,2.376014,0.646543,-0.001631,-0.000961,0.000186,-0.000146,-0.001116,0.000218,0.000270,0.641834,-34.741795,-10.760697,18.319466,-0.590627,-1.637645,0.166673
1750016731.082358,0.974578,0.352900,0.275737,-0.207797,0.209785,0.716952,nan,0.000000,-0.000012,-0.000036,-0.000060,0.000048,0.000024,nan,3.767950,-34.363900,17.627200,1.349530,0.201758,1.219370,nan,-0.444336,0.555293,-0.731462,-1.955162,-2.490387,2.376015,0.646548,-0.000442,0.000168,0.000600,-0.000671,-0.000514,0.000071,0.002896,0.618030,-34.765598,-10.812272,18.319466,-0.583303,-1.650462,0.132799
1750016731.116673,0.974578,0.352900,0.275761,-0.207797,0.209773,0.716952,nan,0.000000,0.000000,-0.000036,-0.000048,-0.000623,0.000000,nan,3.768350,-34.251500,16.944300,1.369570,0.218459,1.216740,nan,-0.444334,0.555297,-0.731458,-1.955156,-2.490387,2.376015,0.646541,-0.000535,0.001515,-0.000511,0.001280,-0.001165,-0.001314,-0.001434,0.590259,-34.817173,-10.863847,18.244087,-0.583303,-1.664195,0.152940
1750016731.150484,0.974590,0.352912,0.275761,-0.207785,0.209773,0.716952,nan,-0.000012,0.000000,0.000611,0.000431,0.000000,0.000000,nan,3.481760,-34.706700,17.083700,1.344650,0.193537,1.215300,nan,-0.444329,0.555293,-0.731455,-1.955156,-2.490385,2.376011,0.646542,0.000461,0.000599,-0.000944,0.000750,0.000488,0.000224,0.000350,0.542652,-34.793369,-10.863847,18.244087,-0.564077,-1.656871,0.140123
1750016731.184388,0.974578,0.352900,0.275761,-0.207785,0.209749,0.716952,nan,0.000000,0.000000,0.000563,-0.000012,-0.000491,0.000000,nan,3.780930,-34.115000,17.141700,1.352000,0.264482,1.213860,nan,-0.444324,0.555294,-0.731449,-1.955157,-2.490386,2.376014,0.646542,0.000180,-0.000413,0.001355,-0.000208,-0.000203,0.000622,0.001939,0.518848,-34.817173,-10.939225,18.267891,-0.551259,-1.689830,0.140123
1750016731.218474,0.974566,0.352900,0.275773,-0.207785,0.209773,0.716940,nan,0.000000,-0.000024,0.000611,-0.000024,-0.000240,0.000000,nan,4.092850,-34.544500,16.903700,1.370830,0.167019,1.246920,nan,-0.444308,0.555303,-0.731439,-1.955164,-2.490385,2.376014,0.646537,0.001228,0.001935,-0.001218,-0.000305,-0.001182,-0.000743,-0.001813,0.443470,-34.892551,-10.990800,18.343269,-0.564077,-1.683421,0.179491
1750016731.252395,0.974578,0.352900,0.275773,-0.207773,0.209749,0.716952,nan,0.000000,0.000000,0.000000,0.000000,0.000000,0.000000,nan,3.793670,-33.864600,17.174200,1.351930,0.212009,1.209550,nan,-0.444310,0.555301,-0.731438,-1.955172,-2.490381,2.376014,0.646540,-0.000277,-0.001320,0.000292,0.000491,-0.000576,0.000108,-0.000632,0.518848,-34.868748,-10.963029,18.367073,-0.557668,-1.683421,0.152940
1750016731.286458,0.974578,0.352912,0.275773,-0.207749,0.209749,0.716952,nan,0.000000,0.000275,0.000000,0.000192,0.000000,0.000096,nan,3.793890,-34.330100,17.371700,1.293970,0.188987,1.207150,nan,-0.444299,0.555288,-0.731439,-1.955155,-2.490387,2.376007,0.646534,0.000507,-0.000768,0.000536,0.000190,0.000389,-0.000991,-0.002724,0.443470,-34.714024,-10.939225,18.168709,-0.531118,-1.656871,0.179491
1750016731.320198,0.974578,0.352924,0.275773,-0.207761,0.209737,0.716952,nan,-0.000060,0.000000,0.000000,-0.000024,0.000000,0.000000,nan,4.121610,-34.775000,17.551400,1.349310,0.203345,1.205240,nan,-0.444281,0.555292,-0.731430,-1.955153,-2.490385,2.376003,0.646540,0.000276,0.000755,0.000673,-0.000865,0.000275,0.000249,-0.000047,0.415699,-34.793369,-11.038407,18.168709,-0.524709,-1.670604,0.160265
1750016731.354687,0.974590,0.352912,0.275773,-0.207773,0.209737,0.716952,nan,0.000060,0.000000,0.000527,0.000036,-0.000228,0.000000,nan,3.490620,-34.183200,17.539700,1.387540,0.201263,1.205240,nan,-0.444272,0.555294,-0.731431,-1.955159,-2.490384,2.376002,0.646542,-0.000494,-0.000389,0.000430,-0.000367,0.000339,-0.000114,0.001415,0.467274,-34.817173,-11.014604,18.244087,-0.531118,-1.677013,0.140123
1750016731.388436,0.974566,0.352924,0.275785,-0.207737,0.209725,0.716952,nan,0.000000,0.000000,0.000000,-0.000012,-0.000228,0.000000,nan,4.117920,-34.638400,17.317600,1.293170,0.214155,1.202360,nan,-0.444267,0.555289,-0.731431,-1.955158,-2.490378,2.375999,0.646543,-0.000624,-0.000868,0.001163,-0.000813,-0.000259,0.000685,0.000507,0.467274,-34.765598,-11.014604,18.220284,-0.537526,-1.664195,0.132799
1750016731.422143,0.974590,0.352924,0.275785,-0.207749,0.209725,0.716952,nan,0.000000,0.000000,-0.000012,0.000000,0.000000,0.000000,nan,3.507510,-34.524600,17.516100,1.379330,0.193122,1.199490,nan,-0.444263,0.555286,-0.731435,-1.955154,-2.490376,2.375998,0.646540,-0.000927,-0.000411,0.000351,0.000724,0.001181,0.000824,0.000372,0.443470,-34.741795,-10.990800,18.168709,-0.518300,-1.670604,0.152940
1750016731.456642,0.974578,0.352924,0.275797,-0.207749,0.209689,0.716964,nan,0.000000,0.000000,0.000000,0.000216,0.000000,-0.000575,nan,3.819140,-34.410800,17.245500,1.392990,0.243404,1.166430,nan,-0.444255,0.555292,-0.731435,-1.955157,-2.490373,2.375996,0.646539,0.000453,-0.000409,-0.001266,0.000851,0.000800,-0.000479,-0.001289,0.415699,-34.793369,-10.990800,18.244087,-0.505483,-1.683421,0.166673
1750016731.490388,0.974566,0.352924,0.275809,-0.207737,0.209701,0.716952,nan,0.000000,0.000000,0.000395,0.000000,-0.000371,-0.000335,nan,4.130760,-34.319800,16.940300,1.333360,0.228397,1.197090,nan,-0.444255,0.555289,-0.731429,-1.955155,-2.490375,2.375991,0.646540,0.000375,-0.000272,0.001283,0.000409,-0.001001,-0.001790,-0.000916,0.415699,-34.741795,-11.038407,18.196480,-0.485341,-1.664195,0.146532
1750016731.524669,0.974578,0.352924,0.275809,-0.207749,0.209701,0.716964,nan,0.000000,0.000000,0.000000,0.000000,-0.000228,0.000000,nan,3.819410,-34.297000,16.975900,1.369300,0.189573,1.157800,nan,-0.444256,0.555294,-0.731433,-1.955159,-2.490370,2.375989,0.646546,-0.001699,-0.000197,-0.001159,0.000437,-0.000156,0.000738,0.001669,0.467274,-34.817173,-10.990800,18.267891,-0.498159,-1.670604,0.065965
1750016731.558372,0.974590,0.352912,0.275797,-0.207737,0.209701,0.716952,nan,-0.000024,0.000000,-0.000012,0.000000,-0.000611,0.000000,nan,3.521820,-33.637000,17.623700,1.346320,0.212056,1.190860,nan,-0.444254,0.555292,-0.731431,-1.955159,-2.490365,2.375990,0.646543,-0.001156,-0.000795,0.000472,0.000045,0.000526,0.001274,-0.000095,0.443470,-34.817173,-11.014604,18.244087,-0.485341,-1.683421,0.126390
1750016731.592119,0.974590,0.352924,0.275809,-0.207725,0.209701,0.716952,nan,0.000000,0.000000,0.000108,0.000000,-0.000012,0.000000,nan,3.532320,-34.115000,17.343300,1.324770,0.187343,1.186550,nan,-0.444251,0.555291,-0.731432,-1.955157,-2.490363,2.375991,0.646543,0.000200,-0.000784,-0.000426,-0.000130,-0.001272,-0.000169,-0.000019,0.443470,-34.817173,-10.990800,18.244087,-0.466115,-1.689830,0.126390
1750016731.639600,0.974578,0.352948,0.275821,-0.207713,0.209678,0.716928,nan,-0.000132,0.000000,0.000419,-0.000036,0.000000,-0.000132,nan,3.841390,-35.070800,17.225300,1.320850,0.224518,1.251110,nan,-0.444249,0.555292,-0.731431,-1.955163,-2.490360,2.375988,0.646538,-0.000301,-0.000437,-0.000188,-0.001379,-0.002369,-0.000854,-0.000047,0.415699,-34.817173,-11.038407,18.291695,-0.466115,-1.689830,0.132799
1750016731.672760,0.974578,0.352936,0.275809,-0.207725,0.209678,0.716928,nan,0.000000,0.000000,-0.000024,-0.000024,0.000048,0.000000,nan,3.844160,-33.819100,17.858100,1.368170,0.208225,1.245480,nan,-0.444248,0.555291,-0.731431,-1.955161,-2.490359,2.375988,0.646541,0.000645,-0.000630,-0.000385,0.000335,-0.001203,-0.000810,-0.000268,0.415699,-34.817173,-11.014604,18.244087,-0.458791,-1.670604,0.106248
1750016731.706643,0.974590,0.352936,0.275821,-0.207713,0.209678,0.716952,nan,0.000000,-0.000036,0.000000,0.000000,-0.000228,0.000000,nan,3.544770,-34.361000,17.424700,1.333440,0.208094,1.173610,nan,-0.444248,0.555290,-0.731433,-1.955154,-2.490355,2.375985,0.646538,-0.000157,0.000500,0.000388,0.000932,-0.000227,0.001696,-0.000248,0.415699,-34.793369,-10.990800,18.168709,-0.439565,-1.677013,0.106248
1750016731.739778,0.974578,0.352936,0.275821,-0.207713,0.209678,0.716940,nan,0.000060,0.000359,0.000000,-0.000012,0.000000,0.000000,nan,3.852130,-34.317400,17.604300,1.346500,0.191423,1.206670,nan,-0.444246,0.555293,-0.731432,-1.955158,-2.490349,2.375980,0.646544,0.001981,0.002037,0.000634,0.000202,-0.000072,-0.000104,0.000413,0.391895,-34.817173,-11.038407,18.220284,-0.439565,-1.677013,0.086107
1750016731.773030,0.974590,0.352936,0.275833,-0.207713,0.209678,0.716952,nan,0.000000,0.000000,0.000395,-0.000048,-0.000443,0.000000,nan,3.556990,-34.183200,17.299200,1.358370,0.181461,1.169300,nan,-0.444247,0.555291,-0.731437,-1.955162,-2.490344,2.375981,0.646544,-0.000319,0.000379,-0.002154,-0.001343,0.000418,0.000316,0.001243,0.391895,-34.817173,-11.014604,18.244087,-0.426748,-1.683421,0.079698
1750016731.806447,0.974590,0.352924,0.275845,-0.207701,0.209678,0.716952,nan,0.000000,0.000000,0.000599,0.000611,0.000000,0.000000,nan,3.557280,-33.523200,16.975300,1.325930,0.164041,1.164990,nan,-0.444244,0.555287,-0.731435,-1.955158,-2.490339,2.375980,0.646545,0.000833,-0.000390,0.000522,0.000650,0.001436,-0.000020,0.002055,0.391895,-34.765598,-10.990800,18.220284,-0.433156,-1.677013,0.073289
1750016731.839506,0.974602,0.352936,0.275833,-0.207701,0.209666,0.716940,nan,-0.000144,0.000000,0.000000,0.000443,0.000000,0.000527,nan,3.267960,-34.023900,17.622100,1.336240,0.188460,1.194220,nan,-0.444245,0.555289,-0.731434,-1.955164,-2.490338,2.375980,0.646535,-0.000442,0.000210,-0.000047,-0.000324,0.000167,-0.000697,-0.002390,0.415699,-34.765598,-11.014604,18.267891,-0.433156,-1.677013,0.119981
1750016731.872678,0.974578,0.352948,0.275845,-0.207713,0.209666,0.716940,nan,0.000000,0.000599,0.000000,0.000563,0.000000,0.000000,nan,3.856910,-34.664800,17.172900,1.373860,0.187001,1.162120,nan,-0.444240,0.555290,-0.731435,-1.955156,-2.490335,2.375975,0.646541,0.001557,0.000623,-0.000423,-0.000652,-0.000470,-0.000392,-0.000741,0.368091,-34.793369,-10.990800,18.196480,-0.413015,-1.670604,0.065965
1750016731.906476,0.974578,0.352948,0.275845,-0.207689,0.209630,0.716952,nan,0.000000,0.000000,0.000000,0.000563,0.000036,0.000000,nan,3.869200,-34.501900,17.334500,1.312080,0.278575,1.159240,nan,-0.444237,0.555288,-0.731432,-1.955159,-2.490329,2.375976,0.646540,0.000863,0.000021,0.000036,-0.000801,0.000274,0.000833,-0.000563,0.316517,-34.793369,-11.014604,18.220284,-0.426748,-1.683421,0.079698
1750016731.939584,0.974590,0.352948,0.275845,-0.207689,0.209654,0.716940,nan,0.000000,0.000000,0.000000,0.000287,0.000000,0.000000,nan,3.569930,-34.410800,17.496100,1.362280,0.191218,1.192300,nan,-0.444240,0.555287,-0.731435,-1.955159,-2.490322,2.375976,0.646540,-0.000428,-0.001067,-0.001039,0.000352,0.001586,0.001242,-0.000106,0.391895,-34.765598,-10.990800,18.244087,-0.413015,-1.689830,0.079698
1750016731.972738,0.974602,0.352960,0.275845,-0.207689,0.209618,0.716928,nan,0.000000,0.000000,0.000000,0.000012,0.000000,0.000000,nan,3.270670,-34.888800,17.621800,1.340620,0.286045,1.225360,nan,-0.444236,0.555283,-0.731438,-1.955156,-2.490323,2.375973,0.646539,0.001276,-0.000781,-0.000621,0.000862,-0.000211,0.001156,0.000008,0.368091,-34.714024,-10.990800,18.168709,-0.400197,-1.689830,0.079698
1750016732.005976,0.974602,0.352948,0.275857,-0.207677,0.209654,0.716928,nan,0.000000,0.000359,0.000000,0.000000,-0.000036,0.000036,nan,3.270770,-34.249100,17.334300,1.314870,0.167084,1.220690,nan,-0.444246,0.555283,-0.731442,-1.955165,-2.490321,2.375969,0.646542,-0.001024,0.000096,-0.000286,0.001501,-0.000683,-0.001237,0.001171,0.467274,-34.714024,-10.911454,18.244087,-0.387380,-1.670604,0.033006
1750016732.039675,0.974602,0.352948,0.275857,-0.207677,0.209654,0.716928,nan,0.000000,0.000359,0.000000,0.000000,-0.000036,0.000036,nan,3.270800,-34.249100,17.334300,1.314880,0.167079,1.220690,nan,-0.444221,0.555292,-0.731416,-1.955165,-2.490314,2.375968,0.646538,0.002379,-0.000805,0.001449,0.000050,-0.001156,0.000017,-0.000136,0.169727,-34.840977,-11.244706,18.319466,-0.393789,-1.689830,0.053148
1750016732.072846,0.974578,0.352960,0.275845,-0.207689,0.209630,0.716928,nan,0.000000,0.000515,0.000000,0.000000,0.000000,0.000000,nan,3.881890,-34.745700,17.963000,1.362330,0.229923,1.219610,nan,-0.444227,0.555285,-0.731439,-1.955163,-2.490313,2.375967,0.646535,-0.001742,-0.000463,-0.000861,0.001218,-0.000166,0.000191,-0.001529,0.344288,-34.741795,-10.911454,18.244087,-0.400197,-1.664195,0.079698
1750016732.105993,0.974578,0.352960,0.275857,-0.207677,0.209618,0.716952,nan,0.000000,0.000000,0.000168,0.000000,-0.000635,0.000000,nan,3.882060,-34.592900,17.642400,1.335030,0.260674,1.146300,nan,-0.444227,0.555284,-0.731433,-1.955160,-2.490309,2.375959,0.646543,-0.000392,-0.000839,0.000305,-0.001208,0.000157,-0.000788,0.001063,0.344288,-34.765598,-11.066178,18.291695,-0.393789,-1.656871,0.012865
1750016732.139686,0.974590,0.352960,0.275869,-0.207665,0.209618,0.716940,nan,-0.000096,-0.000012,0.000000,0.000000,0.000000,-0.000503,nan,3.589510,-34.500400,16.884800,1.309180,0.241347,1.185830,nan,-0.444229,0.555284,-0.731439,-1.955162,-2.490304,2.375962,0.646533,0.000673,-0.001370,-0.000576,0.000511,-0.000278,-0.000503,-0.000288,0.368091,-34.765598,-10.939225,18.220284,-0.393789,-1.656871,0.079698
1750016732.172952,0.974590,0.352972,0.275869,-0.207677,0.209606,0.716940,nan,0.000000,0.000108,0.000000,0.000000,-0.000635,0.000000,nan,3.595060,-34.992700,17.477700,1.353760,0.272074,1.179360,nan,-0.444228,0.555284,-0.731430,-1.955165,-2.490301,2.375965,0.646538,-0.000662,-0.000247,-0.000349,-0.001288,-0.000712,-0.000816,-0.000099,0.368091,-34.765598,-11.089982,18.291695,-0.387380,-1.677013,0.012865
1750016732.206122,0.974590,0.352972,0.275881,-0.207665,0.209606,0.716952,nan,0.000000,-0.000036,-0.000012,0.000000,0.000000,-0.000431,nan,3.595100,-34.907200,17.155300,1.325020,0.259968,1.144870,nan,-0.444224,0.555285,-0.731441,-1.955143,-2.490298,2.375959,0.646532,0.001758,-0.000487,-0.001121,0.001771,-0.000705,-0.000216,-0.000840,0.344288,-34.765598,-10.963029,18.021919,-0.380971,-1.650462,0.065965
1750016732.239295,0.974590,0.352972,0.275869,-0.207665,0.209618,0.716940,nan,0.000000,0.000000,0.000000,0.000299,0.000000,0.000000,nan,3.595330,-34.911500,17.621300,1.323480,0.222551,1.176490,nan,-0.444226,0.555284,-0.731441,-1.955169,-2.490296,2.375965,0.646529,0.000146,-0.000747,-0.000875,-0.000110,-0.000293,0.001283,-0.000707,0.368091,-34.765598,-10.963029,18.291695,-0.380971,-1.670604,0.046739
1750016732.272907,0.974602,0.352972,0.275881,-0.207665,0.209606,0.716928,nan,0.000000,0.000000,0.000000,0.000000,-0.000407,0.000000,nan,3.296010,-34.843200,17.297800,1.333670,0.255341,1.209550,nan,-0.444224,0.555289,-0.731426,-1.955157,-2.490291,2.375962,0.646529,0.000324,0.001090,0.000764,-0.000322,0.000829,0.000414,-0.001404,0.344288,-34.793369,-11.165360,18.168709,-0.387380,-1.683421,0.053148
1750016732.306386,0.974602,0.352972,0.275881,-0.207665,0.209618,0.716940,nan,-0.000012,0.000000,0.000000,0.000000,-0.000168,0.000000,nan,3.297000,-34.775000,17.423500,1.340880,0.211227,1.170740,nan,-0.444224,0.555285,-0.731443,-1.955171,-2.490293,2.375963,0.646526,0.000312,-0.000721,-0.000968,-0.000138,-0.000481,0.000004,-0.001271,0.368091,-34.765598,-10.963029,18.319466,-0.367238,-1.664195,0.073289
1750016732.340602,0.974590,0.352972,0.275881,-0.207653,0.209594,0.716928,nan,0.000000,0.000000,0.000000,0.000000,0.000000,0.000000,nan,3.607670,-34.729400,17.567200,1.310700,0.277089,1.203800,nan,-0.444224,0.555292,-0.731442,-1.955157,-2.490289,2.375962,0.646530,0.001019,0.001978,-0.000645,0.000440,-0.000566,0.000690,-0.000182,0.344288,-34.840977,-10.990800,18.168709,-0.367238,-1.670604,0.039415
1750016732.374363,0.974602,0.352960,0.275893,-0.207665,0.209606,0.716940,nan,0.000000,0.000000,0.000000,0.000000,0.000000,0.000000,nan,3.308270,-34.115000,17.189900,1.355260,0.196586,1.166430,nan,-0.444224,0.555287,-0.731432,-1.955164,-2.490281,2.375964,0.646531,-0.000986,0.000283,-0.000193,0.000424,0.000047,0.000668,0.000464,0.344288,-34.793369,-11.089982,18.220284,-0.393789,-1.670604,0.006456
1750016732.408152,0.974590,0.352972,0.275881,-0.207665,0.209606,0.716940,nan,0.000000,0.000000,0.000000,0.000000,0.000000,0.000551,nan,3.607800,-34.683900,17.675000,1.355270,0.232499,1.196850,nan,-0.444224,0.555284,-0.731442,-1.955168,-2.490284,2.375965,0.646525,0.001014,-0.000530,0.000449,-0.000005,0.000633,-0.000088,-0.001363,0.344288,-34.765598,-10.963029,18.319466,-0.360830,-1.677013,0.039415
1750016732.442344,0.974590,0.352972,0.275893,-0.207665,0.209606,0.716928,nan,0.000000,0.000144,0.000000,0.000096,0.000000,0.000000,nan,3.308420,-34.632900,17.333600,1.362940,0.225298,1.199490,nan,-0.444226,0.555289,-0.731440,-1.955155,-2.490282,2.375960,0.646528,-0.001384,0.001425,-0.000713,0.000302,-0.000589,-0.000950,0.001111,0.368091,-34.840977,-11.014604,18.144905,-0.380971,-1.670604,0.012865
1750016732.476176,0.974590,0.352972,0.275893,-0.207641,0.209606,0.716928,nan,0.000000,0.000012,0.000000,0.000000,0.000000,0.000000,nan,3.607940,-34.594300,17.441300,1.297790,0.218096,1.198050,nan,-0.444222,0.555286,-0.731442,-1.955164,-2.490276,2.375961,0.646516,-0.000551,-0.000537,-0.000555,-0.000252,0.002092,0.000353,-0.001608,0.344288,-34.793369,-10.990800,18.220284,-0.387380,-1.670604,0.073289
1750016732.510167,0.974590,0.352972,0.275893,-0.207653,0.209606,0.716928,nan,0.000000,0.000000,0.000467,0.000000,0.000000,0.000024,nan,3.608090,-34.547400,17.525000,1.342360,0.210882,1.196370,nan,-0.444228,0.555282,-0.731442,-1.955157,-2.490277,2.375961,0.646522,-0.000924,0.000526,-0.001463,0.000576,-0.000365,0.000650,-0.000866,0.391895,-34.765598,-10.990800,18.168709,-0.380971,-1.670604,0.026598
1750016732.544180,0.974614,0.352960,0.275905,-0.207653,0.209606,0.716928,nan,0.000000,0.000000,0.000000,0.000000,0.000000,0.000000,nan,3.009240,-33.932900,17.656800,1.350990,0.202244,1.193740,nan,-0.444224,0.555288,-0.731435,-1.955168,-2.490277,2.375962,0.646519,-0.000358,-0.000115,0.000143,-0.000327,-0.001549,-0.000588,-0.001088,0.344288,-34.793369,-11.089982,18.267891,-0.380971,-1.683421,0.019273
1750016732.578586,0.974614,0.352960,0.275905,-0.207653,0.209606,0.716928,nan,0.000000,0.000000,0.000000,0.000000,0.000000,0.000000,nan,3.009260,-33.932900,17.656800,1.350990,0.202240,1.193740,nan,-0.444224,0.555287,-0.731439,-1.955161,-2.490273,2.375964,0.646517,-0.000379,-0.000241,0.001578,-0.000126,0.000654,0.001260,-0.002800,0.368091,-34.817173,-11.038407,18.196480,-0.373647,-1.677013,0.026598
1750016732.612152,0.974590,0.352972,0.275893,-0.207653,0.209582,0.716916,nan,0.000000,0.000000,0.000000,0.000000,0.000000,0.000000,nan,3.608320,-34.456300,17.764600,1.358190,0.266893,1.229670,nan,-0.444221,0.555286,-0.731445,-1.955156,-2.490271,2.375960,0.646521,0.001030,0.000256,0.000160,0.001147,0.000029,0.000005,0.000137,0.344288,-34.793369,-10.990800,18.144905,-0.387380,-1.670604,-0.007277
1750016732.646636,0.974590,0.352972,0.275905,-0.207629,0.209582,0.716928,nan,0.000000,0.000000,0.000599,-0.000048,0.000024,0.000000,nan,3.608480,-34.410800,17.369200,1.295440,0.253685,1.190860,nan,-0.444221,0.555286,-0.731439,-1.955167,-2.490268,2.375964,0.646513,-0.000530,-0.000993,0.000405,-0.000463,0.002194,0.000190,-0.002032,0.344288,-34.817173,-11.066178,18.267891,-0.387380,-1.670604,0.059557
1750016732.680427,0.974590,0.352984,0.275905,-0.207641,0.209570,0.716940,nan,0.000000,0.000000,0.000311,0.000000,0.000000,0.000000,nan,3.608580,-34.934300,17.484900,1.339530,0.278343,1.153490,nan,-0.444224,0.555284,-0.731445,-1.955162,-2.490268,2.375961,0.646510,0.000522,-0.000670,-0.000817,-0.000226,-0.001275,0.000125,-0.002053,0.391895,-34.741795,-10.990800,18.196480,-0.373647,-1.677013,0.046739
1750016732.714411,0.974590,0.352984,0.275905,-0.207629,0.209582,0.716928,nan,0.000000,-0.000012,0.000000,0.000000,-0.000180,0.000036,nan,3.608680,-34.910100,17.602700,1.312230,0.234121,1.189070,nan,-0.444224,0.555287,-0.731441,-1.955165,-2.490269,2.375959,0.646517,-0.000735,-0.000430,0.001089,0.000171,-0.000266,-0.001020,0.000977,0.344288,-34.817173,-11.089982,18.244087,-0.373647,-1.656871,-0.013686
1750016732.748311,0.974602,0.352972,0.275905,-0.207641,0.209582,0.716928,nan,-0.000311,0.000000,0.000000,0.000000,0.000000,0.000000,nan,3.331050,-34.297000,17.674600,1.355350,0.226569,1.225360,nan,-0.444224,0.555289,-0.731448,-1.955157,-2.490260,2.375962,0.646514,-0.001580,0.001898,-0.001196,0.001742,0.001174,-0.000586,-0.000564,0.391895,-34.840977,-10.990800,18.168709,-0.400197,-1.656871,0.012865
1750016732.782167,0.974590,0.352960,0.275905,-0.207641,0.209582,0.716928,nan,0.000048,-0.000024,0.000000,0.000000,-0.000443,0.000311,nan,3.605430,-33.725200,17.692500,1.356800,0.229546,1.184870,nan,-0.444221,0.555288,-0.731442,-1.955160,-2.490266,2.375964,0.646512,-0.000889,-0.000138,0.001598,0.000932,-0.000015,0.000410,-0.000443,0.344288,-34.817173,-11.038407,18.168709,-0.387380,-1.670604,0.026598
1750016732.816550,0.974578,0.352984,0.275905,-0.207641,0.209582,0.716928,nan,0.000000,0.000000,0.000000,0.000000,0.000000,0.000000,nan,3.908280,-34.820500,17.782300,1.362550,0.219355,1.186550,nan,-0.444224,0.555286,-0.731447,-1.955164,-2.490262,2.375960,0.646516,-0.000661,-0.000330,-0.001543,-0.001165,0.000201,-0.000439,0.000737,0.391895,-34.793369,-11.014604,18.220284,-0.387380,-1.670604,-0.007277
1750016732.850505,0.974590,0.352984,0.275929,-0.207629,0.209570,0.716928,nan,0.000000,-0.000024,0.000000,0.000000,-0.000479,0.000000,nan,3.608890,-34.772100,16.973800,1.333810,0.252879,1.185110,nan,-0.444225,0.555282,-0.731445,-1.955161,-2.490263,2.375964,0.646504,-0.000297,-0.001255,0.001301,-0.000109,0.001112,0.000334,-0.001394,0.368091,-34.741795,-11.038407,18.196480,-0.373647,-1.664195,0.053148
1750016732.884299,0.974578,0.352984,0.275917,-0.207629,0.209570,0.716928,nan,0.000000,0.000144,0.000000,0.000000,0.000000,0.000000,nan,3.908470,-34.746700,17.512800,1.341010,0.240874,1.183680,nan,-0.444223,0.555286,-0.731445,-1.955163,-2.490262,2.375960,0.646516,0.000522,-0.000663,-0.000776,-0.000371,-0.000278,-0.000909,0.001704,0.368091,-34.793369,-11.038407,18.220284,-0.373647,-1.670604,-0.020094
1750016732.918140,0.974602,0.352972,0.275917,-0.207629,0.209570,0.716928,nan,0.000000,0.000000,0.000000,0.000000,-0.000407,0.000000,nan,3.309650,-34.137700,17.584600,1.346770,0.239177,1.182240,nan,-0.444225,0.555290,-0.731443,-1.955161,-2.490260,2.375959,0.646511,-0.001920,0.001428,0.000985,0.000932,-0.001643,0.000444,-0.000080,0.368091,-34.817173,-11.066178,18.220284,-0.360830,-1.664195,-0.000868
1750016732.952534,0.974590,0.352972,0.275917,-0.207629,0.209570,0.716928,nan,0.000000,0.000335,0.000000,-0.000012,0.000048,-0.000467,nan,3.609170,-34.178000,17.602500,1.348330,0.233169,1.185470,nan,-0.444221,0.555288,-0.731450,-1.955162,-2.490259,2.375961,0.646511,0.001036,0.000120,-0.000489,0.000822,-0.000207,-0.000053,-0.000848,0.344288,-34.817173,-11.014604,18.196480,-0.373647,-1.677013,-0.007277
1750016732.986504,0.974590,0.352972,0.275929,-0.207629,0.209570,0.716928,nan,0.000000,0.000000,0.000000,0.000000,0.000000,0.000000,nan,3.609230,-34.661200,17.243200,1.353970,0.227884,1.179360,nan,-0.444223,0.555288,-0.731444,-1.955161,-2.490256,2.375963,0.646502,0.000910,0.000526,0.001552,0.000876,-0.000851,0.000160,-0.001352,0.368091,-34.817173,-11.089982,18.220284,-0.367238,-1.664195,0.026598
1750016733.020311,0.974590,0.352972,0.275917,-0.207617,0.209570,0.716928,nan,0.000000,0.000000,0.000132,0.000000,0.000000,0.000000,nan,3.609320,-34.046700,17.770300,1.325230,0.222113,1.177930,nan,-0.444223,0.555284,-0.731451,-1.955167,-2.490259,2.375963,0.646503,0.000726,0.000278,-0.000697,-0.001642,-0.002478,-0.000609,-0.000154,0.368091,-34.765598,-10.990800,18.267891,-0.400197,-1.656871,0.012865
1750016733.054205,0.974590,0.352996,0.275905,-0.207617,0.209570,0.716940,nan,0.000000,0.000000,0.000000,0.000000,0.000000,0.000000,nan,3.609390,-35.184600,18.303100,1.330990,0.216340,1.140550,nan,-0.444223,0.555286,-0.731451,-1.955164,-2.490252,2.375964,0.646502,-0.000161,-0.000386,0.000357,-0.001317,0.001208,0.000360,-0.001187,0.368091,-34.793369,-11.038407,18.267891,-0.387380,-1.670604,0.026598
1750016733.088578,0.974602,0.352984,0.275917,-0.207617,0.209558,0.716928,nan,0.000000,0.000000,0.000000,0.000000,0.000000,-0.000012,nan,3.309960,-34.547400,17.925800,1.338180,0.245082,1.173730,nan,-0.444224,0.555288,-0.731450,-1.955161,-2.490253,2.375962,0.646502,-0.000213,0.000978,-0.000272,-0.000495,-0.000015,-0.000835,-0.001907,0.368091,-34.817173,-11.014604,18.220284,-0.380971,-1.664195,0.019273
1750016733.122399,0.974602,0.352984,0.275917,-0.207617,0.209558,0.716928,nan,0.000000,0.000000,0.000000,0.000000,0.000000,-0.000012,nan,3.309970,-34.547400,17.925800,1.338180,0.245080,1.173730,nan,-0.444223,0.555282,-0.731451,-1.955167,-2.490254,2.375964,0.646503,0.000050,-0.000489,0.000389,-0.001196,0.000149,0.000008,-0.001293,0.368091,-34.741795,-10.990800,18.267891,-0.373647,-1.664195,-0.020094
1750016733.156508,0.974590,0.352984,0.275929,-0.207617,0.209546,0.716916,nan,0.000000,-0.000024,0.000000,0.000000,0.000036,0.000000,nan,3.609500,-34.499000,17.548500,1.345370,0.273454,1.209550,nan,-0.444223,0.555287,-0.731449,-1.955165,-2.490252,2.375964,0.646500,0.001321,-0.000200,-0.000102,-0.001291,-0.000322,0.001011,-0.000663,0.344288,-34.817173,-11.066178,18.267891,-0.380971,-1.664195,-0.020094
1750016733.190477,0.974590,0.352984,0.275929,-0.207605,0.209546,0.716940,nan,0.000000,0.000000,0.000000,0.000000,0.000000,0.000000,nan,3.609530,-34.456300,17.620300,1.313750,0.268055,1.170740,nan,-0.444226,0.555284,-0.731446,-1.955163,-2.490252,2.375959,0.646500,-0.000498,-0.000088,0.000326,-0.000907,-0.000972,-0.001000,0.002848,0.391895,-34.765598,-11.066178,18.244087,-0.387380,-1.650462,0.006456
1750016733.224207,0.974590,0.352996,0.275929,-0.207605,0.209546,0.716928,nan,0.000000,0.000000,0.000000,0.000000,0.000000,0.000000,nan,3.609560,-35.025300,17.692200,1.319510,0.262297,1.169300,nan,-0.444225,0.555287,-0.731450,-1.955160,-2.490252,2.375965,0.646502,-0.002100,0.001317,0.000345,0.000589,-0.000187,0.001633,0.002727,0.391895,-34.817173,-11.038407,18.220284,-0.387380,-1.670604,-0.013686
1750016733.258433,0.974590,0.352984,0.275929,-0.207605,0.209558,0.716916,nan,0.000000,0.000000,0.000000,0.000060,0.000000,0.000000,nan,3.609580,-35.002500,17.764000,1.324660,0.220606,1.205240,nan,-0.444223,0.555286,-0.731449,-1.955161,-2.490254,2.375965,0.646494,-0.000580,-0.000334,-0.001009,0.001021,-0.001249,0.000257,-0.001212,0.368091,-34.793369,-11.038407,18.220284,-0.373647,-1.670604,0.019273
1750016733.292567,0.974590,0.352984,0.275941,-0.207605,0.209558,0.716904,nan,0.000000,0.000000,0.000000,0.000000,0.000000,0.000000,nan,3.609590,-34.388100,17.350800,1.328130,0.217730,1.239730,nan,-0.444224,0.555284,-0.731453,-1.955158,-2.490253,2.375964,0.646495,0.000317,0.000647,0.000807,0.001158,-0.000419,0.001017,-0.000318,0.391895,-34.765598,-11.014604,18.220284,-0.380971,-1.664195,0.006456
1750016733.339451,0.974590,0.352984,0.275929,-0.207605,0.209546,0.716916,nan,0.000000,0.000000,0.000000,0.000000,0.000000,0.000000,nan,3.310220,-34.342600,17.907700,1.333890,0.250767,1.200920,nan,-0.444226,0.555280,-0.731449,-1.955165,-2.490251,2.375965,0.646498,-0.002041,-0.002036,-0.000137,-0.000765,0.000725,0.001228,0.001707,0.368091,-34.714024,-11.066178,18.267891,-0.387380,-1.670604,-0.027419
1750016733.372694,0.974590,0.352996,0.275941,-0.207593,0.209546,0.716928,nan,0.000000,0.000000,-0.000048,0.000000,0.000000,0.000000,nan,3.609750,-34.911500,17.516700,1.302280,0.244995,1.162120,nan,-0.444225,0.555289,-0.731455,-1.955161,-2.490248,2.375959,0.646494,0.000254,0.001186,-0.000060,-0.000486,0.000235,-0.002155,0.000396,0.368091,-34.840977,-11.014604,18.220284,-0.387380,-1.656871,0.012865
1750016733.405907,0.974590,0.352996,0.275941,-0.207593,0.209534,0.716916,nan,0.000000,0.000168,0.000000,-0.000311,0.000000,0.000000,nan,3.609810,-35.455100,17.566300,1.309710,0.275165,1.198050,nan,-0.444223,0.555286,-0.731454,-1.955161,-2.490251,2.375960,0.646497,0.000764,0.000542,-0.000109,0.000039,0.000530,0.000162,0.001426,0.368091,-34.793369,-11.038407,18.220284,-0.380971,-1.656871,-0.047560
1750016733.439713,0.974590,0.352996,0.275941,-0.207593,0.209546,0.716916,nan,0.000000,0.000000,0.000000,0.000000,0.000000,-0.000036,nan,3.609850,-34.843200,17.638200,1.310920,0.234904,1.196970,nan,-0.444221,0.555282,-0.731453,-1.955163,-2.490251,2.375965,0.646494,0.000416,-0.000956,-0.001599,-0.000409,-0.000214,0.000080,0.000554,0.344288,-34.741795,-11.038407,18.244087,-0.387380,-1.670604,-0.033827
1750016733.473107,0.974590,0.352996,0.275953,-0.207593,0.209546,0.716928,nan,0.000000,0.000000,0.000000,0.000000,-0.000527,0.000000,nan,3.609880,-34.843200,17.189000,1.310920,0.238729,1.159240,nan,-0.444223,0.555286,-0.731452,-1.955163,-2.490244,2.375965,0.646499,-0.000504,0.000001,-0.000238,-0.000722,0.001108,0.000871,0.002258,0.368091,-34.793369,-11.066178,18.244087,-0.380971,-1.670604,-0.066786
1750016733.506447,0.974590,0.352996,0.275941,-0.207593,0.209546,0.716916,nan,0.000000,0.000000,0.000000,0.000000,0.000000,0.000000,nan,3.609940,-34.820500,17.692000,1.313810,0.230563,1.195180,nan,-0.444223,0.555286,-0.731454,-1.955160,-2.490252,2.375963,0.646492,-0.000066,-0.001435,-0.000615,-0.000384,-0.002421,0.000212,0.000608,0.368091,-34.793369,-11.038407,18.196480,-0.373647,-1.664195,-0.033827
1750016733.539520,0.974578,0.352984,0.275953,-0.207593,0.209546,0.716916,nan,0.000000,0.000000,0.000216,0.000000,0.000000,0.000000,nan,3.909420,-34.206000,17.295300,1.318120,0.226242,1.195180,nan,-0.444225,0.555284,-0.731458,-1.955163,-2.490248,2.375965,0.646483,-0.000274,0.000239,-0.000400,0.000116,-0.000462,0.001146,-0.000710,0.391895,-34.765598,-10.990800,18.244087,-0.387380,-1.670604,0.033006
1750016733.572683,0.974590,0.352996,0.275965,-0.207605,0.209546,0.716928,nan,0.000000,0.000000,0.000000,0.000000,0.000000,0.000036,nan,3.609980,-34.775000,16.919400,1.321000,0.220484,1.154570,nan,-0.444223,0.555284,-0.731454,-1.955163,-2.490247,2.375964,0.646488,-0.000821,-0.000283,-0.000739,-0.001694,0.001049,-0.000648,0.000383,0.368091,-34.765598,-11.038407,18.244087,-0.393789,-1.670604,-0.007277
1750016733.606495,0.974590,0.352996,0.275941,-0.207593,0.209546,0.716916,nan,0.000000,0.000000,0.000000,0.000000,-0.000455,0.000000,nan,3.610030,-34.752200,17.871600,1.323880,0.220705,1.190860,nan,-0.444226,0.555287,-0.731452,-1.955162,-2.490248,2.375961,0.646484,-0.001003,0.000709,0.000297,-0.000055,-0.001043,-0.000352,-0.001459,0.368091,-34.817173,-11.066178,18.244087,-0.380971,-1.650462,0.019273
1750016733.639629,0.974590,0.352996,0.275941,-0.207593,0.209546,0.716916,nan,0.000000,0.000000,0.000000,0.000000,-0.000455,0.000000,nan,3.610030,-34.752200,17.871600,1.323880,0.220705,1.190860,nan,-0.444223,0.555288,-0.731453,-1.955160,-2.490246,2.375964,0.646486,0.000100,0.000345,0.001480,0.000513,0.000748,-0.000271,-0.001854,0.368091,-34.817173,-11.066178,18.244087,-0.400197,-1.664195,-0.027419
1750016733.672862,0.974590,0.352984,0.275941,-0.207593,0.209534,0.716904,nan,0.000000,0.000000,0.000000,0.000000,0.000000,0.000000,nan,3.610070,-34.115000,17.925500,1.328200,0.246320,1.225360,nan,-0.444222,0.555286,-0.731455,-1.955162,-2.490244,2.375965,0.646483,-0.000011,0.000644,0.000372,-0.000519,-0.000076,0.000577,-0.000059,0.344288,-34.793369,-11.066178,18.244087,-0.413015,-1.670604,0.026598
1750016733.706125,0.974590,0.352984,0.275965,-0.207593,0.209534,0.716904,nan,0.000000,0.000000,0.000000,0.000000,0.000000,0.000000,nan,3.610110,-34.092200,17.530200,1.367020,0.241992,1.223920,nan,-0.444223,0.555286,-0.731459,-1.955159,-2.490247,2.375963,0.646488,-0.000004,-0.000881,-0.001284,0.000408,0.000155,-0.000556,0.001289,0.368091,-34.793369,-11.014604,18.196480,-0.393789,-1.656871,-0.013686
1750016733.739786,0.974590,0.352996,0.275953,-0.207593,0.209522,0.716916,nan,0.000000,0.000000,0.000000,0.000000,0.000000,0.000036,nan,3.610140,-34.661200,17.584100,1.333970,0.273602,1.184750,nan,-0.444226,0.555284,-0.731457,-1.955156,-2.490247,2.375961,0.646480,-0.001428,-0.001320,0.000649,0.001192,0.000582,-0.000791,-0.001566,0.391895,-34.765598,-11.038407,18.168709,-0.393789,-1.664195,0.019273
1750016733.772924,0.974578,0.352984,0.275965,-0.207593,0.209534,0.716928,nan,0.000000,0.000000,0.000084,-0.000012,0.000000,0.000000,nan,3.909640,-34.046700,17.199200,1.336970,0.233334,1.147740,nan,-0.444223,0.555286,-0.731460,-1.955159,-2.490246,2.375964,0.646484,-0.000463,-0.000486,-0.000155,0.000647,-0.000500,0.000106,0.000458,0.344288,-34.793369,-11.038407,18.196480,-0.400197,-1.664195,-0.000868
1750016733.806126,0.974602,0.353008,0.275941,-0.207605,0.209522,0.716916,nan,0.000000,0.000000,0.000252,0.000000,0.000000,0.000000,nan,3.310740,-35.184600,18.118400,1.339730,0.227579,1.183680,nan,-0.444227,0.555284,-0.731459,-1.955163,-2.490247,2.375964,0.646482,-0.002400,-0.000322,-0.000128,-0.000315,0.000434,0.000477,-0.000631,0.391895,-34.765598,-11.014604,18.244087,-0.387380,-1.664195,-0.000868
1750016733.839818,0.974602,0.352996,0.275965,-0.207593,0.209534,0.716916,nan,-0.000012,0.000000,0.000000,0.000000,0.000000,0.000000,nan,3.299610,-34.615700,17.242700,1.341170,0.227576,1.183680,nan,-0.444223,0.555287,-0.731459,-1.955156,-2.490245,2.375960,0.646485,0.000133,0.000844,-0.000925,0.000914,-0.001055,-0.001058,0.000943,0.368091,-34.817173,-11.066178,18.196480,-0.406606,-1.644054,-0.027419
1750016733.872962,0.974590,0.352996,0.275953,-0.207593,0.209546,0.716916,nan,0.000216,0.000000,0.000551,0.000000,0.000000,0.000000,nan,3.595120,-34.592900,17.696200,1.345480,0.185887,1.182240,nan,-0.444223,0.555286,-0.731460,-1.955163,-2.490244,2.375959,0.646481,-0.000133,0.000020,-0.001352,0.000817,0.000566,-0.001279,-0.001036,0.368091,-34.793369,-11.038407,18.244087,-0.387380,-1.650462,0.006456
1750016733.906073,0.974590,0.352996,0.275953,-0.207581,0.209534,0.716928,nan,0.000599,0.000000,0.000000,0.000000,0.000000,0.000000,nan,3.568310,-34.570100,17.781700,1.313860,0.218937,1.143430,nan,-0.444221,0.555283,-0.731460,-1.955157,-2.490245,2.375963,0.646484,0.000452,-0.000464,-0.001522,0.001050,0.000167,-0.000140,0.000139,0.344288,-34.765598,-11.038407,18.196480,-0.400197,-1.656871,-0.020094
1750016733.939780,0.974590,0.352996,0.275965,-0.207581,0.209522,0.716916,nan,0.000216,0.000000,0.000000,0.000000,0.000000,0.000180,nan,3.595150,-34.547400,17.368400,1.318180,0.249115,1.179000,nan,-0.444224,0.555283,-0.731457,-1.955164,-2.490244,2.375963,0.646478,-0.000837,-0.001065,0.001772,-0.001109,0.000749,0.000368,-0.001282,0.391895,-34.765598,-11.089982,18.267891,-0.393789,-1.656871,0.019273
1750016733.973015,0.974590,0.352996,0.275953,-0.207581,0.209522,0.716928,nan,0.000000,0.000000,0.000000,0.000000,0.000000,0.000000,nan,3.598290,-34.524600,17.853500,1.322490,0.244789,1.141990,nan,-0.444224,0.555288,-0.731458,-1.955162,-2.490247,2.375964,0.646481,0.000613,0.000600,0.000352,-0.000991,0.000277,0.000481,0.001471,0.391895,-34.817173,-11.066178,18.267891,-0.387380,-1.664195,-0.033827
1750016734.006625,0.974602,0.352996,0.275941,-0.207593,0.209522,0.716904,nan,0.000216,0.000000,-0.000024,0.000000,0.000000,0.000000,nan,3.295720,-34.524600,18.322800,1.358430,0.244788,1.215300,nan,-0.444220,0.555289,-0.731463,-1.955163,-2.490247,2.375965,0.646477,0.001668,0.000362,-0.001089,0.000231,0.000004,0.000545,-0.001380,0.316517,-34.840977,-11.014604,18.244087,-0.393789,-1.670604,0.012865
1750016734.040106,0.974602,0.352996,0.275965,-0.207581,0.209522,0.716916,nan,0.000000,0.000000,0.000000,-0.000012,0.000000,0.000000,nan,3.598310,-34.501900,17.458200,1.326930,0.239033,1.177930,nan,-0.444227,0.555282,-0.731461,-1.955159,-2.490243,2.375964,0.646483,-0.001287,-0.000855,-0.001072,-0.000604,-0.000533,0.000261,0.000863,0.391895,-34.741795,-11.038407,18.244087,-0.400197,-1.664195,-0.020094
1750016734.074388,0.974590,0.352996,0.275953,-0.207581,0.209534,0.716928,nan,0.000000,0.000000,0.000000,0.000000,-0.000036,0.000000,nan,3.598310,-34.479100,17.943300,1.329690,0.199139,1.139120,nan,-0.444224,0.555284,-0.731457,-1.955158,-2.490247,2.375963,0.646479,-0.001035,-0.000745,0.000623,0.000523,-0.001625,0.000473,-0.001510,0.391895,-34.765598,-11.089982,18.196480,-0.387380,-1.656871,-0.020094
1750016734.108156,0.974578,0.352996,0.275965,-0.207581,0.209522,0.716916,nan,0.000000,0.000144,0.000012,-0.000072,0.000000,0.000012,nan,3.897790,-34.473600,17.529000,1.334720,0.231829,1.174930,nan,-0.444225,0.555288,-0.731464,-1.955158,-2.490248,2.375963,0.646476,-0.000440,0.000202,-0.000146,-0.000117,0.000049,0.000446,-0.001035,0.368091,-34.817173,-10.990800,18.220284,-0.413015,-1.656871,0.006456
1750016734.142385,0.974590,0.352996,0.275977,-0.207581,0.209522,0.716916,nan,0.000000,-0.000204,0.000599,0.000000,-0.000647,0.000120,nan,3.598350,-34.431900,17.080900,1.336880,0.233980,1.172420,nan,-0.444225,0.555282,-0.731461,-1.955154,-2.490247,2.375963,0.646478,-0.000404,-0.000554,-0.000970,0.000479,-0.001316,0.000099,0.000002,0.368091,-34.741795,-11.038407,18.168709,-0.387380,-1.656871,-0.007277
1750016734.176196,0.974602,0.352996,0.275965,-0.207581,0.209510,0.716928,nan,0.000000,0.000000,0.000000,0.000000,0.000000,0.000000,nan,3.298900,-34.433600,17.601900,1.339760,0.262008,1.134810,nan,-0.444222,0.555285,-0.731462,-1.955163,-2.490244,2.375965,0.646477,-0.000150,-0.000243,0.000728,-0.001382,-0.000443,0.000267,-0.000693,0.344288,-34.793369,-11.038407,18.291695,-0.413015,-1.670604,-0.000868
1750016734.210590,0.974590,0.352996,0.275965,-0.207581,0.209522,0.716928,nan,0.000000,0.000000,0.000000,0.000000,0.000000,0.000407,nan,3.598360,-34.433600,17.619900,1.339760,0.224630,1.130730,nan,-0.444223,0.555282,-0.731463,-1.955157,-2.490245,2.375964,0.646477,0.000284,-0.001678,-0.000243,0.000440,-0.000329,0.000318,-0.000938,0.344288,-34.741795,-11.014604,18.220284,-0.406606,-1.664195,-0.000868
1750016734.244357,0.974590,0.352996,0.275965,-0.207557,0.209522,0.716904,nan,0.000000,0.000000,0.000000,0.000000,0.000000,0.000000,nan,3.598370,-34.410800,17.637800,1.308140,0.220313,1.206670,nan,-0.444221,0.555284,-0.731464,-1.955159,-2.490246,2.375963,0.646474,0.001236,-0.000456,-0.001337,-0.001317,-0.000994,-0.000199,-0.002521,0.344288,-34.765598,-11.038407,18.244087,-0.400197,-1.656871,0.026598
1750016734.278273,0.974590,0.353008,0.275965,-0.207569,0.209510,0.716928,nan,0.000000,0.000599,0.000000,-0.000012,0.000000,0.000000,nan,3.598380,-35.028900,17.673800,1.312570,0.251927,1.130490,nan,-0.444225,0.555284,-0.731466,-1.955159,-2.490243,2.375963,0.646479,-0.001121,-0.000165,-0.000591,-0.000346,0.001157,-0.000275,0.000000,0.368091,-34.765598,-11.014604,18.244087,-0.426748,-1.656871,-0.013686
1750016734.312685,0.974590,0.352996,0.275965,-0.207581,0.209510,0.716904,nan,0.000000,0.000000,0.000000,0.000359,0.000000,0.000000,nan,3.598390,-34.388100,17.709700,1.347670,0.247611,1.200920,nan,-0.444223,0.555282,-0.731457,-1.955159,-2.490245,2.375961,0.646470,0.000220,-0.000743,0.001314,-0.001260,0.000700,-0.000720,-0.001904,0.368091,-34.741795,-11.089982,18.244087,-0.406606,-1.637645,0.026598
1750016734.346639,0.974602,0.352996,0.275977,-0.207581,0.209510,0.716916,nan,0.000000,0.000156,0.000000,0.000000,0.000000,0.000000,nan,3.298930,-34.384000,17.296500,1.354140,0.244734,1.164990,nan,-0.444221,0.555286,-0.731461,-1.955161,-2.490244,2.375963,0.646476,0.001366,-0.000213,0.001211,-0.000314,-0.000058,-0.000525,-0.000153,0.316517,-34.793369,-11.038407,18.267891,-0.413015,-1.656871,0.006456
1750016734.380335,0.974602,0.352996,0.275977,-0.207569,0.209510,0.716892,nan,0.000000,0.000000,0.000000,-0.000012,-0.000240,-0.000299,nan,3.298940,-34.365300,17.296500,1.319770,0.247124,1.238420,nan,-0.444226,0.555284,-0.731460,-1.955153,-2.490245,2.375962,0.646481,-0.000762,-0.000398,0.001382,0.001324,-0.000827,-0.000277,0.000974,0.368091,-34.765598,-11.089982,18.168709,-0.406606,-1.650462,-0.040236
1750016734.414141,0.974578,0.353008,0.275965,-0.207569,0.209510,0.716904,nan,0.000000,0.000024,0.000000,-0.000156,0.000000,0.000000,nan,3.897860,-34.937100,17.781600,1.324080,0.240405,1.199490,nan,-0.444225,0.555288,-0.731462,-1.955156,-2.490244,2.375963,0.646476,-0.001059,-0.000235,0.000153,0.000806,-0.000375,0.000187,-0.000969,0.368091,-34.817173,-11.038407,18.196480,-0.420339,-1.656871,0.006456
1750016734.448459,0.974590,0.352996,0.275965,-0.207557,0.209510,0.716904,nan,0.000000,0.000000,-0.000060,0.000000,0.000024,-0.000060,nan,3.598420,-34.342600,17.822900,1.288030,0.235850,1.198650,nan,-0.444224,0.555282,-0.731461,-1.955158,-2.490245,2.375962,0.646472,-0.000210,-0.001108,0.001044,-0.000689,-0.000052,-0.000548,-0.000717,0.368091,-34.765598,-11.038407,18.220284,-0.400197,-1.644054,0.012865
1750016734.482329,0.974590,0.352996,0.275965,-0.207569,0.209498,0.716916,nan,0.000000,0.000000,0.000000,0.000000,-0.000144,0.000000,nan,3.598440,-34.319800,17.835500,1.329720,0.272021,1.160680,nan,-0.444223,0.555289,-0.731459,-1.955158,-2.490244,2.375962,0.646482,-0.000057,0.001737,0.000987,0.000919,-0.000137,-0.000486,-0.000349,0.368091,-34.840977,-11.066178,18.220284,-0.420339,-1.650462,-0.040236
1750016734.516174,0.974602,0.353008,0.275977,-0.207569,0.209510,0.716916,nan,0.000000,0.000000,0.000000,0.000000,-0.000431,0.000036,nan,3.298990,-34.888800,17.422200,1.332590,0.233211,1.158880,nan,-0.444218,0.555286,-0.731458,-1.955158,-2.490245,2.375964,0.646477,0.001174,-0.000071,0.001320,-0.000220,0.000030,0.000143,-0.000139,0.292713,-34.793369,-11.117753,18.220284,-0.420339,-1.656871,-0.027419
1750016734.550439,0.974590,0.352996,0.275965,-0.207569,0.209498,0.716916,nan,-0.000024,0.000000,0.000000,0.000000,0.000000,0.000000,nan,3.600110,-34.319800,17.871400,1.332590,0.266270,1.159240,nan,-0.444228,0.555288,-0.731460,-1.955161,-2.490246,2.375963,0.646476,-0.002086,0.000736,0.002245,-0.001052,-0.000748,0.000679,-0.000627,0.368091,-34.817173,-11.089982,18.267891,-0.400197,-1.644054,-0.027419
1750016734.584148,0.974602,0.353008,0.275977,-0.207557,0.209498,0.716916,nan,0.000000,0.000000,0.000323,-0.000048,0.000000,0.000000,nan,3.298980,-34.866000,17.411100,1.298580,0.263391,1.159240,nan,-0.444223,0.555286,-0.731464,-1.955157,-2.490244,2.375962,0.646479,0.000771,0.001324,-0.000120,0.000001,0.000628,-0.000644,0.002427,0.344288,-34.793369,-11.038407,18.244087,-0.420339,-1.650462,-0.040236
1750016734.618456,0.974590,0.352996,0.275977,-0.207569,0.209510,0.716916,nan,0.000000,0.000000,0.000000,0.000000,0.000000,0.000000,nan,3.598440,-34.297000,17.476100,1.336910,0.261949,1.157800,nan,-0.444223,0.555284,-0.731464,-1.955156,-2.490242,2.375963,0.646475,0.000331,-0.000001,0.000163,0.000815,0.002222,0.000765,-0.000441,0.344288,-34.793369,-11.038407,18.196480,-0.433156,-1.656871,0.012865
1750016734.652181,0.974590,0.352984,0.275977,-0.207557,0.209498,0.716916,nan,0.000000,0.000000,0.000252,0.000611,-0.000120,0.000000,nan,3.586460,-33.682600,17.489400,1.297740,0.260269,1.156370,nan,-0.444224,0.555284,-0.731462,-1.955157,-2.490244,2.375964,0.646473,-0.000425,-0.000573,0.000098,-0.000005,-0.000349,0.000290,-0.000207,0.344288,-34.765598,-11.066178,18.220284,-0.420339,-1.664195,-0.000868
1750016734.686768,0.974602,0.353008,0.275965,-0.207569,0.209510,0.716904,nan,0.000000,0.000000,0.000000,0.000000,0.000000,0.000000,nan,3.287010,-34.843200,17.979200,1.342660,0.218824,1.190860,nan,-0.444224,0.555284,-0.731461,-1.955158,-2.490244,2.375962,0.646480,0.000455,0.000142,0.000473,-0.000384,0.000836,-0.000490,0.000713,0.344288,-34.793369,-11.066178,18.220284,-0.413015,-1.650462,-0.027419
1750016734.720192,0.974590,0.353008,0.275989,-0.207569,0.209498,0.716916,nan,0.000000,0.000000,-0.000168,0.000000,0.000000,0.000000,nan,3.586460,-34.820500,17.095900,1.345530,0.254758,1.154930,nan,-0.444224,0.555284,-0.731462,-1.955161,-2.490242,2.375963,0.646478,-0.000110,-0.000127,0.001071,-0.000785,0.000001,0.000170,0.000921,0.344288,-34.765598,-11.066178,18.267891,-0.406606,-1.650462,-0.007277
1750016734.754403,0.974602,0.353020,0.275977,-0.207557,0.209498,0.716916,nan,0.000000,0.000240,0.000072,0.000000,0.000000,-0.000216,nan,3.287010,-35.418200,17.559500,1.345540,0.253317,1.155650,nan,-0.444222,0.555288,-0.731460,-1.955156,-2.490245,2.375962,0.646470,0.000668,0.001478,0.000770,-0.001111,-0.000667,-0.000595,-0.000743,0.316517,-34.817173,-11.089982,18.196480,-0.406606,-1.644054,0.019273
1750016734.788116,0.974590,0.352996,0.275977,-0.207569,0.209510,0.716904,nan,0.000000,0.000000,0.000000,0.000000,-0.000635,0.000000,nan,3.586460,-34.251500,17.583900,1.346980,0.219417,1.189430,nan,-0.444222,0.555284,-0.731463,-1.955159,-2.490241,2.375961,0.646472,0.000870,-0.000349,-0.000086,-0.000156,0.000999,-0.000545,-0.002324,0.316517,-34.793369,-11.066178,18.267891,-0.413015,-1.637645,0.006456
1750016734.822366,0.974578,0.353008,0.276001,-0.207569,0.209510,0.716904,nan,0.000000,0.000048,0.000180,0.000000,0.000000,0.000000,nan,3.885930,-34.826200,16.687300,1.349850,0.211628,1.187990,nan,-0.444222,0.555285,-0.731462,-1.955154,-2.490244,2.375962,0.646474,0.000158,-0.000706,0.000417,0.001124,0.001043,0.000644,-0.001279,0.316517,-34.817173,-11.066178,18.220284,-0.420339,-1.650462,-0.013686
1750016734.856800,0.974590,0.352996,0.275977,-0.207569,0.209498,0.716904,nan,0.000000,0.000000,0.000000,0.000000,0.000036,-0.000395,nan,3.586470,-34.228800,17.637800,1.315360,0.245764,1.190500,nan,-0.444222,0.555286,-0.731460,-1.955155,-2.490243,2.375962,0.646469,0.000693,-0.000015,0.000744,-0.000401,0.001135,-0.000498,-0.002445,0.316517,-34.793369,-11.089982,18.196480,-0.426748,-1.644054,0.026598
1750016734.890261,0.974578,0.353008,0.275977,-0.207557,0.209510,0.716904,nan,0.000000,0.000000,0.000000,0.000000,0.000000,0.000000,nan,3.885930,-34.797700,17.655800,1.316790,0.207313,1.186550,nan,-0.444222,0.555284,-0.731466,-1.955155,-2.490245,2.375962,0.646474,-0.000028,-0.002241,-0.000127,0.000296,0.000316,-0.001242,-0.000240,0.316517,-34.765598,-11.038407,18.220284,-0.420339,-1.644054,-0.013686
1750016734.924009,0.974590,0.353008,0.275977,-0.207557,0.209498,0.716904,nan,0.000000,0.000000,0.000000,-0.000036,-0.000563,0.000000,nan,3.586480,-34.797700,17.655800,1.317150,0.248876,1.186550,nan,-0.444222,0.555281,-0.731464,-1.955155,-2.490246,2.375961,0.646473,-0.000312,-0.000345,-0.000678,0.000861,0.000776,-0.001053,-0.000863,0.316517,-34.765598,-11.038407,18.196480,-0.420339,-1.637645,-0.007277
1750016734.958554,0.974602,0.353008,0.275977,-0.207545,0.209498,0.716904,nan,0.000000,0.000000,-0.000443,0.000000,0.000000,0.000000,nan,3.287020,-34.797700,17.713600,1.283740,0.241807,1.185110,nan,-0.444224,0.555287,-0.731460,-1.955154,-2.490242,2.375963,0.646474,-0.000669,0.001362,0.002233,0.000980,-0.001045,0.001415,0.000061,0.344288,-34.793369,-11.089982,18.220284,-0.433156,-1.656871,-0.027419
1750016734.992418,0.974590,0.352996,0.275989,-0.207557,0.209510,0.716916,nan,0.000000,0.000000,0.000000,0.000036,0.000000,0.000000,nan,3.586480,-34.206000,17.242500,1.320750,0.201559,1.147740,nan,-0.444226,0.555288,-0.731464,-1.955158,-2.490246,2.375963,0.646472,0.000071,0.000810,0.000631,-0.000652,-0.001653,-0.000156,-0.000039,0.368091,-34.817173,-11.038407,18.267891,-0.400197,-1.656871,-0.000868
1750016735.039590,0.974602,0.353020,0.275989,-0.207545,0.209498,0.716904,nan,0.000000,0.000000,0.000000,0.000000,-0.000323,-0.000275,nan,3.287020,-35.343900,17.278400,1.289490,0.236413,1.184990,nan,-0.444222,0.555284,-0.731466,-1.955153,-2.490245,2.375966,0.646477,0.000952,-0.000788,-0.001080,0.000352,0.000317,-0.000067,0.000491,0.316517,-34.765598,-11.014604,18.196480,-0.406606,-1.644054,-0.040236
1750016735.072943,0.974602,0.353020,0.275989,-0.207557,0.209510,0.716904,nan,0.000000,0.000096,0.000000,0.000000,0.000000,0.000000,nan,3.287030,-35.332700,17.296400,1.325420,0.195805,1.182240,nan,-0.444225,0.555282,-0.731468,-1.955158,-2.490245,2.375965,0.646474,-0.000429,-0.000441,-0.000592,-0.000768,-0.000930,-0.001160,0.000547,0.368091,-34.741795,-11.014604,18.244087,-0.413015,-1.637645,-0.013686
1750016735.106139,0.974590,0.352996,0.275977,-0.207545,0.209498,0.716904,nan,-0.000275,0.000120,-0.000275,0.000000,0.000000,0.000000,nan,3.605780,-34.197600,17.806300,1.290930,0.230299,1.182240,nan,-0.444222,0.555283,-0.731464,-1.955156,-2.490248,2.375966,0.646471,0.000221,-0.000264,-0.001039,0.001780,-0.001961,0.000021,-0.000410,0.316517,-34.765598,-11.038407,18.244087,-0.413015,-1.644054,0.012865
1750016735.139394,0.974602,0.352996,0.275977,-0.207545,0.209498,0.716916,nan,0.000024,0.000000,0.000000,0.000000,0.000012,0.000000,nan,3.285360,-34.183200,17.799500,1.292360,0.227302,1.146300,nan,-0.444224,0.555286,-0.731462,-1.955154,-2.490245,2.375966,0.646477,-0.000435,0.000576,0.000072,-0.000374,-0.000839,0.001528,0.000274,0.344288,-34.817173,-11.066178,18.220284,-0.406606,-1.637645,-0.040236
1750016735.172710,0.974590,0.353020,0.275977,-0.207557,0.209510,0.716904,nan,0.000024,0.000000,0.000000,0.000000,0.000000,0.000000,nan,3.584820,-35.321200,17.817400,1.329740,0.224544,1.180800,nan,-0.444220,0.555283,-0.731464,-1.955156,-2.490243,2.375968,0.646477,0.001192,0.000660,-0.000282,0.000204,0.000836,0.000558,0.001061,0.292713,-34.793369,-11.038407,18.244087,-0.426748,-1.656871,-0.040236
1750016735.206020,0.974578,0.353008,0.275989,-0.207557,0.209498,0.716916,nan,-0.000299,0.000000,0.000000,0.000000,0.000000,0.000000,nan,3.894950,-34.729400,17.368200,1.331180,0.221665,1.144870,nan,-0.444222,0.555283,-0.731468,-1.955154,-2.490245,2.375966,0.646474,0.000816,-0.000621,-0.002067,0.000377,-0.001113,-0.000117,0.000420,0.316517,-34.765598,-11.014604,18.220284,-0.420339,-1.644054,-0.020094
1750016735.239753,0.974590,0.353008,0.275977,-0.207557,0.209498,0.716892,nan,0.000000,0.000000,0.000000,0.000000,0.000000,0.000000,nan,3.574530,-34.729400,17.853400,1.331180,0.218790,1.215300,nan,-0.444223,0.555282,-0.731464,-1.955154,-2.490244,2.375965,0.646469,-0.000366,-0.000659,-0.000304,-0.000391,0.001011,0.000125,-0.001354,0.316517,-34.741795,-11.038407,18.220284,-0.420339,-1.631236,0.026598
1750016735.272891,0.974578,0.353008,0.275977,-0.207557,0.209486,0.716892,nan,0.000000,0.000000,0.000000,0.000000,0.000000,0.000000,nan,3.873990,-34.729400,17.853400,1.331180,0.253285,1.215300,nan,-0.444224,0.555289,-0.731462,-1.955159,-2.490243,2.375966,0.646477,-0.000727,0.001843,-0.000864,-0.001247,0.001495,-0.000330,0.000450,0.344288,-34.840977,-11.066178,18.267891,-0.426748,-1.637645,-0.027419
1750016735.306431,0.974590,0.353008,0.275977,-0.207545,0.209486,0.716904,nan,0.000000,0.000000,0.000000,0.000000,0.000000,0.000000,nan,3.574530,-34.729400,17.871300,1.296680,0.250409,1.179360,nan,-0.444224,0.555284,-0.731462,-1.955156,-2.490243,2.375965,0.646471,-0.001035,0.000018,0.000670,0.000170,-0.000661,-0.000939,-0.001373,0.344288,-34.765598,-11.066178,18.244087,-0.426748,-1.631236,0.012865
1750016735.339612,0.974590,0.352996,0.275989,-0.207545,0.209498,0.716904,nan,0.000000,0.000000,0.000000,0.000000,0.000000,-0.000012,nan,3.574530,-34.137700,17.422100,1.298120,0.211599,1.178050,nan,-0.444219,0.555282,-0.731459,-1.955156,-2.490242,2.375966,0.646468,0.001322,-0.001295,0.001389,-0.000241,0.000286,0.000089,-0.001211,0.316517,-34.741795,-11.066178,18.244087,-0.433156,-1.637645,0.033006
1750016735.373015,0.974602,0.353008,0.275989,-0.207545,0.209486,0.716904,nan,0.000000,0.000000,0.000000,0.000000,0.000000,0.000000,nan,3.275080,-34.706700,17.440100,1.334060,0.244658,1.177930,nan,-0.444222,0.555282,-0.731462,-1.955156,-2.490245,2.375967,0.646472,-0.000218,-0.000999,0.000584,0.000361,-0.000698,0.000654,-0.000575,0.316517,-34.741795,-11.066178,18.244087,-0.433156,-1.637645,-0.000868
1750016735.406490,0.974590,0.353008,0.275977,-0.207557,0.209498,0.716904,nan,0.000000,-0.000264,-0.000012,0.000000,0.000000,0.000000,nan,3.574530,-34.675100,17.477100,1.335490,0.207286,1.177930,nan,-0.444220,0.555284,-0.731464,-1.955151,-2.490242,2.375966,0.646471,0.001535,0.000904,0.000985,0.001829,0.001459,0.000004,0.000323,0.292713,-34.765598,-11.038407,18.168709,-0.433156,-1.637645,-0.013686
1750016735.439713,0.974602,0.353008,0.275989,-0.207545,0.209486,0.716904,nan,0.000000,0.000371,0.000000,0.000000,-0.000036,0.000000,nan,3.275080,-34.728500,17.458100,1.299560,0.243576,1.177930,nan,-0.444224,0.555286,-0.731462,-1.955156,-2.490242,2.375966,0.646476,0.000271,0.001324,-0.000603,0.000169,0.000969,-0.000078,0.000948,0.344288,-34.793369,-11.066178,18.244087,-0.433156,-1.637645,-0.027419
1750016735.472970,0.974578,0.353008,0.275989,-0.207557,0.209486,0.716892,nan,0.000000,0.000000,0.000000,-0.000012,0.000000,0.000000,nan,3.873990,-34.683900,17.494000,1.374420,0.240339,1.212420,nan,-0.444224,0.555284,-0.731465,-1.955155,-2.490244,2.375967,0.646480,-0.000177,-0.000026,0.000373,-0.000298,0.000706,0.000697,0.001291,0.344288,-34.793369,-11.038407,18.244087,-0.433156,-1.650462,-0.040236
1750016735.506487,0.974602,0.353008,0.275989,-0.207557,0.209486,0.716892,nan,0.000000,0.000000,0.000000,0.000000,0.000000,0.000000,nan,3.275090,-34.683900,17.512000,1.336930,0.237462,1.212420,nan,-0.444222,0.555289,-0.731460,-1.955156,-2.490243,2.375966,0.646476,0.000016,0.000996,0.001437,-0.000276,0.000410,-0.000019,0.001213,0.316517,-34.840977,-11.089982,18.244087,-0.433156,-1.644054,-0.033827
1750016735.539461,0.974578,0.353008,0.275977,-0.207557,0.209486,0.716904,nan,0.000000,0.000311,0.000000,-0.000012,0.000000,0.000000,nan,3.874000,-34.698500,17.997100,1.338490,0.236024,1.176490,nan,-0.444222,0.555284,-0.731464,-1.955156,-2.490241,2.375964,0.646479,0.000440,-0.000034,-0.000038,-0.000668,0.000829,-0.000271,0.000950,0.316517,-34.765598,-11.066178,18.244087,-0.445974,-1.650462,-0.027419
1750016735.572627,0.974590,0.353008,0.276001,-0.207557,0.209498,0.716892,nan,0.000000,0.000000,0.000467,0.000000,0.000000,-0.000587,nan,3.574540,-34.661200,17.056700,1.338370,0.197214,1.216860,nan,-0.444222,0.555284,-0.731464,-1.955154,-2.490241,2.375966,0.646476,0.000688,-0.001417,-0.000501,-0.000787,0.000039,0.000039,0.000186,0.316517,-34.765598,-11.038407,18.220284,-0.439565,-1.644054,-0.020094
1750016735.606981,0.974590,0.353008,0.276001,-0.207557,0.209498,0.716892,nan,0.000000,0.000000,0.000467,0.000000,0.000000,-0.000587,nan,3.574540,-34.661200,17.056700,1.338370,0.197214,1.216860,nan,-0.444226,0.555284,-0.731465,-1.955154,-2.490242,2.375962,0.646471,-0.000307,-0.000919,-0.000736,-0.000086,-0.000019,-0.000994,-0.000359,0.344288,-34.765598,-11.038407,18.220284,-0.445974,-1.637645,0.012865
1750016735.639403,0.974590,0.353008,0.275989,-0.207533,0.209474,0.716904,nan,0.000000,0.000000,0.000000,0.000000,0.000000,0.000000,nan,3.574550,-34.661200,17.547900,1.267940,0.267644,1.175050,nan,-0.444224,0.555283,-0.731465,-1.955153,-2.490241,2.375965,0.646472,-0.000182,-0.001324,-0.000936,-0.000518,-0.001240,-0.000185,-0.000091,0.316517,-34.765598,-11.038407,18.244087,-0.458791,-1.631236,-0.000868
1750016735.673092,0.974590,0.353008,0.275989,-0.207545,0.209486,0.716904,nan,0.000000,0.000000,0.000275,0.000060,0.000000,0.000000,nan,3.574550,-35.207400,17.541100,1.304710,0.228833,1.175050,nan,-0.444220,0.555286,-0.731463,-1.955151,-2.490244,2.375966,0.646472,0.000881,-0.000641,0.000714,0.001362,-0.000130,0.000162,0.000579,0.292713,-34.793369,-11.089982,18.220284,-0.420339,-1.637645,-0.000868
1750016735.707019,0.974602,0.353020,0.275989,-0.207545,0.209474,0.716904,nan,0.000000,0.000000,0.000000,0.000036,0.000000,0.000000,nan,3.275100,-35.207400,17.583800,1.304950,0.261891,1.173610,nan,-0.444226,0.555286,-0.731465,-1.955152,-2.490241,2.375969,0.646476,-0.001066,0.000074,0.000471,0.000411,0.001596,0.001437,0.000489,0.368091,-34.765598,-11.066178,18.220284,-0.445974,-1.656871,-0.027419
1750016735.740162,0.974590,0.353008,0.275989,-0.207545,0.209474,0.716916,nan,0.000024,0.000000,0.000000,0.000000,0.000000,0.000000,nan,3.560900,-34.638400,17.601800,1.306750,0.259014,1.137680,nan,-0.444224,0.555284,-0.731465,-1.955153,-2.490246,2.375966,0.646472,-0.000408,-0.000364,0.000883,-0.000738,-0.000229,0.000297,-0.000375,0.344288,-34.765598,-11.066178,18.244087,-0.439565,-1.637645,-0.000868
1750016735.774598,0.974602,0.352996,0.275989,-0.207557,0.209474,0.716904,nan,0.000000,0.000000,0.000000,0.000000,0.000000,0.000000,nan,3.263120,-34.046700,17.619800,1.344120,0.257577,1.173610,nan,-0.444222,0.555286,-0.731466,-1.955151,-2.490245,2.375964,0.646476,0.000083,-0.000546,-0.000247,0.000305,-0.001583,-0.001045,0.000694,0.316517,-34.765598,-11.066178,18.220284,-0.452382,-1.623912,-0.027419
1750016735.808328,0.974590,0.353008,0.275977,-0.207545,0.209474,0.716904,nan,-0.000192,0.000000,0.000000,0.000000,0.000000,0.000000,nan,3.575990,-34.615700,18.086900,1.308190,0.257574,1.173610,nan,-0.444220,0.555284,-0.731468,-1.955155,-2.490245,2.375966,0.646475,0.000633,-0.001234,-0.001320,-0.000345,0.000343,-0.000448,-0.000520,0.292713,-34.741795,-11.038407,18.267891,-0.439565,-1.637645,-0.027419
1750016735.842241,0.974590,0.353008,0.275989,-0.207545,0.209474,0.716916,nan,0.000000,0.000000,0.000000,0.000168,0.000000,0.000000,nan,3.562590,-34.615700,17.637700,1.307950,0.256134,1.136240,nan,-0.444222,0.555284,-0.731465,-1.955151,-2.490245,2.375965,0.646471,0.000298,-0.000360,-0.000105,0.000940,0.000671,0.000286,0.001194,0.316517,-34.765598,-11.066178,18.220284,-0.445974,-1.631236,-0.027419
1750016735.876168,0.974590,0.353008,0.275989,-0.207545,0.209462,0.716904,nan,0.000000,0.000000,0.000575,0.000359,-0.000575,0.000000,nan,3.562600,-34.615700,17.603900,1.307470,0.259007,1.172180,nan,-0.444226,0.555286,-0.731467,-1.955155,-2.490244,2.375969,0.646475,-0.000753,0.000045,-0.000011,-0.000677,0.000079,0.002011,0.000984,0.368091,-34.793369,-11.038407,18.244087,-0.445974,-1.637645,-0.020094
1750016735.910522,0.974590,0.353008,0.275989,-0.207533,0.209474,0.716904,nan,0.000000,0.000000,0.000132,0.000000,0.000036,0.000000,nan,3.562600,-34.592900,17.643800,1.275130,0.252896,1.206670,nan,-0.444226,0.555286,-0.731465,-1.955155,-2.490244,2.375966,0.646474,-0.001773,0.000103,0.000865,-0.001763,-0.000397,-0.000285,0.001114,0.344288,-34.793369,-11.066178,18.267891,-0.458791,-1.637645,-0.013686
1750016735.944368,0.974614,0.353008,0.275989,-0.207545,0.209486,0.716892,nan,0.000000,0.000000,0.000000,0.000000,0.000000,0.000000,nan,2.963700,-34.592900,17.673700,1.312510,0.215883,1.205240,nan,-0.444224,0.555286,-0.731465,-1.955151,-2.490242,2.375972,0.646472,-0.001034,0.001854,-0.000020,0.000720,0.000187,0.000408,0.001131,0.344288,-34.793369,-11.066178,18.244087,-0.466115,-1.650462,-0.027419
1750016735.978178,0.974602,0.353008,0.275989,-0.207557,0.209474,0.716904,nan,0.000000,0.000000,0.000000,0.000000,-0.000108,0.000000,nan,3.263150,-34.592900,17.673700,1.348440,0.252895,1.169300,nan,-0.444226,0.555284,-0.731465,-1.955151,-2.490242,2.375970,0.646471,0.000569,-0.000864,-0.000105,-0.000585,-0.000218,0.002427,-0.001305,0.344288,-34.765598,-11.066178,18.220284,-0.472524,-1.637645,-0.000868
1750016736.012335,0.974590,0.353008,0.276001,-0.207557,0.209462,0.716916,nan,0.000000,0.000036,0.000000,-0.000359,0.000000,0.000060,nan,3.562610,-34.597200,17.242400,1.353470,0.286312,1.132770,nan,-0.444220,0.555288,-0.731461,-1.955153,-2.490241,2.375966,0.646471,0.000680,0.000105,0.000856,-0.000013,0.001374,-0.000642,-0.000046,0.292713,-34.817173,-11.117753,18.244087,-0.445974,-1.637645,0.012865
1750016736.046204,0.974590,0.352996,0.275989,-0.207545,0.209462,0.716892,nan,-0.000048,0.000000,0.000000,0.000000,0.000000,0.000000,nan,3.565970,-34.001200,17.709600,1.313950,0.284872,1.203800,nan,-0.444224,0.555284,-0.731465,-1.955153,-2.490243,2.375969,0.646477,0.000120,-0.000336,0.000943,-0.000290,-0.000141,-0.000284,0.001813,0.316517,-34.765598,-11.066178,18.220284,-0.466115,-1.631236,-0.040236
1750016736.080075,0.974602,0.353008,0.275977,-0.207545,0.209474,0.716904,nan,0.000036,0.000000,0.000000,0.000000,0.000000,0.000000,nan,3.260660,-34.570100,18.176700,1.315380,0.247499,1.167860,nan,-0.444224,0.555285,-0.731465,-1.955153,-2.490241,2.375969,0.646473,-0.000064,0.000118,0.000624,-0.000801,0.000053,-0.000593,0.001096,0.316517,-34.793369,-11.066178,18.244087,-0.452382,-1.631236,-0.013686
1750016736.114457,0.974590,0.353020,0.276001,-0.207557,0.209474,0.716916,nan,0.000000,0.000000,0.000000,0.000000,0.000000,0.000000,nan,3.550660,-35.139100,17.278400,1.316820,0.246058,1.166430,nan,-0.444226,0.555288,-0.731465,-1.955150,-2.490240,2.375965,0.646477,-0.000538,0.001102,0.000978,-0.000296,-0.001113,-0.000815,0.001627,0.368091,-34.817173,-11.066178,18.220284,-0.466115,-1.623912,-0.040236
1750016736.148349,0.974602,0.353008,0.275989,-0.207545,0.209474,0.716916,nan,0.000000,0.000000,-0.000060,0.000000,0.000000,0.000000,nan,3.251210,-34.570100,17.750900,1.316820,0.246058,1.130490,nan,-0.444222,0.555286,-0.731464,-1.955154,-2.490245,2.375966,0.646475,0.000425,-0.000322,0.001043,-0.001714,0.000062,-0.000632,0.002646,0.316517,-34.793369,-11.089982,18.244087,-0.452382,-1.631236,-0.020094
1750016736.182163,0.974602,0.352996,0.275989,-0.207545,0.209486,0.716904,nan,0.000000,0.000000,0.000000,0.000000,0.000000,0.000000,nan,3.251210,-33.978400,17.745500,1.318260,0.210121,1.166430,nan,-0.444224,0.555284,-0.731468,-1.955157,-2.490244,2.375969,0.646471,-0.000626,0.000306,-0.000673,-0.001334,-0.000177,0.001585,-0.000493,0.344288,-34.765598,-11.066178,18.291695,-0.458791,-1.623912,0.012865
1750016736.216587,0.974578,0.353008,0.276001,-0.207533,0.209486,0.716904,nan,0.000000,0.000000,0.000000,0.000000,0.000000,0.000000,nan,3.850120,-34.547400,17.314300,1.283760,0.208682,1.164990,nan,-0.444220,0.555288,-0.731466,-1.955155,-2.490243,2.375970,0.646475,0.001576,0.001474,0.000225,0.000135,-0.000536,0.001559,0.000031,0.292713,-34.817173,-11.066178,18.267891,-0.466115,-1.631236,-0.027419
1750016736.250708,0.974578,0.353020,0.275989,-0.207545,0.209486,0.716892,nan,0.000000,0.000000,0.000575,0.000000,0.000000,0.000000,nan,3.550660,-35.116300,17.729700,1.321140,0.207244,1.200920,nan,-0.444224,0.555282,-0.731465,-1.955155,-2.490242,2.375971,0.646472,-0.000552,-0.000641,0.000878,-0.002272,0.000925,0.000838,-0.000605,0.344288,-34.741795,-11.066178,18.267891,-0.472524,-1.644054,-0.000868
1750016736.284427,0.974602,0.353020,0.276001,-0.207545,0.209486,0.716904,nan,0.000000,0.000000,0.000000,0.000000,0.000000,0.000000,nan,3.251210,-35.116300,17.332300,1.322570,0.207244,1.163550,nan,-0.444220,0.555286,-0.731466,-1.955155,-2.490241,2.375970,0.646474,0.001389,0.000457,-0.000384,-0.001559,0.000911,-0.000185,-0.000071,0.292713,-34.793369,-11.066178,18.267891,-0.472524,-1.631236,-0.013686
1750016736.318133,0.974590,0.353008,0.276001,-0.207533,0.209474,0.716904,nan,0.000000,-0.000108,0.000000,0.000000,0.000000,0.000000,nan,3.550660,-34.534400,17.350200,1.288080,0.241740,1.162120,nan,-0.444220,0.555284,-0.731467,-1.955151,-2.490243,2.375969,0.646475,0.000698,-0.000933,-0.000845,0.000568,-0.000227,-0.000772,0.000520,0.292713,-34.765598,-11.038407,18.220284,-0.466115,-1.623912,-0.020094
1750016736.352395,0.974602,0.353008,0.275989,-0.207533,0.209474,0.716904,nan,0.000000,0.000156,0.000000,0.000000,0.000000,0.000000,nan,3.251210,-34.543300,17.799400,1.288080,0.240301,1.162120,nan,-0.444219,0.555286,-0.731470,-1.955153,-2.490244,2.375969,0.646470,0.001053,-0.000250,-0.000765,-0.000301,-0.000037,0.000551,-0.000498,0.268909,-34.793369,-11.038407,18.244087,-0.491750,-1.623912,0.019273
1750016736.386111,0.974602,0.353020,0.276001,-0.207557,0.209462,0.716904,nan,0.000000,0.000000,0.000000,0.000000,0.000000,0.000000,nan,3.251210,-35.093600,17.350200,1.361380,0.276235,1.162120,nan,-0.444223,0.555288,-0.731467,-1.955151,-2.490241,2.375970,0.646475,-0.001434,0.000683,-0.000300,-0.000263,0.000840,0.000342,0.000427,0.292713,-34.793369,-11.038407,18.220284,-0.472524,-1.631236,-0.040236
1750016736.420399,0.974590,0.353020,0.275989,-0.207533,0.209462,0.716904,nan,0.000000,0.000000,0.000000,0.000060,-0.000240,0.000000,nan,3.550670,-35.093600,17.817400,1.288920,0.277193,1.160680,nan,-0.444223,0.555289,-0.731468,-1.955153,-2.490244,2.375969,0.646474,0.000260,0.001331,-0.001000,-0.000520,-0.000592,-0.000166,0.000515,0.292713,-34.840977,-11.038407,18.244087,-0.458791,-1.623912,-0.020094
1750016736.454172,0.974590,0.353008,0.276001,-0.207545,0.209474,0.716904,nan,0.000000,0.000000,0.000000,-0.000252,0.000000,0.000036,nan,3.550660,-34.524600,17.386200,1.330840,0.237425,1.158880,nan,-0.444225,0.555288,-0.731470,-1.955155,-2.490243,2.375969,0.646475,-0.000766,0.000416,-0.000094,-0.000336,0.000364,-0.000128,0.001061,0.316517,-34.793369,-11.014604,18.267891,-0.472524,-1.623912,-0.027419
1750016736.488607,0.974590,0.353020,0.275989,-0.207533,0.209462,0.716904,nan,0.000000,0.000000,0.000000,0.000000,0.000000,0.000000,nan,3.538680,-34.524600,17.835300,1.292390,0.271921,1.159240,nan,-0.444225,0.555286,-0.731463,-1.955151,-2.490243,2.375969,0.646467,-0.000638,-0.001033,0.001451,0.000429,-0.000346,-0.000046,-0.002592,0.316517,-34.793369,-11.089982,18.220284,-0.478933,-1.623912,0.019273
1750016736.522105,0.974602,0.353008,0.275989,-0.207533,0.209474,0.716904,nan,-0.000563,0.000048,0.000048,0.000467,0.000000,0.000000,nan,3.278630,-34.530400,17.831000,1.289160,0.235986,1.159240,nan,-0.444222,0.555286,-0.731465,-1.955151,-2.490241,2.375969,0.646470,0.000677,-0.000219,0.000229,0.000798,-0.000048,0.000188,-0.001266,0.268909,-34.793369,-11.066178,18.220284,-0.485341,-1.623912,0.012865
1750016736.556530,0.974590,0.353008,0.276001,-0.207533,0.209486,0.716892,nan,0.000000,-0.000072,0.000000,0.000000,0.000000,0.000000,nan,3.538670,-34.516000,17.404100,1.293830,0.198612,1.193740,nan,-0.444226,0.555288,-0.731467,-1.955153,-2.490243,2.375971,0.646467,-0.000235,0.000953,0.000120,-0.000120,-0.001237,0.000501,-0.002853,0.368091,-34.817173,-11.038407,18.244087,-0.466115,-1.644054,0.039415
1750016736.590472,0.974602,0.353008,0.276001,-0.207545,0.209462,0.716880,nan,0.000000,0.000000,0.000000,0.000000,0.000000,0.000000,nan,3.239220,-35.070800,17.422100,1.331200,0.270480,1.229670,nan,-0.444221,0.555288,-0.731468,-1.955148,-2.490243,2.375969,0.646471,0.001448,-0.000104,-0.000398,-0.000002,-0.000629,-0.000623,-0.000824,0.292713,-34.817173,-11.066178,18.220284,-0.472524,-1.623912,0.012865
1750016736.624509,0.974602,0.353008,0.275989,-0.207533,0.209474,0.716904,nan,0.000000,0.000000,0.000000,-0.000204,0.000000,0.000000,nan,3.239220,-34.501900,17.871300,1.298740,0.234545,1.156370,nan,-0.444225,0.555286,-0.731466,-1.955154,-2.490241,2.375969,0.646470,-0.000904,0.000074,0.001012,0.000450,-0.000675,-0.000090,-0.001403,0.316517,-34.793369,-11.066178,18.267891,-0.478933,-1.623912,0.019273
1750016736.658443,0.974602,0.353020,0.276001,-0.207545,0.209474,0.716892,nan,0.000000,0.000000,0.000000,0.000000,0.000000,0.000000,nan,3.239220,-35.070800,17.440100,1.332640,0.233107,1.192300,nan,-0.444226,0.555289,-0.731470,-1.955152,-2.490243,2.375971,0.646471,-0.000431,0.001235,-0.000880,-0.000143,-0.000744,0.000486,0.000091,0.344288,-34.817173,-11.038407,18.267891,-0.466115,-1.644054,-0.013686
1750016736.692227,0.974602,0.353020,0.276001,-0.207545,0.209474,0.716892,nan,0.000000,0.000000,0.000000,0.000000,0.000000,0.000000,nan,3.239220,-35.070800,17.440100,1.332640,0.233107,1.192300,nan,-0.444225,0.555279,-0.731468,-1.955148,-2.490242,2.375971,0.646472,-0.000251,-0.000914,0.000142,0.001095,0.000148,-0.000113,0.000559,0.316517,-34.741795,-11.066178,18.220284,-0.472524,-1.637645,-0.000868
1750016736.739347,0.974590,0.353020,0.276001,-0.207533,0.209462,0.716916,nan,0.000000,0.000000,0.000000,-0.000060,0.000000,0.000000,nan,3.538680,-35.070800,17.458000,1.300180,0.267602,1.118990,nan,-0.444222,0.555286,-0.731468,-1.955148,-2.490244,2.375971,0.646472,0.001488,0.000135,-0.000012,0.000859,-0.000214,0.000108,-0.000192,0.268909,-34.793369,-11.066178,18.220284,-0.485341,-1.637645,-0.000868
1750016736.773097,0.974602,0.353008,0.276001,-0.207557,0.209474,0.716892,nan,0.000000,0.000000,0.000000,0.000000,0.000000,0.000000,nan,3.227250,-34.479100,17.476000,1.371450,0.230229,1.190860,nan,-0.444228,0.555288,-0.731468,-1.955151,-2.490241,2.375968,0.646470,-0.001845,0.000563,-0.001070,0.000478,-0.000217,-0.001263,-0.001151,0.344288,-34.817173,-11.038407,18.220284,-0.478933,-1.617503,0.019273
1750016736.806378,0.974602,0.353020,0.276001,-0.207521,0.209474,0.716904,nan,0.000000,0.000000,0.000000,0.000000,0.000000,0.000000,nan,3.227250,-35.048100,17.476000,1.265080,0.230227,1.154930,nan,-0.444225,0.555282,-0.731471,-1.955148,-2.490236,2.375971,0.646476,0.000680,-0.000899,-0.000427,0.000376,0.002632,0.000923,0.002417,0.316517,-34.741795,-11.038407,18.220284,-0.498159,-1.644054,-0.033827
1750016736.839565,0.974602,0.353020,0.276001,-0.207545,0.209474,0.716892,nan,0.000000,0.000000,-0.000036,0.000000,0.000000,0.000000,nan,3.227250,-35.617000,17.497200,1.336950,0.230227,1.190860,nan,-0.444223,0.555284,-0.731465,-1.955148,-2.490242,2.375969,0.646467,0.001715,-0.001222,0.000894,-0.000317,0.000582,0.000129,-0.001731,0.292713,-34.765598,-11.089982,18.244087,-0.472524,-1.623912,0.012865
1750016736.872777,0.974602,0.353008,0.276012,-0.207533,0.209474,0.716904,nan,0.000000,0.000000,0.000000,0.000000,0.000000,0.000000,nan,3.227250,-34.479100,17.044800,1.302460,0.230227,1.154930,nan,-0.444223,0.555286,-0.731464,-1.955148,-2.490246,2.375969,0.646474,0.000187,0.000751,0.001311,-0.000005,-0.001368,0.000644,0.001526,0.292713,-34.793369,-11.117753,18.220284,-0.472524,-1.623912,-0.013686
1750016736.906079,0.974590,0.353020,0.276001,-0.207545,0.209474,0.716892,nan,0.000000,0.000000,0.000000,0.000000,-0.000479,0.000000,nan,3.526700,-35.048100,17.494000,1.338390,0.233579,1.189430,nan,-0.444225,0.555286,-0.731466,-1.955150,-2.490244,2.375972,0.646470,0.000120,-0.000667,0.000699,-0.000862,-0.000940,0.000121,-0.000353,0.316517,-34.793369,-11.089982,18.244087,-0.491750,-1.623912,0.019273
1750016736.939300,0.974614,0.353020,0.276012,-0.207545,0.209462,0.716892,nan,-0.000036,-0.000144,0.000000,0.000000,0.000000,0.000000,nan,3.229770,-35.030800,17.062700,1.339830,0.228787,1.189430,nan,-0.444223,0.555288,-0.731470,-1.955146,-2.490243,2.375971,0.646475,-0.001055,0.000210,-0.000452,0.000724,0.001331,0.000363,0.001608,0.316517,-34.817173,-11.038407,18.196480,-0.491750,-1.631236,-0.020094
1750016736.972585,0.974590,0.353008,0.276001,-0.207533,0.209474,0.716892,nan,-0.000060,-0.000024,0.000000,0.000036,0.000000,0.000000,nan,3.518920,-34.453500,17.511900,1.303530,0.228786,1.189430,nan,-0.444223,0.555281,-0.731468,-1.955150,-2.490243,2.375971,0.646470,0.000031,-0.001167,0.000711,-0.000619,-0.001762,0.000788,-0.001119,0.316517,-34.741795,-11.066178,18.244087,-0.478933,-1.637645,0.019273
1750016737.006380,0.974602,0.353020,0.276001,-0.207533,0.209486,0.716892,nan,0.000000,0.000000,-0.000012,0.000000,0.000000,0.000000,nan,3.215270,-35.025300,17.531000,1.305330,0.191413,1.187990,nan,-0.444226,0.555285,-0.731464,-1.955149,-2.490242,2.375968,0.646473,-0.000811,0.000619,-0.000255,0.001242,0.001024,-0.001745,-0.000720,0.316517,-34.793369,-11.089982,18.244087,-0.478933,-1.611095,-0.007277
1750016737.039447,0.974602,0.353008,0.276001,-0.207533,0.209474,0.716880,nan,0.000000,0.000000,0.000000,0.000000,0.000000,-0.000299,nan,3.215270,-34.456300,17.529900,1.305330,0.227347,1.226920,nan,-0.444222,0.555288,-0.731470,-1.955150,-2.490240,2.375973,0.646472,0.000255,0.001266,-0.000084,0.000222,0.000550,0.000536,0.000099,0.268909,-34.817173,-11.038407,18.244087,-0.491750,-1.623912,-0.000868
1750016737.072613,0.974590,0.353008,0.276001,-0.207533,0.209474,0.716880,nan,0.000000,0.000000,0.000000,0.000000,0.000000,0.000000,nan,3.514710,-34.456300,17.529900,1.306770,0.227347,1.223920,nan,-0.444225,0.555284,-0.731472,-1.955152,-2.490244,2.375974,0.646472,0.000121,-0.000742,-0.001354,-0.000703,-0.000605,0.000572,0.000159,0.316517,-34.793369,-11.014604,18.267891,-0.485341,-1.631236,-0.000868
1750016737.106474,0.974590,0.353020,0.276001,-0.207533,0.209486,0.716892,nan,0.000000,0.000000,0.000000,0.000000,0.000000,0.000000,nan,3.814160,-35.025300,17.547800,1.306770,0.189975,1.187990,nan,-0.444224,0.555286,-0.731467,-1.955148,-2.490239,2.375976,0.646468,0.000396,0.000621,0.000434,0.000080,0.000266,0.000106,-0.000112,0.292713,-34.793369,-11.089982,18.220284,-0.498159,-1.644054,0.033006
1750016737.139418,0.974590,0.353008,0.276012,-0.207533,0.209474,0.716892,nan,-0.000036,0.000000,0.000000,-0.000647,-0.000515,0.000000,nan,3.517210,-35.002500,17.098700,1.313240,0.229619,1.187990,nan,-0.444222,0.555288,-0.731468,-1.955146,-2.490245,2.375973,0.646468,-0.000017,0.000242,0.000148,0.000060,-0.000307,0.000633,-0.001604,0.268909,-34.817173,-11.066178,18.196480,-0.478933,-1.617503,0.033006
1750016737.172638,0.974590,0.353008,0.276001,-0.207545,0.209474,0.716904,nan,0.000048,0.000000,-0.000647,0.000000,0.000000,0.000000,nan,3.499360,-34.433600,17.606100,1.344140,0.224468,1.187990,nan,-0.444224,0.555286,-0.731466,-1.955150,-2.490243,2.375975,0.646475,0.000380,-0.000062,0.000510,-0.000576,-0.001004,0.001003,0.000286,0.316517,-34.793369,-11.089982,18.244087,-0.478933,-1.631236,-0.020094
1750016737.206586,0.974590,0.353008,0.276001,-0.207545,0.209474,0.716904,nan,0.000048,0.000000,-0.000647,0.000000,0.000000,0.000000,nan,3.499370,-34.433600,17.606100,1.344140,0.224468,1.187990,nan,-0.444224,0.555283,-0.731470,-1.955149,-2.490240,2.375975,0.646468,0.000290,-0.000655,-0.000307,-0.000162,0.000253,-0.000034,0.001214,0.292713,-34.793369,-11.038407,18.267891,-0.498159,-1.637645,0.033006
1750016737.239619,0.974602,0.353020,0.276001,-0.207533,0.209450,0.716892,nan,0.000000,0.000000,0.000000,-0.000060,0.000000,0.000000,nan,3.203270,-35.002500,17.565800,1.310240,0.296335,1.187990,nan,-0.444226,0.555282,-0.731466,-1.955148,-2.490239,2.375973,0.646473,-0.000608,-0.001280,0.000187,0.000706,0.000886,-0.000911,0.000138,0.292713,-34.741795,-11.089982,18.220284,-0.505483,-1.617503,-0.000868
1750016737.272722,0.974590,0.353020,0.276001,-0.207521,0.209462,0.716904,nan,0.000000,0.000000,-0.000623,0.000000,0.000000,0.000000,nan,3.502730,-35.002500,17.621900,1.273710,0.294897,1.152050,nan,-0.444229,0.555286,-0.731471,-1.955146,-2.490242,2.375973,0.646475,-0.001632,0.001087,-0.000748,0.000347,-0.000019,-0.001287,0.000669,0.368091,-34.793369,-11.038407,18.220284,-0.511892,-1.623912,-0.027419
1750016737.305947,0.974602,0.353008,0.276001,-0.207521,0.209462,0.716904,nan,0.000000,0.000000,0.000000,0.000156,0.000000,0.000000,nan,3.203270,-34.410800,17.583800,1.308090,0.256085,1.152050,nan,-0.444224,0.555288,-0.731467,-1.955146,-2.490244,2.375975,0.646471,-0.000101,0.000989,-0.000602,0.000598,-0.000607,0.000460,0.000162,0.292713,-34.817173,-11.089982,18.196480,-0.498159,-1.631236,0.012865
1750016737.339639,0.974578,0.353008,0.276001,-0.207533,0.209474,0.716916,nan,0.000036,0.000000,0.000000,0.000000,0.000000,0.000000,nan,3.787700,-34.410800,17.583800,1.311080,0.218714,1.152050,nan,-0.444222,0.555288,-0.731472,-1.955149,-2.490241,2.375972,0.646469,0.000660,0.001139,-0.000702,0.000676,0.001336,-0.000968,-0.002387,0.268909,-34.817173,-11.014604,18.244087,-0.511892,-1.611095,0.026598
1750016737.372780,0.974602,0.353008,0.276001,-0.207533,0.209462,0.716904,nan,0.000000,0.000000,0.000072,-0.000407,0.000000,0.000000,nan,3.191300,-34.410800,17.595300,1.315150,0.218713,1.152050,nan,-0.444226,0.555286,-0.731472,-1.955152,-2.490242,2.375974,0.646470,-0.000259,-0.000324,-0.000237,-0.000825,-0.000536,0.001571,-0.001336,0.292713,-34.793369,-11.014604,18.267891,-0.518300,-1.623912,0.019273
1750016737.406654,0.974602,0.353008,0.276012,-0.207521,0.209474,0.716892,nan,0.000000,0.000000,-0.000012,0.000000,0.000000,0.000000,nan,3.191310,-34.410800,17.602800,1.276580,0.218712,1.187990,nan,-0.444225,0.555282,-0.731468,-1.955146,-2.490238,2.375975,0.646468,-0.001038,-0.001785,0.000792,0.000389,0.001187,0.000608,-0.001143,0.344288,-34.741795,-11.066178,18.220284,-0.505483,-1.631236,0.026598
1750016737.440309,0.974602,0.353008,0.276001,-0.207533,0.209474,0.716904,nan,-0.000012,0.000084,0.000000,0.000000,0.000000,0.000000,nan,3.204130,-34.420900,17.601700,1.312520,0.217273,1.152050,nan,-0.444225,0.555289,-0.731464,-1.955153,-2.490242,2.375973,0.646474,-0.000638,0.001634,0.000983,-0.001571,-0.000085,-0.000293,-0.001059,0.316517,-34.793369,-11.117753,18.291695,-0.518300,-1.617503,-0.027419
1750016737.474563,0.974602,0.353008,0.276012,-0.207533,0.209462,0.716904,nan,0.000000,0.000000,0.000000,0.000000,0.000000,0.000000,nan,3.191310,-34.388100,17.152600,1.312520,0.290579,1.150620,nan,-0.444224,0.555286,-0.731467,-1.955148,-2.490240,2.375974,0.646470,-0.000105,0.000414,-0.000044,-0.000152,0.001260,0.000197,0.000072,0.292713,-34.793369,-11.089982,18.220284,-0.524709,-1.623912,0.006456
1750016737.508255,0.974602,0.353020,0.276012,-0.207521,0.209474,0.716892,nan,0.000000,0.000000,0.000000,-0.000072,0.000000,0.000000,nan,3.191310,-34.957000,17.170500,1.278740,0.215836,1.186550,nan,-0.444227,0.555286,-0.731468,-1.955146,-2.490241,2.375973,0.646475,-0.002312,0.000296,0.000919,0.000476,0.001286,-0.000061,0.000520,0.344288,-34.765598,-11.066178,18.220284,-0.518300,-1.617503,-0.020094
1750016737.542581,0.974590,0.353020,0.275989,-0.207533,0.209462,0.716904,nan,0.000000,-0.000144,0.000000,0.000000,0.000000,0.000000,nan,3.490760,-34.939800,18.068900,1.313950,0.250333,1.150620,nan,-0.444224,0.555282,-0.731466,-1.955148,-2.490242,2.375974,0.646474,-0.000277,-0.000225,0.000608,0.000449,0.000417,0.000070,0.001557,0.292713,-34.741795,-11.089982,18.220284,-0.518300,-1.623912,-0.013686
1750016737.576368,0.974602,0.353008,0.276012,-0.207533,0.209450,0.716904,nan,0.000048,0.000000,0.000000,0.000000,0.000000,0.000000,nan,3.187960,-34.388100,17.619700,1.313950,0.287705,1.150620,nan,-0.444220,0.555288,-0.731468,-1.955146,-2.490243,2.375975,0.646474,0.001554,0.000586,-0.001101,-0.000055,0.000132,0.000031,0.001157,0.268909,-34.817173,-11.066178,18.220284,-0.505483,-1.631236,-0.007277
1750016737.610681,0.974590,0.352996,0.276012,-0.207533,0.209462,0.716892,nan,0.000000,0.000000,0.000000,0.000000,0.000000,0.000000,nan,3.478780,-33.796300,17.170500,1.313950,0.248896,1.186550,nan,-0.444224,0.555286,-0.731468,-1.955150,-2.490242,2.375975,0.646465,0.000116,-0.000015,0.000226,-0.001018,-0.000738,0.000290,-0.002022,0.292713,-34.793369,-11.066178,18.244087,-0.511892,-1.631236,0.033006
1750016737.644577,0.974602,0.353008,0.276001,-0.207533,0.209462,0.716892,nan,0.000000,0.000000,0.000000,0.000000,0.000000,0.000000,nan,3.179330,-34.365300,17.637700,1.315390,0.248895,1.186550,nan,-0.444226,0.555286,-0.731470,-1.955148,-2.490242,2.375975,0.646472,-0.000245,0.000212,0.000619,-0.000400,-0.000670,0.000427,-0.000762,0.316517,-34.793369,-11.038407,18.220284,-0.498159,-1.631236,-0.000868
1750016737.678414,0.974602,0.353008,0.275989,-0.207533,0.209474,0.716904,nan,0.000000,0.000000,0.000000,0.000000,0.000000,0.000000,nan,3.179330,-34.934300,18.086800,1.279460,0.211522,1.150620,nan,-0.444224,0.555288,-0.731471,-1.955152,-2.490241,2.375973,0.646475,-0.000389,0.001094,-0.001736,-0.001004,-0.000025,-0.000758,0.000166,0.292713,-34.817173,-11.038407,18.267891,-0.518300,-1.617503,-0.020094
1750016737.712331,0.974590,0.353020,0.276001,-0.207533,0.209462,0.716892,nan,0.000000,0.000036,0.000000,0.000108,0.000000,0.000000,nan,3.478790,-34.915800,17.637700,1.350250,0.246018,1.186550,nan,-0.444222,0.555284,-0.731471,-1.955150,-2.490243,2.375975,0.646475,-0.000698,-0.000764,-0.000910,-0.000090,-0.000100,-0.000459,0.000770,0.268909,-34.765598,-11.066178,18.244087,-0.505483,-1.631236,-0.020094
1750016737.746146,0.974590,0.353020,0.276001,-0.207533,0.209462,0.716904,nan,0.000012,-0.000228,0.000000,-0.000012,0.000000,0.000000,nan,3.465970,-34.907000,17.637700,1.316950,0.246018,1.150620,nan,-0.444225,0.555284,-0.731468,-1.955148,-2.490243,2.375974,0.646468,-0.000035,-0.001041,0.000825,0.000355,-0.000203,-0.000066,-0.000377,0.316517,-34.741795,-11.066178,18.220284,-0.505483,-1.623912,0.033006
1750016737.780499,0.974590,0.353020,0.275989,-0.207533,0.209462,0.716892,nan,-0.000395,0.000000,0.000000,0.000000,0.000000,0.000000,nan,3.482500,-34.911500,18.104800,1.316830,0.244580,1.186550,nan,-0.444224,0.555288,-0.731467,-1.955150,-2.490242,2.375975,0.646471,0.000444,0.001186,0.000422,-0.000367,-0.001063,0.000055,-0.000168,0.292713,-34.817173,-11.089982,18.244087,-0.524709,-1.611095,0.012865
1750016737.814318,0.974590,0.353008,0.276001,-0.207533,0.209474,0.716892,nan,0.000000,0.000000,0.000000,0.000000,0.000000,-0.000455,nan,3.466820,-34.342600,17.655600,1.316830,0.208645,1.189670,nan,-0.444223,0.555288,-0.731471,-1.955147,-2.490241,2.375975,0.646474,0.000970,0.000837,-0.001335,0.001718,0.000466,0.000012,0.001009,0.268909,-34.817173,-11.038407,18.220284,-0.524709,-1.631236,-0.013686
1750016737.848049,0.974602,0.353008,0.275989,-0.207521,0.209462,0.716904,nan,0.000000,0.000000,0.000000,0.000000,0.000000,0.000000,nan,3.155390,-34.342600,18.104800,1.282330,0.244579,1.149180,nan,-0.444224,0.555284,-0.731468,-1.955150,-2.490245,2.375976,0.646475,-0.000302,-0.000712,0.000711,-0.000677,-0.000179,0.000467,0.000519,0.316517,-34.765598,-11.066178,18.244087,-0.518300,-1.644054,-0.020094
1750016737.882269,0.974590,0.353020,0.276001,-0.207533,0.209462,0.716880,nan,0.000491,0.000527,0.000000,0.000000,0.000000,0.000000,nan,3.432450,-34.952000,17.673600,1.318270,0.243141,1.221050,nan,-0.444222,0.555287,-0.731471,-1.955148,-2.490242,2.375972,0.646473,0.000377,0.000786,-0.000274,0.000323,-0.000103,-0.000818,0.000131,0.268909,-34.765598,-11.066178,18.220284,-0.511892,-1.611095,-0.013686
1750016737.916693,0.974590,0.353008,0.276001,-0.207533,0.209462,0.716916,nan,0.000000,0.000000,0.000000,0.000000,0.000000,0.000000,nan,3.454850,-34.319800,17.673600,1.318270,0.243141,1.113240,nan,-0.444225,0.555286,-0.731471,-1.955147,-2.490241,2.375972,0.646466,-0.001149,-0.000190,-0.000318,0.000744,0.000728,-0.000983,-0.001522,0.316517,-34.793369,-11.038407,18.220284,-0.524709,-1.611095,0.053148
1750016737.950272,0.974590,0.353008,0.276012,-0.207533,0.209474,0.716904,nan,0.000000,0.000000,0.000000,0.000000,0.000000,0.000000,nan,3.454850,-34.319800,17.224400,1.318270,0.207206,1.149180,nan,-0.444225,0.555282,-0.731467,-1.955147,-2.490246,2.375973,0.646468,-0.000285,-0.001166,0.001260,0.000308,-0.002002,0.000214,-0.001103,0.316517,-34.741795,-11.089982,18.220284,-0.511892,-1.617503,0.033006
1750016737.984008,0.974590,0.353020,0.276001,-0.207533,0.209462,0.716904,nan,0.000000,0.000000,0.000000,0.000000,0.000000,0.000000,nan,3.454850,-34.888800,17.673600,1.319710,0.243140,1.149180,nan,-0.444226,0.555286,-0.731470,-1.955151,-2.490247,2.375974,0.646474,-0.000704,-0.001043,-0.000169,-0.000943,-0.001523,0.000525,0.001595,0.292713,-34.793369,-11.066178,18.267891,-0.511892,-1.623912,-0.013686
1750016738.018251,0.974590,0.353008,0.276001,-0.207521,0.209462,0.716880,nan,-0.000012,0.000000,0.000000,0.000000,0.000000,0.000000,nan,3.455680,-34.319800,17.691600,1.283770,0.241703,1.221050,nan,-0.444223,0.555286,-0.731473,-1.955148,-2.490240,2.375977,0.646475,0.000426,-0.000009,-0.001372,0.000127,0.001029,0.001239,0.001869,0.292713,-34.765598,-11.014604,18.220284,-0.531118,-1.623912,-0.020094
1750016738.052516,0.974578,0.353020,0.276001,-0.207533,0.209462,0.716892,nan,0.000000,0.000000,0.000000,0.000000,0.000000,0.000000,nan,3.742320,-34.888800,17.691600,1.319710,0.241702,1.185110,nan,-0.444225,0.555288,-0.731469,-1.955152,-2.490240,2.375974,0.646479,-0.000295,-0.000067,-0.000866,-0.001085,-0.000601,0.000280,0.001284,0.316517,-34.817173,-11.089982,18.267891,-0.531118,-1.623912,-0.020094
1750016738.086219,0.974590,0.353020,0.276001,-0.207533,0.209462,0.716916,nan,0.000000,0.000000,0.000000,-0.000168,0.000024,0.000000,nan,3.442860,-34.888800,17.691600,1.321380,0.240026,1.113240,nan,-0.444226,0.555287,-0.731467,-1.955148,-2.490240,2.375977,0.646468,-0.000922,0.000317,0.000806,-0.000647,-0.000706,-0.000327,-0.000234,0.316517,-34.817173,-11.117753,18.220284,-0.537526,-1.617503,0.039415
1750016738.120482,0.974578,0.353008,0.276001,-0.207533,0.209462,0.716904,nan,0.000000,0.000000,0.000479,0.000000,0.000000,0.000000,nan,3.742320,-34.319800,17.666400,1.319710,0.240265,1.185110,nan,-0.444224,0.555284,-0.731467,-1.955151,-2.490240,2.375973,0.646470,0.000104,-0.001112,0.001585,0.000018,-0.000438,0.000275,-0.000679,0.292713,-34.765598,-11.089982,18.267891,-0.537526,-1.611095,0.019273
1750016738.154203,0.974590,0.353020,0.276012,-0.207521,0.209462,0.716904,nan,0.000000,0.000000,0.000000,0.000000,0.000000,0.000000,nan,3.442860,-34.888800,17.260300,1.285210,0.240265,1.147740,nan,-0.444222,0.555286,-0.731469,-1.955149,-2.490239,2.375977,0.646474,0.001140,0.000775,0.000005,-0.000657,0.001730,-0.000160,0.001649,0.268909,-34.793369,-11.066178,18.267891,-0.543935,-1.623912,-0.020094
1750016738.188466,0.974590,0.353008,0.276012,-0.207533,0.209474,0.716892,nan,0.000000,-0.000036,0.000000,0.000000,0.000000,0.000000,nan,3.442860,-34.292700,17.709500,1.321140,0.204330,1.183680,nan,-0.444220,0.555280,-0.731473,-1.955149,-2.490239,2.375974,0.646475,0.001413,-0.002232,-0.001412,0.000305,0.000021,0.000170,0.000646,0.241138,-34.714024,-11.014604,18.244087,-0.537526,-1.617503,-0.020094
1750016738.222196,0.974602,0.353008,0.275989,-0.207545,0.209450,0.716892,nan,0.000108,0.000000,0.000000,0.000000,0.000000,0.000000,nan,3.135860,-34.297000,18.158700,1.357080,0.277636,1.183680,nan,-0.444228,0.555282,-0.731469,-1.955143,-2.490242,2.375978,0.646475,-0.001522,-0.000291,0.001358,0.000361,0.000749,0.001398,0.001640,0.316517,-34.741795,-11.066178,18.196480,-0.551259,-1.623912,0.006456
1750016738.256115,0.974578,0.353008,0.276001,-0.207521,0.209450,0.716892,nan,-0.000048,0.000000,-0.000012,0.000000,0.000000,-0.000180,nan,3.434240,-34.297000,17.728600,1.286650,0.277634,1.184040,nan,-0.444224,0.555286,-0.731471,-1.955147,-2.490238,2.375973,0.646474,0.000087,0.000156,-0.000688,0.000752,0.001603,-0.001074,0.001302,0.292713,-34.793369,-11.038407,18.220284,-0.551259,-1.611095,-0.013686
1750016738.290566,0.974590,0.353008,0.276001,-0.207545,0.209450,0.716892,nan,0.000000,0.000000,0.000024,0.000000,0.000000,0.000383,nan,3.430890,-34.297000,17.707400,1.358520,0.277634,1.143910,nan,-0.444222,0.555284,-0.731469,-1.955146,-2.490241,2.375977,0.646471,0.001363,-0.001075,0.000851,0.000046,0.000166,-0.000632,-0.001313,0.268909,-34.765598,-11.089982,18.220284,-0.557668,-1.617503,0.012865
1750016738.324340,0.974590,0.353008,0.276012,-0.207533,0.209462,0.716892,nan,0.000000,0.000000,0.000000,0.000000,0.000000,0.000000,nan,3.430890,-34.297000,17.278300,1.322580,0.238825,1.182240,nan,-0.444222,0.555284,-0.731469,-1.955143,-2.490238,2.375977,0.646471,0.000078,-0.000853,0.001447,0.001482,-0.000062,0.000825,0.000823,0.241138,-34.741795,-11.066178,18.196480,-0.551259,-1.617503,0.012865
1750016738.358076,0.974590,0.353020,0.276012,-0.207545,0.209462,0.716904,nan,0.000000,0.000000,0.000000,0.000000,0.000000,0.000000,nan,3.430890,-34.866000,17.278300,1.358520,0.238824,1.146300,nan,-0.444226,0.555286,-0.731469,-1.955147,-2.490241,2.375973,0.646474,-0.000399,0.000685,-0.000023,0.000337,-0.000512,-0.001361,0.001430,0.292713,-34.793369,-11.066178,18.244087,-0.564077,-1.617503,-0.013686
1750016738.392396,0.974602,0.353008,0.276001,-0.207533,0.209462,0.716904,nan,0.000000,0.000000,0.000000,0.000000,0.000000,0.000024,nan,3.131430,-34.297000,17.727500,1.324020,0.238823,1.144630,nan,-0.444222,0.555286,-0.731471,-1.955147,-2.490241,2.375977,0.646468,0.000905,0.000358,-0.000337,-0.000329,-0.000260,0.001281,-0.001600,0.268909,-34.793369,-11.066178,18.244087,-0.557668,-1.611095,0.033006
1750016738.426594,0.974578,0.353020,0.275989,-0.207521,0.209462,0.716892,nan,0.000000,0.000000,0.000599,0.000000,0.000000,0.000000,nan,3.730340,-34.866000,18.140700,1.288090,0.237386,1.180800,nan,-0.444220,0.555286,-0.731469,-1.955145,-2.490242,2.375977,0.646466,0.001760,0.001049,-0.000184,0.000562,0.000161,-0.000005,-0.001017,0.241138,-34.793369,-11.066178,18.220284,-0.557668,-1.611095,0.026598
1750016738.472939,0.974590,0.353020,0.276001,-0.207521,0.209462,0.716904,nan,-0.000240,0.000000,0.000000,0.000000,0.000000,0.000000,nan,3.435670,-34.866000,17.745500,1.325460,0.237386,1.144870,nan,-0.444227,0.555286,-0.731471,-1.955146,-2.490242,2.375978,0.646470,-0.002024,0.000208,0.000164,-0.000102,-0.000934,0.000859,0.000219,0.292713,-34.793369,-11.066178,18.244087,-0.557668,-1.617503,0.019273
1750016738.506155,0.974590,0.353008,0.276001,-0.207533,0.209450,0.716904,nan,0.000000,0.000000,0.000000,0.000000,0.000000,0.000000,nan,3.418900,-34.297000,17.745500,1.325460,0.274758,1.144870,nan,-0.444224,0.555283,-0.731472,-1.955147,-2.490238,2.375979,0.646468,0.000133,-0.000809,-0.000084,0.000070,0.000160,0.000471,-0.000910,0.268909,-34.765598,-11.038407,18.220284,-0.551259,-1.623912,0.033006
1750016738.539405,0.974602,0.353008,0.276001,-0.207521,0.209474,0.716892,nan,0.000000,0.000000,0.000000,0.000000,0.000000,0.000000,nan,3.119440,-34.297000,17.745500,1.289520,0.201453,1.179360,nan,-0.444223,0.555286,-0.731471,-1.955147,-2.490237,2.375978,0.646472,-0.001078,0.000675,0.000957,0.000182,-0.000671,-0.000047,0.001105,0.268909,-34.793369,-11.066178,18.244087,-0.570485,-1.617503,-0.000868
1750016738.573138,0.974590,0.353020,0.276012,-0.207521,0.209462,0.716904,nan,0.000000,0.000000,-0.000012,0.000000,0.000000,0.000000,nan,3.418880,-34.866000,17.764500,1.290960,0.235949,1.143430,nan,-0.444225,0.555284,-0.731473,-1.955148,-2.490242,2.375976,0.646464,0.000503,-0.000179,-0.000994,-0.000363,0.001339,-0.000203,-0.001926,0.268909,-34.765598,-11.038407,18.220284,-0.557668,-1.604686,0.033006
1750016738.606233,0.974602,0.353020,0.276012,-0.207533,0.209462,0.716892,nan,0.000000,0.000000,0.000000,0.000000,0.000000,0.000000,nan,3.119430,-34.297000,17.314200,1.326890,0.200014,1.179360,nan,-0.444224,0.555289,-0.731473,-1.955142,-2.490241,2.375979,0.646475,-0.000419,0.001600,-0.000389,0.001367,-0.000591,0.000155,0.000762,0.268909,-34.840977,-11.038407,18.196480,-0.564077,-1.623912,-0.013686
1750016738.639334,0.974602,0.353008,0.276001,-0.207533,0.209474,0.716880,nan,0.000000,0.000000,0.000000,0.000000,0.000000,0.000000,nan,3.119430,-34.297000,17.763400,1.326890,0.200014,1.215300,nan,-0.444225,0.555288,-0.731473,-1.955141,-2.490238,2.375979,0.646473,0.001002,0.001379,-0.001292,0.002427,0.000136,0.000366,0.000286,0.268909,-34.793369,-11.038407,18.168709,-0.576894,-1.623912,-0.007277
1750016738.672728,0.974590,0.353008,0.276012,-0.207533,0.209450,0.716892,nan,0.000000,0.000000,0.000000,0.000000,0.000000,0.000000,nan,3.418880,-34.297000,17.314200,1.326890,0.273320,1.177930,nan,-0.444222,0.555282,-0.731470,-1.955147,-2.490240,2.375979,0.646467,0.001375,-0.001154,-0.000012,-0.000096,-0.000792,0.000830,-0.000135,0.268909,-34.741795,-11.089982,18.244087,-0.570485,-1.631236,0.046739
1750016738.706418,0.974590,0.353020,0.276024,-0.207533,0.209450,0.716892,nan,-0.000647,0.000000,0.000000,-0.000311,0.000000,0.000000,nan,3.452180,-34.866000,16.865100,1.331450,0.273320,1.177930,nan,-0.444225,0.555289,-0.731473,-1.955148,-2.490239,2.375979,0.646472,-0.000766,0.001216,-0.000381,-0.000854,0.000037,0.000373,0.001288,0.292713,-34.840977,-11.038407,18.267891,-0.576894,-1.631236,0.012865
1750016738.739678,0.974590,0.353032,0.276001,-0.207533,0.209462,0.716904,nan,0.000000,-0.000036,0.000000,0.000000,0.000000,0.000000,nan,3.406900,-35.407900,17.763400,1.328330,0.235948,1.141990,nan,-0.444225,0.555284,-0.731471,-1.955149,-2.490240,2.375979,0.646472,-0.000607,0.000141,0.000498,-0.001324,0.000251,0.000850,0.000444,0.268909,-34.765598,-11.066178,18.244087,-0.570485,-1.623912,0.006456
1750016738.772786,0.974602,0.353008,0.276012,-0.207533,0.209462,0.716904,nan,0.000000,-0.000012,-0.000539,0.000000,-0.000144,0.000000,nan,3.107450,-34.272800,17.362800,1.328330,0.235947,1.141990,nan,-0.444223,0.555286,-0.731469,-1.955145,-2.490241,2.375979,0.646469,0.000113,-0.000040,0.000266,0.000797,0.000310,0.000571,-0.000352,0.268909,-34.793369,-11.066178,18.220284,-0.564077,-1.623912,-0.000868
1750016738.806093,0.974590,0.353020,0.276012,-0.207545,0.209438,0.716904,nan,0.000000,-0.000347,0.000000,0.000000,0.000000,0.000000,nan,3.406900,-34.824300,17.332200,1.365700,0.307816,1.141990,nan,-0.444229,0.555285,-0.731473,-1.955147,-2.490241,2.375978,0.646475,-0.001210,-0.000660,-0.000775,0.000485,-0.001317,-0.000349,0.001312,0.316517,-34.793369,-11.038407,18.244087,-0.564077,-1.617503,-0.020094
1750016738.839296,0.974590,0.353020,0.276001,-0.207521,0.209462,0.716892,nan,0.000000,0.000000,0.000000,0.000000,0.000000,0.000000,nan,3.406900,-34.843200,17.781400,1.293830,0.234509,1.177930,nan,-0.444223,0.555284,-0.731472,-1.955145,-2.490240,2.375979,0.646472,0.000312,0.000280,0.000324,-0.000017,-0.000625,-0.000167,0.000730,0.268909,-34.765598,-11.089982,18.220284,-0.570485,-1.623912,-0.000868
1750016738.873131,0.974590,0.353020,0.276012,-0.207521,0.209462,0.716892,nan,0.000000,0.000000,0.000000,0.000000,0.000000,0.000000,nan,3.406910,-34.843200,17.332200,1.293840,0.234510,1.177930,nan,-0.444224,0.555285,-0.731471,-1.955148,-2.490239,2.375978,0.646472,0.001481,0.000734,-0.000012,-0.000146,-0.000230,-0.000028,0.001244,0.268909,-34.765598,-11.066178,18.267891,-0.590627,-1.617503,-0.000868
1750016738.906496,0.974590,0.353020,0.276012,-0.207521,0.209462,0.716892,nan,-0.000048,0.000000,0.000000,0.000000,0.000000,0.000000,nan,3.410280,-34.843200,17.332200,1.295270,0.234509,1.176490,nan,-0.444226,0.555280,-0.731470,-1.955147,-2.490240,2.375982,0.646468,-0.001107,-0.002068,0.000584,-0.000718,0.000161,0.001459,0.000013,0.316517,-34.714024,-11.089982,18.244087,-0.570485,-1.617503,0.039415
1750016738.939655,0.974590,0.353008,0.276001,-0.207533,0.209474,0.716892,nan,0.000012,0.000000,0.000000,-0.000120,0.000000,0.000000,nan,3.394110,-34.274300,17.781400,1.333840,0.198575,1.176490,nan,-0.444225,0.555288,-0.731470,-1.955145,-2.490239,2.375977,0.646472,0.000249,0.000661,0.000608,0.000467,-0.000376,-0.000372,0.001036,0.268909,-34.817173,-11.089982,18.220284,-0.576894,-1.611095,-0.000868
1750016738.972826,0.974602,0.353020,0.276001,-0.207533,0.209462,0.716880,nan,0.000000,0.000000,-0.000060,0.000000,0.000000,0.000000,nan,3.095490,-34.843200,17.804800,1.368580,0.271881,1.212420,nan,-0.444223,0.555284,-0.731475,-1.955145,-2.490239,2.375978,0.646471,0.000853,-0.000423,-0.002010,0.000094,-0.000350,-0.000320,0.000479,0.241138,-34.765598,-11.014604,18.220284,-0.583303,-1.617503,0.019273
1750016739.005972,0.974602,0.353020,0.276001,-0.207521,0.209462,0.716892,nan,0.000000,0.000000,-0.000096,0.000000,0.000000,0.000000,nan,3.095490,-34.843200,17.790000,1.296710,0.234510,1.176490,nan,-0.444228,0.555282,-0.731473,-1.955147,-2.490240,2.375977,0.646475,-0.001266,-0.000634,-0.000690,-0.000043,0.000372,-0.001189,0.001986,0.316517,-34.741795,-11.038407,18.244087,-0.576894,-1.611095,-0.020094
1750016739.039686,0.974590,0.353020,0.276012,-0.207533,0.209462,0.716892,nan,0.000000,0.000000,0.000000,0.000084,0.000000,0.000000,nan,3.394940,-34.843200,17.350200,1.333240,0.234509,1.176490,nan,-0.444227,0.555284,-0.731473,-1.955148,-2.490239,2.375979,0.646467,-0.000286,0.000594,-0.000447,-0.001240,0.000584,-0.000792,-0.001841,0.292713,-34.765598,-11.038407,18.267891,-0.576894,-1.623912,0.019273
1750016739.072753,0.974578,0.353020,0.276001,-0.207509,0.209450,0.716904,nan,0.000000,0.000000,0.000000,0.000000,0.000000,0.000000,nan,3.694400,-34.843200,17.799400,1.260780,0.270444,1.140550,nan,-0.444226,0.555286,-0.731471,-1.955148,-2.490238,2.375981,0.646473,-0.000371,0.000531,-0.000048,-0.000800,-0.000315,0.000637,-0.000365,0.241138,-34.793369,-11.066178,18.267891,-0.590627,-1.611095,-0.007277
1750016739.106948,0.974602,0.353008,0.276001,-0.207509,0.209462,0.716880,nan,0.000000,0.000000,0.000000,0.000000,0.000048,0.000000,nan,3.095490,-34.274300,17.799400,1.260780,0.232593,1.212420,nan,-0.444227,0.555286,-0.731471,-1.955142,-2.490240,2.375980,0.646468,-0.001057,0.000286,-0.000310,0.001066,-0.001584,0.000728,-0.001336,0.292713,-34.793369,-11.066178,18.220284,-0.576894,-1.631236,0.039415
1750016739.140561,0.974578,0.353020,0.276012,-0.207533,0.209474,0.716892,nan,-0.000551,0.000000,0.000012,0.000000,0.000000,0.000000,nan,3.720980,-34.843200,17.349100,1.335520,0.197137,1.176490,nan,-0.444227,0.555286,-0.731474,-1.955147,-2.490239,2.375982,0.646472,-0.000355,0.000628,-0.000496,-0.000754,0.000557,0.001444,0.000265,0.292713,-34.793369,-11.066178,18.244087,-0.583303,-1.623912,0.006456
1750016739.174266,0.974578,0.353020,0.276012,-0.207533,0.209474,0.716892,nan,-0.000551,0.000000,0.000012,0.000000,0.000000,0.000000,nan,3.720980,-34.843200,17.349100,1.335520,0.197137,1.176490,nan,-0.444225,0.555286,-0.731473,-1.955143,-2.490236,2.375979,0.646476,0.000602,0.000241,-0.000821,0.000753,0.001301,0.000150,0.001014,0.268909,-34.793369,-11.014604,18.196480,-0.583303,-1.623912,-0.007277
